instance_id,seed,pressure_type,cost_profile,ood_factor,terminated,truncated,task_succeeded,task_failed,termination_reason,decisions,makespan,completed_orders,unfinished_orders,initial_progress,operation_progress,reward_version,initial_preference_quality_score,single_stage_proxy_return,total_flow_time,flow_time_objective,reconfiguration_cost,worker_load_variance,preference,preference_key,preference_quality_score,actual_preference_quality_score,terminal_failure_penalty_configured,terminal_failure_penalty_applied,base_cumulative_reward,training_cumulative_reward,preference_flow,preference_cost,preference_variance,forced_action_state_count,forced_production_count,forced_worker_count,forced_pair_count,forced_wait_count,forced_production_pair_count,forced_production_wait_count,forced_worker_pair_count,forced_worker_wait_count,forced_pair_wait_physically_unavailable_count,forced_wait_pair_physically_unavailable_count,forced_wait_dis_count,forced_wait_ins_count,forced_mixed_wait_stage_count,forced_phase_handoff_count,forced_recovery_wait_count,forced_future_event_wait_count,forced_direct_process_count,forced_commit_reconfig_count,forced_worker_assign_count,forced_action_chain_count,longest_forced_action_chain,mean_forced_action_chain_length,quality_score,heuristic_quality_score,reward_quality_score,heuristic_reward_quality_score,quality_metric_version,quality_metric_sha256,decode_mode,result_role,action_trace_sha256,sampling_seed,sampling_repeat,derived_sampling_seed,sampling_evaluation_key,sampling_rng_version,inference_time_seconds,solve_time_seconds,inference_time_per_decision_ms,heuristic_completed,heuristic_makespan,heuristic_flow_time,heuristic_reconfiguration_cost,heuristic_worker_load_variance,relative_heuristic_gap_percent,makespan_heuristic_gap_percent,reconfiguration_cost_heuristic_gap_percent,worker_load_variance_heuristic_gap_percent,maximum_worker_fatigue,mean_peak_worker_fatigue,safe_fatigue_limit,fatigue_masked_action_count,fatigue_masked_action_ratio,worker_competition_event_count,worker_matching_deficit_event_count,minimum_worker_alternatives,wait_total_ticks,wait_total_time,production_wait_ticks,production_wait_time,worker_wait_ticks,worker_wait_time,wait_min_estimated_deadline_slack_ticks,ranker_top_decision_count,ranker_top_selected_count,ranker_top_selection_rate,context_override_count,context_override_rate,production_pair_plus_wait_state_count,production_decision_state_count,production_pair_plus_wait_ratio,worker_pair_plus_wait_state_count,worker_decision_state_count,worker_pair_plus_wait_ratio,mean_commit_set_logit,reconfiguration_reuse_count,qualification_scarcity_regret,qualification_scarcity_decision_count,wait_reason_counts,wait_mask_reason_counts,direct_process_action_count,commit_reconfig_action_count,worker_assign_action_count,wait_action_count,production_wait_action_count,worker_wait_action_count,machine_waiting_for_worker_time,completed_reconfigurations,worker_switch_ratio,schedule_violation_count,total_effective_load,max_module_load,ready_configuration_gap_ratio,heuristic_reconfiguration_ratio,mean_wave_overlap_ratio
test_balanced_3000000,3000000,balanced,balanced_cost,,False,True,False,True,horizon,103,240.0,8,6,0.0,0.680952380952381,single_stage_progress_quality_failure_v2,0.0,-1.0425244371875397,,3139.5999999999995,76.45820077017,6.278888888888889,"{'flow': 1.0, 'cost': 0.0, 'variance': 0.0}",d17fb47064bdfcb2,1.0,0.7234768181399207,1.0,1.0,-0.04252443718753973,-1.0425244371875397,1.0,0.0,0.0,4,1,3,0,8,0,1,0,3,0,4,0,0,0,0,0,4,0,0,0,4,1,1.0,0.40536015594971897,0.2525464155302223,1.0,0.3238293796134558,canonical_bounded_quality_v1,cd7a75eec571f2801dad1b7bcac15263d02db4a27e1a43d5c6febd3e057f88de,greedy,greedy_diagnostic,a2ef7d2197df47dec9df2cc1c78eaa8102775440b3506f70ad4e1216b684a906,,0,,,,0.9820401599777766,27.33052899991162,9.534370485221132,True,183.3,574.7,331.9508952146,4.3080555556,446.3024186532103,30.93289689034369,-76.96701473850787,45.74763040664648,0.1354085594,0.12708617281666665,0.75,0,0.0,0,0,3,2388,238.8,2296,229.60000000000002,92,9.200000000000001,-347,99,43,0.43434343434343436,3,0.030303030303030304,88,96,0.9166666666666666,3,7,0.42857142857142855,0,6,0,0,"{""external_event:DIS_COMPLETE"": 2, ""external_event:INS_COMPLETE"": 1, ""external_event:ORDER_RELEASE"": 14, ""external_event:PROCESS_COMPLETE"": 37, ""reconfiguration_duration_improved"": 2, ""worker_phase_handoff"": 4}","{""external_event:DIS_COMPLETE"": 4, ""external_event:INS_COMPLETE"": 2, ""external_event:ORDER_RELEASE"": 43, ""external_event:PROCESS_COMPLETE"": 120, ""no_state_progress"": 25, ""reconfiguration_duration_improved"": 4, ""worker_phase_handoff"": 8}",37,2,4,60,57,3,0.0,1,1.0,0,0.26671875,0.1500833333,0.1481481481,0.1481481481,0.2953631692
test_machine_bottleneck_3000001,3000001,machine_bottleneck,labor_dominant,,False,True,False,True,horizon,158,240.0,13,3,0.0,0.940625,single_stage_progress_quality_failure_v2,0.0,-0.7581096856798554,,2783.2000000000007,71.22116610008001,8.75,"{'flow': 1.0, 'cost': 0.0, 'variance': 0.0}",d17fb47064bdfcb2,1.0,0.6987346856798554,1.0,1.0,0.24189031432014463,-0.7581096856798554,1.0,0.0,0.0,10,7,3,0,20,0,7,0,3,0,10,2,2,0,4,0,10,0,0,0,7,2,1.4285714285714286,0.39910036446228664,0.37295740656908716,1.0,0.46834433565194267,canonical_bounded_quality_v1,cd7a75eec571f2801dad1b7bcac15263d02db4a27e1a43d5c6febd3e057f88de,greedy,greedy_diagnostic,977d72641f92a0709e58a8316b64c68ee628fb192c6b13c95e9545be6789338e,,0,,,,1.546823469892876,39.24378849985078,9.790021961347316,True,179.7,1057.1,759.1407361555,2.4447222222,163.28634944659927,33.55592654424041,-90.6181867593137,257.91387342672806,0.1480030936,0.10831749441666667,0.75,0,0.0,0,0,3,2389,238.9,2280,228.0,109,10.9,-161,148,68,0.4594594594594595,6,0.04054054054054054,150,151,0.9933774834437086,5,7,0.7142857142857143,0,18,0,0,"{""external_event:DIS_COMPLETE"": 2, ""external_event:INS_COMPLETE"": 1, ""external_event:ORDER_RELEASE"": 16, ""external_event:PROCESS_COMPLETE"": 63, ""reconfiguration_duration_improved"": 1, ""worker_phase_handoff"": 4}","{""external_event:DIS_COMPLETE"": 4, ""external_event:INS_COMPLETE"": 2, ""external_event:ORDER_RELEASE"": 51, ""external_event:PROCESS_COMPLETE"": 234, ""no_state_progress"": 7, ""reconfiguration_duration_improved"": 10, ""worker_phase_handoff"": 8}",65,2,4,87,84,3,0.0,1,1.0,0,0.3905208333,0.3576666667,0.3676470588,0.2794117647,0.5983225536
test_reconfiguration_bottleneck_3000002,3000002,reconfiguration_bottleneck,fixed_cost_dominant,,False,True,False,True,horizon,159,240.0,12,4,0.0,0.9125,single_stage_progress_quality_failure_v2,0.0,-0.8043943308089744,,3038.7000000000003,84.19996870612,13.868055555555555,"{'flow': 1.0, 'cost': 0.0, 'variance': 0.0}",d17fb47064bdfcb2,1.0,0.7168943308089744,1.0,1.0,0.19560566919102562,-0.8043943308089744,1.0,0.0,0.0,8,5,3,0,16,0,5,0,3,0,8,1,0,0,1,0,8,0,0,0,7,2,1.1428571428571428,0.4251726463904659,0.46248938340024776,1.0,0.514680902693521,canonical_bounded_quality_v1,cd7a75eec571f2801dad1b7bcac15263d02db4a27e1a43d5c6febd3e057f88de,greedy,greedy_diagnostic,1598e58ee7821e6e8b3f6d98236f3cdab388d9b4bc703536b316e7433d434bf6,,0,,,,1.5573567398998753,39.40705069992691,9.794696477357705,True,215.9,1272.6,1648.0583407638,5.0780555556,138.7788778877888,11.162575266327002,-94.89095946281265,173.09775176173648,0.26102210280000004,0.11640532708333334,0.75,0,0.0,0,0,3,2365,236.5,2267,226.70000000000002,98,9.8,-210,151,63,0.41721854304635764,13,0.08609271523178808,149,152,0.9802631578947368,5,7,0.7142857142857143,0,19,0,0,"{""external_event:DIS_COMPLETE"": 2, ""external_event:INS_COMPLETE"": 1, ""external_event:ORDER_RELEASE"": 16, ""external_event:PROCESS_COMPLETE"": 64, ""reconfiguration_duration_improved"": 2, ""worker_phase_handoff"": 4}","{""external_event:DIS_COMPLETE"": 4, ""external_event:INS_COMPLETE"": 2, ""external_event:ORDER_RELEASE"": 61, ""external_event:PROCESS_COMPLETE"": 226, ""no_state_progress"": 11, ""reconfiguration_duration_improved"": 6, ""worker_phase_handoff"": 8}",64,2,4,89,86,3,0.0,1,1.0,0,0.3818229167,0.2333333333,0.5428571429,0.3857142857,0.5873142004
test_worker_bottleneck_3000003,3000003,worker_bottleneck,balanced_cost,,True,False,True,False,completed,180,157.8,16,0,0.0,1.0,single_stage_progress_quality_failure_v2,0.0,0.4148086695011928,1692.8999999999996,1692.8999999999996,133.45147795322,16.05333333333333,"{'flow': 1.0, 'cost': 0.0, 'variance': 0.0}",d17fb47064bdfcb2,0.5851913304988072,0.5851913304988072,1.0,-0.0,0.4148086695011928,0.4148086695011928,1.0,0.0,0.0,30,26,4,0,60,0,26,0,4,0,30,1,0,0,1,0,30,0,0,0,27,3,1.1111111111111112,0.3765245604640512,0.44065419639873,0.5851913304988072,0.5506291192330737,canonical_bounded_quality_v1,cd7a75eec571f2801dad1b7bcac15263d02db4a27e1a43d5c6febd3e057f88de,greedy,greedy_diagnostic,6cb10394f466b92ff47454970f65b580af052ecc698f507639ed4af0d0c80b04,,0,,,,1.8334170434482928,40.974225299898535,10.185650241379404,True,153.7,1470.4,1160.4616621419,1.0722222222,15.131936887921624,2.667534157449592,-88.5001390130455,1397.2020725698899,0.4613931054,0.20080275673333337,0.75,0,0.0,0,0,2,1578,157.8,1515,151.5,63,6.300000000000001,822,150,75,0.5,9,0.06,170,170,1.0,10,10,1.0,0,35,0,0,"{""external_event:DIS_COMPLETE"": 3, ""external_event:INS_COMPLETE"": 3, ""external_event:ORDER_RELEASE"": 16, ""external_event:PROCESS_COMPLETE"": 72, ""reconfiguration_duration_improved"": 3, ""worker_phase_handoff"": 4}","{""external_event:DIS_COMPLETE"": 8, ""external_event:INS_COMPLETE"": 10, ""external_event:ORDER_RELEASE"": 49, ""external_event:PROCESS_COMPLETE"": 268, ""reconfiguration_duration_improved"": 12, ""worker_phase_handoff"": 12}",70,3,6,101,97,4,0.0,3,1.0,0,0.3708854167,0.3096666667,0.6575342466,0.3287671233,0.8670817689
test_fatigue_bottleneck_3000004,3000004,fatigue_bottleneck,fixed_cost_dominant,,True,False,True,False,completed,184,181.10000000000002,17,0,0.0,1.0,single_stage_progress_quality_failure_v2,0.0,0.397864792281423,1816.0999999999997,1816.0999999999997,116.5961432484,14.458888888888891,"{'flow': 1.0, 'cost': 0.0, 'variance': 0.0}",d17fb47064bdfcb2,0.602135207718577,0.602135207718577,1.0,-0.0,0.397864792281423,0.397864792281423,1.0,0.0,0.0,28,24,4,0,56,0,24,0,4,0,28,1,0,0,1,0,28,0,0,0,23,3,1.2173913043478262,0.37725627771114406,0.4450685590911253,0.602135207718577,0.5651386120674036,canonical_bounded_quality_v1,cd7a75eec571f2801dad1b7bcac15263d02db4a27e1a43d5c6febd3e057f88de,greedy,greedy_diagnostic,07c0e3d53edcd55ef9e0e6cc6196a890acc9b9d9146b8c89dbf9d02f36a59359,,0,,,,1.933750643520483,41.11343330005184,10.509514366959147,True,146.8,1559.5,1018.4692506043,2.9455555556,16.45399166399485,23.36512261580382,-88.55182489022435,390.8713692871993,0.46544629830000006,0.24488389145,0.75,0,0.0,0,0,2,1811,181.10000000000002,1758,175.8,53,5.300000000000001,589,156,80,0.5128205128205128,2,0.01282051282051282,173,174,0.9942528735632183,10,10,1.0,0,38,0,0,"{""external_event:DIS_COMPLETE"": 3, ""external_event:INS_COMPLETE"": 3, ""external_event:ORDER_RELEASE"": 15, ""external_event:ORDER_RELEASE+PROCESS_COMPLETE"": 1, ""external_event:PROCESS_COMPLETE"": 75, ""reconfiguration_duration_improved"": 1, ""worker_phase_handoff"": 4}","{""external_event:DIS_COMPLETE"": 8, ""external_event:INS_COMPLETE"": 8, ""external_event:ORDER_RELEASE"": 57, ""external_event:ORDER_RELEASE+PROCESS_COMPLETE"": 6, ""external_event:PROCESS_COMPLETE"": 268, ""no_state_progress"": 2, ""reconfiguration_duration_improved"": 6, ""worker_phase_handoff"": 12}",73,3,6,102,98,4,0.0,3,1.0,0,0.4044791667,0.3521666667,0.5921052632,0.3026315789,0.783026547
test_high_arrival_pressure_3000005,3000005,high_arrival_pressure,balanced_cost,,False,True,False,True,horizon,168,240.0,11,7,0.0,0.8916666666666667,single_stage_progress_quality_failure_v2,0.0,-0.906943745175041,,4758.6,10.9673700341,0.3125,"{'flow': 1.0, 'cost': 0.0, 'variance': 0.0}",d17fb47064bdfcb2,1.0,0.7986104118417077,1.0,1.0,0.09305625482495905,-0.906943745175041,1.0,0.0,0.0,5,5,0,0,10,0,5,0,0,0,5,0,0,0,0,0,5,0,0,0,5,1,1.0,0.4038019594580878,0.4274761152429421,1.0,0.572999323915596,canonical_bounded_quality_v1,cd7a75eec571f2801dad1b7bcac15263d02db4a27e1a43d5c6febd3e057f88de,greedy,greedy_diagnostic,8ac5960e212148304d045a1ddd2ba72b0cd35797171b3f690335c016f29aadb9,,0,,,,1.656123618488067,40.3606006000191,9.857878681476588,True,155.0,1610.3,803.4213559278,1.9013888889,195.51015338756753,54.83870967741935,-98.63491679015243,-83.56464572690393,0.1137211384,0.08786977883333334,0.75,0,0.0,0,0,3,2385,238.5,2385,238.5,0,0.0,-272,163,72,0.44171779141104295,7,0.04294478527607362,166,167,0.9940119760479041,0,1,0.0,0,0,0,0,"{""external_event:ORDER_RELEASE"": 18, ""external_event:PROCESS_COMPLETE"": 71, ""reconfiguration_duration_improved"": 2, ""worker_phase_handoff"": 1}","{""external_event:ORDER_RELEASE"": 55, ""external_event:PROCESS_COMPLETE"": 270, ""no_state_progress"": 5, ""reconfiguration_duration_improved"": 4, ""worker_phase_handoff"": 2}",74,1,1,92,92,0,0.0,0,,0,0.4243229167,0.2488333333,0.5243902439,0.243902439,0.8607078921
test_easy_3000006,3000006,easy,labor_dominant,,False,True,False,True,horizon,93,240.0,4,10,0.0,0.6130952380952381,single_stage_progress_quality_failure_v2,0.0,-1.1691860907143852,,4311.7,55.87441318306001,4.468055555555556,"{'flow': 1.0, 'cost': 0.0, 'variance': 0.0}",d17fb47064bdfcb2,1.0,0.7822813288096232,1.0,1.0,-0.16918609071438506,-1.1691860907143852,1.0,0.0,0.0,10,7,3,0,20,0,7,0,3,0,10,0,0,0,0,0,10,0,0,0,10,1,1.0,0.42342211563534354,0.23074126206994233,1.0,0.3057162693820874,canonical_bounded_quality_v1,cd7a75eec571f2801dad1b7bcac15263d02db4a27e1a43d5c6febd3e057f88de,greedy,greedy_diagnostic,b35d7bb43d730dcf159b5040cf852ec8d85d32b10810c01028bad1fadfd935c9,,0,,,,0.8853649599943311,24.169803299941123,9.520053333272378,True,175.4,528.4,321.172458461,1.27,715.9916729750189,36.83010262257696,-82.60298736361142,251.81539807524064,0.0963917213,0.08667235791666666,0.75,0,0.0,0,0,3,2379,237.9,2311,231.10000000000002,68,6.800000000000001,-236,83,39,0.46987951807228917,1,0.012048192771084338,77,86,0.8953488372093024,4,7,0.5714285714285714,0,6,0,0,"{""external_event:DIS_COMPLETE"": 2, ""external_event:INS_COMPLETE"": 1, ""external_event:ORDER_RELEASE"": 14, ""external_event:PROCESS_COMPLETE"": 32, ""worker_phase_handoff"": 4}","{""external_event:DIS_COMPLETE"": 4, ""external_event:INS_COMPLETE"": 2, ""external_event:ORDER_RELEASE"": 43, ""external_event:PROCESS_COMPLETE"": 102, ""no_state_progress"": 25, ""reconfiguration_duration_improved"": 2, ""worker_phase_handoff"": 8}",34,2,4,53,50,3,0.0,1,1.0,0,0.2366145833,0.1323333333,0.1851851852,0.1851851852,0.0
test_balanced_3000007,3000007,balanced,downtime_dominant,,False,True,False,True,horizon,133,240.0,14,1,0.0,0.95,single_stage_progress_quality_failure_v2,0.0,-0.5271469652738443,,1095.1,0.0,0.0,"{'flow': 1.0, 'cost': 0.0, 'variance': 0.0}",d17fb47064bdfcb2,1.0,0.47714696527384426,1.0,1.0,0.4728530347261557,-0.5271469652738442,1.0,0.0,0.0,38,38,0,0,76,0,38,0,0,0,38,0,0,0,0,0,38,0,0,0,30,4,1.2666666666666666,0.23857348263692213,0.2881641640651128,1.0,0.36822154364536164,canonical_bounded_quality_v1,cd7a75eec571f2801dad1b7bcac15263d02db4a27e1a43d5c6febd3e057f88de,greedy,greedy_diagnostic,6eb471de1a4c8dd85f1a49074959b0cb074c2812d2184c664f752e7b0fc2a18d,,0,,,,1.2853497439701147,34.38942479994148,9.664283789248984,True,206.9,699.4,398.6996402946,5.1080555556,56.57706605661995,15.99806669888835,-99.99999999999999,-100.0,0.1478304276,0.08239317661666666,0.75,0,0.0,0,0,6,2391,239.10000000000002,2391,239.10000000000002,0,0.0,-264,95,60,0.631578947368421,0,0.0,128,133,0.9624060150375939,0,0,0.0,0,0,0,0,"{""external_event:ORDER_RELEASE"": 15, ""external_event:PROCESS_COMPLETE"": 58}","{""external_event:ORDER_RELEASE"": 57, ""external_event:PROCESS_COMPLETE"": 198, ""no_state_progress"": 11}",60,0,0,73,73,0,0.0,0,,0,0.3130729167,0.16575,0.1290322581,0.1129032258,0.3443951295
test_machine_bottleneck_3000008,3000008,machine_bottleneck,fixed_cost_dominant,,False,True,False,True,horizon,174,240.0,14,4,0.0,0.9333333333333333,single_stage_progress_quality_failure_v2,0.0,-0.7993644146451933,,3289.3,52.29320028769001,4.5725,"{'flow': 1.0, 'cost': 0.0, 'variance': 0.0}",d17fb47064bdfcb2,1.0,0.7326977479785266,1.0,1.0,0.20063558535480674,-0.7993644146451934,1.0,0.0,0.0,8,6,2,0,16,0,6,0,2,0,8,2,1,0,3,0,8,0,0,0,6,2,1.3333333333333333,0.39801475290097826,0.404634614866786,1.0,0.5153081832135067,canonical_bounded_quality_v1,cd7a75eec571f2801dad1b7bcac15263d02db4a27e1a43d5c6febd3e057f88de,greedy,greedy_diagnostic,1ecca78fe3edd953d0a32b9eaec5107b0e462b4b1d1f3836f5176c0dc19e0b4f,,0,,,,1.7338355433986123,40.72878249990754,9.964572088497771,True,173.7,1275.8,933.6955494372,0.5366666667,157.82254271829444,38.169257340241806,-94.39933066841643,752.0186334874522,0.2260753721,0.13390371425,0.75,0,0.0,0,0,3,2375,237.5,2313,231.3,62,6.2,-119,166,74,0.4457831325301205,7,0.04216867469879518,166,169,0.9822485207100592,4,5,0.8,0,19,0,0,"{""external_event:DIS_COMPLETE"": 1, ""external_event:INS_COMPLETE"": 1, ""external_event:ORDER_RELEASE"": 18, ""external_event:PROCESS_COMPLETE"": 70, ""reconfiguration_duration_improved"": 2, ""worker_phase_handoff"": 3}","{""external_event:DIS_COMPLETE"": 2, ""external_event:INS_COMPLETE"": 2, ""external_event:ORDER_RELEASE"": 73, ""external_event:PROCESS_COMPLETE"": 252, ""no_state_progress"": 9, ""reconfiguration_duration_improved"": 4, ""worker_phase_handoff"": 6}",74,2,3,95,93,2,0.0,1,1.0,0,0.4392708333,0.3710833333,0.4545454545,0.2987012987,0.6629053191
test_reconfiguration_bottleneck_3000009,3000009,reconfiguration_bottleneck,labor_dominant,,False,True,False,True,horizon,139,240.0,12,6,0.0,0.7250000000000001,single_stage_progress_quality_failure_v2,0.0,-1.025119734293984,,3602.2999999999997,52.86074413404001,13.068055555555553,"{'flow': 1.0, 'cost': 0.0, 'variance': 0.0}",d17fb47064bdfcb2,1.0,0.750119734293984,1.0,1.0,-0.025119734293983925,-1.025119734293984,1.0,0.0,0.0,3,1,2,0,6,0,1,0,2,0,3,0,0,0,0,0,3,0,0,0,3,1,1.0,0.43156302412253056,0.47264555243941014,1.0,0.5294486706924947,canonical_bounded_quality_v1,cd7a75eec571f2801dad1b7bcac15263d02db4a27e1a43d5c6febd3e057f88de,greedy,greedy_diagnostic,987da374529b4a2fa105280b9f31df29c82033f196e37555483f6e7306039910,,0,,,,1.3508721398108834,36.107560500036925,9.718504602955996,True,212.5,1350.2,1814.467847119,3.9122222222,166.79751147978072,12.941176470588236,-97.08670813770705,234.03152513680214,0.26350000000000007,0.11419614245,0.75,0,0.0,0,0,3,2383,238.3,2303,230.3,80,8.0,-523,136,59,0.4338235294117647,10,0.07352941176470588,128,134,0.9552238805970149,3,5,0.6,0,7,0,0,"{""external_event:DIS_COMPLETE"": 1, ""external_event:INS_COMPLETE"": 1, ""external_event:ORDER_RELEASE"": 17, ""external_event:ORDER_RELEASE+PROCESS_COMPLETE"": 1, ""external_event:PROCESS_COMPLETE"": 54, ""reconfiguration_duration_improved"": 2, ""worker_phase_handoff"": 3}","{""external_event:DIS_COMPLETE"": 2, ""external_event:INS_COMPLETE"": 2, ""external_event:ORDER_RELEASE"": 49, ""external_event:ORDER_RELEASE+PROCESS_COMPLETE"": 4, ""external_event:PROCESS_COMPLETE"": 192, ""no_state_progress"": 17, ""reconfiguration_duration_improved"": 6, ""worker_phase_handoff"": 6}",55,2,3,79,77,2,0.0,1,0.0,0,0.398125,0.229,0.5974025974,0.3246753247,0.5941905496
test_worker_bottleneck_3000010,3000010,worker_bottleneck,balanced_cost,,True,False,True,False,completed,167,152.1,15,0,0.0,1.0,single_stage_progress_quality_failure_v2,0.0,0.44858136144443195,1475.1,1475.1,130.33507138512,13.260000000000003,"{'flow': 1.0, 'cost': 0.0, 'variance': 0.0}",d17fb47064bdfcb2,0.551418638555568,0.551418638555568,1.0,-0.0,0.44858136144443195,0.44858136144443195,1.0,0.0,0.0,26,22,4,0,52,0,22,0,4,0,26,2,1,1,2,0,26,0,0,0,22,4,1.1818181818181819,0.3522235190260221,0.4443308923981406,0.551418638555568,0.5245830196901865,canonical_bounded_quality_v1,cd7a75eec571f2801dad1b7bcac15263d02db4a27e1a43d5c6febd3e057f88de,greedy,greedy_diagnostic,064a125545c848bc59ababb5dd3084c6fc0e4537468629fe3323e49b7eaa19df,,0,,,,1.6449194899353066,40.26817649998702,9.849817305001835,True,160.0,1324.1,1329.6502472196,2.8580555556,11.403972509629183,-4.9375000000000036,-90.19779286638268,363.9517931699649,0.40454443880000013,0.18831154788333337,0.75,0,0.0,0,0,2,1521,152.1,1469,146.9,52,5.2,879,141,71,0.5035460992907801,3,0.02127659574468085,157,157,1.0,10,10,1.0,0,34,0,0,"{""external_event:DIS_COMPLETE"": 3, ""external_event:INS_COMPLETE"": 3, ""external_event:ORDER_RELEASE"": 15, ""external_event:PROCESS_COMPLETE"": 66, ""reconfiguration_duration_improved"": 2, ""worker_phase_handoff"": 4}","{""external_event:DIS_COMPLETE"": 6, ""external_event:INS_COMPLETE"": 6, ""external_event:ORDER_RELEASE"": 53, ""external_event:PROCESS_COMPLETE"": 246, ""reconfiguration_duration_improved"": 10, ""worker_phase_handoff"": 12}",65,3,6,93,89,4,0.0,3,1.0,0,0.35859375,0.3049166667,0.6029411765,0.3970588235,0.8529598961
test_fatigue_bottleneck_3000011,3000011,fatigue_bottleneck,balanced_cost,,False,True,False,True,horizon,173,240.0,15,1,0.0,0.984375,single_stage_progress_quality_failure_v2,0.0,-0.7044458904908849,,2656.3,85.55797267702002,8.873333333333335,"{'flow': 1.0, 'cost': 0.0, 'variance': 0.0}",d17fb47064bdfcb2,1.0,0.6888208904908849,1.0,1.0,0.2955541095091151,-0.7044458904908849,1.0,0.0,0.0,19,16,3,0,38,0,16,0,3,0,19,2,1,1,2,0,19,0,0,0,15,4,1.2666666666666666,0.398198679731819,0.45114635017864435,1.0,0.5336727159678234,canonical_bounded_quality_v1,cd7a75eec571f2801dad1b7bcac15263d02db4a27e1a43d5c6febd3e057f88de,greedy,greedy_diagnostic,34c9208e1cfe1c343eea3aa8f2f52fc9f7c7540b83a54a47d447bea058dac4d4,,0,,,,1.7187317434091653,40.67029349994846,9.934865568839106,True,158.4,1373.3,956.8397972415,11.5833333333,93.42459768440985,51.51515151515151,-91.05827611647452,-23.395683453016957,0.44145360580000004,0.21886591708333333,0.75,0,0.0,0,0,3,2339,233.9,2295,229.5,44,4.4,-13,154,72,0.4675324675324675,11,0.07142857142857142,166,166,1.0,7,7,1.0,0,39,0,0,"{""external_event:DIS_COMPLETE"": 2, ""external_event:INS_COMPLETE"": 2, ""external_event:ORDER_RELEASE"": 15, ""external_event:ORDER_RELEASE+PROCESS_COMPLETE"": 1, ""external_event:PROCESS_COMPLETE"": 70, ""reconfiguration_duration_improved"": 2, ""worker_phase_handoff"": 3}","{""external_event:DIS_COMPLETE"": 4, ""external_event:INS_COMPLETE"": 4, ""external_event:ORDER_RELEASE"": 43, ""external_event:ORDER_RELEASE+PROCESS_COMPLETE"": 6, ""external_event:PROCESS_COMPLETE"": 268, ""no_state_progress"": 1, ""reconfiguration_duration_improved"": 12, ""worker_phase_handoff"": 8}",72,2,4,95,92,3,0.0,2,1.0,0,0.3811979167,0.3465,0.5540540541,0.2702702703,0.8487002165
test_high_arrival_pressure_3000012,3000012,high_arrival_pressure,balanced_cost,,False,True,False,True,horizon,159,240.0,15,1,0.0,0.9625,single_stage_progress_quality_failure_v2,0.0,-0.6919077412665956,,2272.3,0.0,0.0,"{'flow': 1.0, 'cost': 0.0, 'variance': 0.0}",d17fb47064bdfcb2,1.0,0.6544077412665956,1.0,1.0,0.3080922587334044,-0.6919077412665956,1.0,0.0,0.0,18,18,0,0,36,0,18,0,0,0,18,0,0,0,0,0,18,0,0,0,17,2,1.0588235294117647,0.3272038706332978,0.36753352095432884,1.0,0.4883165614872932,canonical_bounded_quality_v1,cd7a75eec571f2801dad1b7bcac15263d02db4a27e1a43d5c6febd3e057f88de,greedy,greedy_diagnostic,3930e4c025b4b0c5cfe94a0b9ab482cdeef2d9d94c02e6d34b4266cabc63007a,,0,,,,1.5573567398998753,39.41229729983024,9.794696477357705,True,137.8,1145.2,633.1456350308,1.8322222222,98.41949004540693,74.16545718432509,-100.0,-100.0,0.146107978,0.09410976256666666,0.75,0,0.0,0,0,6,2398,239.8,2398,239.8,0,0.0,-291,141,69,0.48936170212765956,6,0.0425531914893617,151,159,0.949685534591195,0,0,0.0,0,0,0,0,"{""external_event:ORDER_RELEASE"": 15, ""external_event:PROCESS_COMPLETE"": 70, ""reconfiguration_duration_improved"": 1}","{""external_event:ORDER_RELEASE"": 47, ""external_event:PROCESS_COMPLETE"": 252, ""no_state_progress"": 17, ""reconfiguration_duration_improved"": 2}",73,0,0,86,86,0,0.0,0,,0,0.3730729167,0.2003333333,0.3466666667,0.2,0.8231934249
test_balanced_3000013,3000013,balanced,fixed_cost_dominant,,True,False,True,False,completed,142,226.4,18,0,0.0,1.0,single_stage_progress_quality_failure_v2,0.0,0.6105938024729047,765.3000000000003,765.3000000000003,0.0,0.0,"{'flow': 1.0, 'cost': 0.0, 'variance': 0.0}",d17fb47064bdfcb2,0.3894061975270952,0.3894061975270952,1.0,-0.0,0.6105938024729047,0.6105938024729047,1.0,0.0,0.0,47,47,0,0,94,0,47,0,0,0,47,0,0,0,0,0,47,0,0,0,38,3,1.236842105263158,0.1947030987635476,0.28869394657188724,0.3894061975270952,0.3885661877101804,canonical_bounded_quality_v1,cd7a75eec571f2801dad1b7bcac15263d02db4a27e1a43d5c6febd3e057f88de,greedy,greedy_diagnostic,2515d8ae1a363e1c4aa36d6a0088c9a9236a941373c181e89f99950e0cad1c2c,,0,,,,1.3823180244274582,36.80199179984629,9.734633974841254,True,214.6,762.6,424.5061390068,1.2847222222,0.3540519276160861,5.498602050326194,-100.0,-100.00000000000001,0.0995135312,0.07739182101666667,0.75,0,0.0,0,0,6,2264,226.4,2264,226.4,0,0.0,136,95,63,0.6631578947368421,1,0.010526315789473684,142,142,1.0,0,0,0.0,0,0,0,0,"{""external_event:ORDER_RELEASE"": 15, ""external_event:ORDER_RELEASE+PROCESS_COMPLETE"": 3, ""external_event:PROCESS_COMPLETE"": 60}","{""external_event:ORDER_RELEASE"": 59, ""external_event:ORDER_RELEASE+PROCESS_COMPLETE"": 12, ""external_event:PROCESS_COMPLETE"": 210, ""reconfiguration_duration_improved"": 2}",64,0,0,78,78,0,0.0,0,,0,0.3365104167,0.19925,0.171875,0.15625,0.3224571227
test_machine_bottleneck_3000014,3000014,machine_bottleneck,balanced_cost,,False,True,False,True,horizon,168,240.0,10,8,0.0,0.8222222222222223,single_stage_progress_quality_failure_v2,0.0,-0.9680095716455538,,4520.6,47.61321106815999,2.0000000000000004,"{'flow': 1.0, 'cost': 0.0, 'variance': 0.0}",d17fb47064bdfcb2,1.0,0.7902317938677761,1.0,1.0,0.03199042835444621,-0.9680095716455538,1.0,0.0,0.0,14,12,2,0,28,0,12,0,2,0,14,1,1,0,2,0,14,0,0,0,11,2,1.2727272727272727,0.41644297284936843,0.42476313490218337,1.0,0.5510494219761308,canonical_bounded_quality_v1,cd7a75eec571f2801dad1b7bcac15263d02db4a27e1a43d5c6febd3e057f88de,greedy,greedy_diagnostic,dc86c2c98a94a9d6d2ca65d8ac15c74a16cf2fb9f27582f2ebdb1ce93d9477bd,,0,,,,1.656123618488067,40.36621679994278,9.857878681476588,True,200.7,1472.9,870.9912435087,2.5158333333,206.91832439405255,19.5814648729447,-94.53344549408384,-20.503477971785383,0.1484808655,0.11780794893333334,0.75,0,0.0,0,0,3,2399,239.9,2340,234.0,59,5.9,-425,154,70,0.45454545454545453,6,0.03896103896103896,161,163,0.9877300613496932,4,5,0.8,0,19,0,0,"{""external_event:DIS_COMPLETE"": 1, ""external_event:INS_COMPLETE"": 1, ""external_event:ORDER_RELEASE"": 17, ""external_event:ORDER_RELEASE+PROCESS_COMPLETE"": 1, ""external_event:PROCESS_COMPLETE"": 67, ""reconfiguration_duration_improved"": 3, ""worker_phase_handoff"": 3}","{""external_event:DIS_COMPLETE"": 2, ""external_event:INS_COMPLETE"": 2, ""external_event:ORDER_RELEASE"": 59, ""external_event:ORDER_RELEASE+PROCESS_COMPLETE"": 2, ""external_event:PROCESS_COMPLETE"": 250, ""no_state_progress"": 7, ""reconfiguration_duration_improved"": 8, ""worker_phase_handoff"": 6}",70,2,3,93,91,2,0.0,1,1.0,0,0.4673958333,0.4215833333,0.380952381,0.2380952381,0.563751215
test_reconfiguration_bottleneck_3000015,3000015,reconfiguration_bottleneck,balanced_cost,,False,True,False,True,horizon,168,240.0,11,6,0.0,0.9058823529411765,single_stage_progress_quality_failure_v2,0.0,-0.8461530233451401,,3639.4000000000005,86.32988753171001,10.9325,"{'flow': 1.0, 'cost': 0.0, 'variance': 0.0}",d17fb47064bdfcb2,1.0,0.7520353762863166,1.0,1.0,0.1538469766548599,-0.84615302334514,1.0,0.0,0.0,11,8,3,0,22,0,8,0,3,0,11,1,1,0,2,0,11,0,0,0,10,2,1.1,0.43574245136873774,0.47848258291645795,1.0,0.530295913574448,canonical_bounded_quality_v1,cd7a75eec571f2801dad1b7bcac15263d02db4a27e1a43d5c6febd3e057f88de,greedy,greedy_diagnostic,e8da9ea55fc1aa07ede04dd17903850819a67890d5d4a39a3ae1bdf8a93cba47,,0,,,,1.656123618488067,40.371541999978945,9.857878681476588,True,204.5,1354.8,1582.8788009685,8.6455555556,168.6300560968409,17.359413202933986,-94.54602035993607,26.452255493502363,0.16619517860000002,0.10724080643333334,0.75,0,0.0,0,0,3,2387,238.70000000000002,2288,228.8,99,9.9,-120,157,72,0.4585987261146497,4,0.025477707006369428,157,161,0.9751552795031055,5,7,0.7142857142857143,0,18,0,0,"{""external_event:DIS_COMPLETE"": 2, ""external_event:INS_COMPLETE"": 1, ""external_event:ORDER_RELEASE"": 15, ""external_event:ORDER_RELEASE+PROCESS_COMPLETE"": 2, ""external_event:PROCESS_COMPLETE"": 67, ""reconfiguration_duration_improved"": 1, ""worker_phase_handoff"": 4}","{""external_event:DIS_COMPLETE"": 4, ""external_event:INS_COMPLETE"": 2, ""external_event:ORDER_RELEASE"": 51, ""external_event:ORDER_RELEASE+PROCESS_COMPLETE"": 8, ""external_event:PROCESS_COMPLETE"": 244, ""no_state_progress"": 13, ""reconfiguration_duration_improved"": 6, ""worker_phase_handoff"": 8}",70,2,4,92,89,3,0.0,1,1.0,0,0.3961458333,0.2135,0.5714285714,0.3116883117,0.6608854102
test_balanced_3000016,3000016,balanced,balanced_cost,,False,True,False,True,horizon,134,240.0,12,5,0.0,0.8264705882352942,single_stage_progress_quality_failure_v2,0.0,-0.8663647971283119,,2706.7000000000003,53.321591268009996,3.734722222222222,"{'flow': 1.0, 'cost': 0.0, 'variance': 0.0}",d17fb47064bdfcb2,1.0,0.6928353853636061,1.0,1.0,0.13363520287168806,-0.8663647971283119,1.0,0.0,0.0,21,19,2,0,42,0,19,0,2,0,21,0,0,0,0,0,21,0,0,0,20,2,1.05,0.37550498303410207,0.31212962045734716,1.0,0.38797368286836337,canonical_bounded_quality_v1,cd7a75eec571f2801dad1b7bcac15263d02db4a27e1a43d5c6febd3e057f88de,greedy,greedy_diagnostic,f92a479d323e4ec19609fc221c6ab2bb462f3c713101eb9508b04fe158efcd56,,0,,,,1.2953434064748268,34.804036000045016,9.66674183936438,True,204.3,760.7,508.1779562204,4.6622222222,255.81701064808732,17.47430249632892,-89.50729943805668,-19.89394661544277,0.15880000000000002,0.10993793765,0.75,0,0.0,0,0,3,2378,237.8,2323,232.3,55,5.5,-379,113,58,0.5132743362831859,3,0.02654867256637168,126,129,0.9767441860465116,2,5,0.4,0,0,0,0,"{""external_event:DIS_COMPLETE"": 1, ""external_event:INS_COMPLETE"": 1, ""external_event:ORDER_RELEASE"": 15, ""external_event:ORDER_RELEASE+PROCESS_COMPLETE"": 1, ""external_event:PROCESS_COMPLETE"": 52, ""worker_phase_handoff"": 3}","{""external_event:DIS_COMPLETE"": 2, ""external_event:INS_COMPLETE"": 2, ""external_event:ORDER_RELEASE"": 61, ""external_event:ORDER_RELEASE+PROCESS_COMPLETE"": 2, ""external_event:PROCESS_COMPLETE"": 182, ""no_state_progress"": 13, ""worker_phase_handoff"": 6}",56,2,3,73,71,2,0.0,1,1.0,0,0.335625,0.1955833333,0.1692307692,0.2,0.3542397848
test_balanced_3000017,3000017,balanced,balanced_cost,,False,True,False,True,horizon,120,240.0,11,4,0.0,0.9166666666666666,single_stage_progress_quality_failure_v2,0.0,-0.717032967032967,,2076.0,7.79962385078,0.1680555555555556,"{'flow': 1.0, 'cost': 0.0, 'variance': 0.0}",d17fb47064bdfcb2,1.0,0.6336996336996337,1.0,1.0,0.28296703296703307,-0.7170329670329669,1.0,0.0,0.0,23,23,0,0,46,0,23,0,0,0,23,0,0,0,0,0,23,0,0,0,18,3,1.2777777777777777,0.3198415653860891,0.25964866482534765,1.0,0.33654005639409523,canonical_bounded_quality_v1,cd7a75eec571f2801dad1b7bcac15263d02db4a27e1a43d5c6febd3e057f88de,greedy,greedy_diagnostic,8e4fb9f683eeefc0d862fb05d9ae92ec54d33eeed422dac426ad83fe12755e39,,0,,,,1.154101232226328,31.511463099857792,9.617510268552733,True,185.5,608.7,369.2889263652,2.7622222222,241.0547067520946,29.380053908355794,-97.8879345428661,-93.91592920349088,0.1397993035,0.09898395376666667,0.75,0,0.0,0,0,3,2389,238.9,2389,238.9,0,0.0,-226,97,53,0.5463917525773195,2,0.020618556701030927,108,119,0.907563025210084,0,1,0.0,0,0,0,0,"{""external_event:ORDER_RELEASE"": 15, ""external_event:PROCESS_COMPLETE"": 50, ""worker_phase_handoff"": 1}","{""external_event:ORDER_RELEASE"": 51, ""external_event:PROCESS_COMPLETE"": 158, ""no_state_progress"": 25, ""reconfiguration_duration_improved"": 4, ""worker_phase_handoff"": 2}",52,1,1,66,66,0,0.0,0,,0,0.2764583333,0.1685,0.1636363636,0.1636363636,0.252772409
test_balanced_3000018,3000018,balanced,balanced_cost,,False,True,False,True,horizon,150,240.0,10,8,0.0,0.8203703703703703,single_stage_progress_quality_failure_v2,0.0,-0.9452546296296298,,3920.0000000000005,62.38605054447001,5.265555555555557,"{'flow': 1.0, 'cost': 0.0, 'variance': 0.0}",d17fb47064bdfcb2,1.0,0.7656250000000001,1.0,1.0,0.054745370370370194,-0.9452546296296298,1.0,0.0,0.0,4,2,2,0,8,0,2,0,2,0,4,0,0,0,0,0,4,0,0,0,4,1,1.0,0.41948474374886274,0.32794755729034164,1.0,0.4149765990639626,canonical_bounded_quality_v1,cd7a75eec571f2801dad1b7bcac15263d02db4a27e1a43d5c6febd3e057f88de,greedy,greedy_diagnostic,1b405c64b0bcb3898531e2b7b599b2538d1381aabfd11f8ce24282188ae1d01c,,0,,,,1.4649569244171952,38.053945699939504,9.766379496114634,True,204.5,851.2,628.0777704873,1.21,360.52631578947364,17.359413202933986,-90.06714558675318,335.16988062442624,0.18670000000000003,0.11330791601666668,0.75,0,0.0,0,0,3,2376,237.60000000000002,2308,230.8,68,6.800000000000001,-394,146,65,0.4452054794520548,5,0.03424657534246575,143,145,0.9862068965517241,2,5,0.4,0,0,0,0,"{""external_event:DIS_COMPLETE"": 1, ""external_event:INS_COMPLETE"": 1, ""external_event:ORDER_RELEASE"": 17, ""external_event:ORDER_RELEASE+PROCESS_COMPLETE"": 1, ""external_event:PROCESS_COMPLETE"": 59, ""reconfiguration_duration_improved"": 1, ""worker_phase_handoff"": 3}","{""external_event:DIS_COMPLETE"": 2, ""external_event:INS_COMPLETE"": 2, ""external_event:ORDER_RELEASE"": 61, ""external_event:ORDER_RELEASE+PROCESS_COMPLETE"": 4, ""external_event:PROCESS_COMPLETE"": 210, ""no_state_progress"": 11, ""reconfiguration_duration_improved"": 4, ""worker_phase_handoff"": 6}",62,2,3,83,81,2,0.0,1,1.0,0,0.371875,0.2068333333,0.2133333333,0.1866666667,0.3464692564
test_balanced_3000019,3000019,balanced,balanced_cost,,True,False,True,False,completed,141,215.3,15,0,0.0,1.0,single_stage_progress_quality_failure_v2,0.0,0.5295207836907598,1066.2,1066.2,0.0,0.0,"{'flow': 1.0, 'cost': 0.0, 'variance': 0.0}",d17fb47064bdfcb2,0.47047921630924017,0.47047921630924017,1.0,-0.0,0.5295207836907598,0.5295207836907598,1.0,0.0,0.0,28,28,0,0,56,0,28,0,0,0,28,0,0,0,0,0,28,0,0,0,22,3,1.2727272727272727,0.2352396081546201,0.29380085799581857,0.47047921630924017,0.3792033109156751,canonical_bounded_quality_v1,cd7a75eec571f2801dad1b7bcac15263d02db4a27e1a43d5c6febd3e057f88de,greedy,greedy_diagnostic,67a821690bd6df1718c4526eebce899fe1128e4c8f0df0926c667827cb99f051,,0,,,,1.3721941398176294,36.57652879995294,9.731873332039925,True,213.0,733.0,490.9765337754,1.39,45.457025920873136,1.0798122065727753,-100.0,-100.0,0.1363164236,0.11555683526666666,0.75,0,0.0,0,0,6,2153,215.3,2153,215.3,0,0.0,247,113,63,0.5575221238938053,0,0.0,141,141,1.0,0,0,0.0,0,0,0,0,"{""external_event:ORDER_RELEASE"": 15, ""external_event:PROCESS_COMPLETE"": 63}","{""external_event:ORDER_RELEASE"": 51, ""external_event:PROCESS_COMPLETE"": 226, ""reconfiguration_duration_improved"": 4}",63,0,0,78,78,0,0.0,0,,0,0.3199479167,0.1694444444,0.2222222222,0.1904761905,0.2420470815
