episode,single_objective_target,window_size,window_statistic,window_episodes,window_objective_values,window_objective_statistic,candidate_anchor_value,validation_manifest_sha256,audit_event,audit_decision_reason,audit_instance_count,audit_completed_count,audit_failed_instance_count,audit_completion_rate,audit_truncated_count,audit_schedule_violation_count,audit_physical_safety_pass,audit_completion_pass,audit_violation_pass,audit_safety_pass,audit_objective_pass,audit_single_objective_value,audit_pass,audit_window_median,audit_candidate_rank,audit_previous_accepted_rank,audit_accepted_rank,accepted_checkpoint_episode
160,flow,5,median,"[80, 100, 120, 140, 160]","[1162.16, 1154.3500000000001, 1125.306, 1179.626, 1091.126]",1154.3500000000001,1154.3500000000001,75a8861d58c8349bc5a923b4a9f405790af6b38a49895b9384efdd054c583b2d,accepted,first_audit_pass,200,200,0,1.0,0,0,True,True,True,True,True,1078.305,True,1154.3500000000001,"[0, 1154.3500000000001]",,"[0, 1154.3500000000001]",160
180,flow,5,median,"[100, 120, 140, 160, 180]","[1154.3500000000001, 1125.306, 1179.626, 1091.126, 1150.652]",1150.652,1150.652,75a8861d58c8349bc5a923b4a9f405790af6b38a49895b9384efdd054c583b2d,audit_passed_not_accepted,audit_rank_not_improved,200,198,2,0.99,2,0,True,True,True,True,True,1135.747,True,1150.652,"[2, 1150.652]","[0, 1154.3500000000001]","[0, 1154.3500000000001]",160
320,flow,5,median,"[240, 260, 280, 300, 320]","[1132.524, 1101.112, 1102.7939999999999, 1128.06, 1095.9820000000002]",1102.7939999999999,1102.7939999999999,75a8861d58c8349bc5a923b4a9f405790af6b38a49895b9384efdd054c583b2d,audit_passed_not_accepted,audit_rank_not_improved,200,198,2,0.99,2,0,True,True,True,True,True,1066.9085,True,1102.7939999999999,"[2, 1102.7939999999999]","[0, 1154.3500000000001]","[0, 1154.3500000000001]",160
340,flow,5,median,"[260, 280, 300, 320, 340]","[1101.112, 1102.7939999999999, 1128.06, 1095.9820000000002, 1078.0819999999999]",1101.112,1101.112,75a8861d58c8349bc5a923b4a9f405790af6b38a49895b9384efdd054c583b2d,audit_passed_not_accepted,audit_rank_not_improved,200,199,1,0.995,1,0,True,True,True,True,True,1045.528,True,1101.112,"[1, 1101.112]","[0, 1154.3500000000001]","[0, 1154.3500000000001]",160
360,flow,5,median,"[280, 300, 320, 340, 360]","[1102.7939999999999, 1128.06, 1095.9820000000002, 1078.0819999999999, 1078.5819999999999]",1095.9820000000002,1095.9820000000002,75a8861d58c8349bc5a923b4a9f405790af6b38a49895b9384efdd054c583b2d,audit_passed_not_accepted,audit_rank_not_improved,200,199,1,0.995,1,0,True,True,True,True,True,1046.479,True,1095.9820000000002,"[1, 1095.9820000000002]","[0, 1154.3500000000001]","[0, 1154.3500000000001]",160
380,flow,5,median,"[300, 320, 340, 360, 380]","[1128.06, 1095.9820000000002, 1078.0819999999999, 1078.5819999999999, 1092.152]",1092.152,1092.152,75a8861d58c8349bc5a923b4a9f405790af6b38a49895b9384efdd054c583b2d,audit_passed_not_accepted,audit_rank_not_improved,200,199,1,0.995,1,0,True,True,True,True,True,1054.1365,True,1092.152,"[1, 1092.152]","[0, 1154.3500000000001]","[0, 1154.3500000000001]",160
400,flow,5,median,"[320, 340, 360, 380, 400]","[1095.9820000000002, 1078.0819999999999, 1078.5819999999999, 1092.152, 1083.874]",1083.874,1083.874,75a8861d58c8349bc5a923b4a9f405790af6b38a49895b9384efdd054c583b2d,accepted,audit_rank_improved,200,200,0,1.0,0,0,True,True,True,True,True,1050.5765000000001,True,1083.874,"[0, 1083.874]","[0, 1154.3500000000001]","[0, 1083.874]",400
680,flow,5,median,"[600, 620, 640, 660, 680]","[1087.4620000000002, 1088.288, 1083.134, 1083.728, 1082.402]",1083.728,1083.728,75a8861d58c8349bc5a923b4a9f405790af6b38a49895b9384efdd054c583b2d,accepted,audit_rank_improved,200,200,0,1.0,0,0,True,True,True,True,True,1042.796,True,1083.728,"[0, 1083.728]","[0, 1083.874]","[0, 1083.728]",680
760,flow,5,median,"[680, 700, 720, 740, 760]","[1082.402, 1087.9840000000002, 1084.762, 1081.2800000000002, 1081.4940000000001]",1082.402,1082.402,75a8861d58c8349bc5a923b4a9f405790af6b38a49895b9384efdd054c583b2d,accepted,audit_rank_improved,200,200,0,1.0,0,0,True,True,True,True,True,1043.236,True,1082.402,"[0, 1082.402]","[0, 1083.728]","[0, 1082.402]",760
780,flow,5,median,"[700, 720, 740, 760, 780]","[1087.9840000000002, 1084.762, 1081.2800000000002, 1081.4940000000001, 1080.738]",1081.4940000000001,1081.4940000000001,75a8861d58c8349bc5a923b4a9f405790af6b38a49895b9384efdd054c583b2d,audit_passed_not_accepted,audit_rank_not_improved,200,199,1,0.995,1,0,True,True,True,True,True,1049.415,True,1081.4940000000001,"[1, 1081.4940000000001]","[0, 1082.402]","[0, 1082.402]",760
800,flow,5,median,"[720, 740, 760, 780, 800]","[1084.762, 1081.2800000000002, 1081.4940000000001, 1080.738, 1080.5320000000002]",1081.2800000000002,1081.2800000000002,75a8861d58c8349bc5a923b4a9f405790af6b38a49895b9384efdd054c583b2d,accepted,audit_rank_improved,200,200,0,1.0,0,0,True,True,True,True,True,1045.2040000000002,True,1081.2800000000002,"[0, 1081.2800000000002]","[0, 1082.402]","[0, 1081.2800000000002]",800
820,flow,5,median,"[740, 760, 780, 800, 820]","[1081.2800000000002, 1081.4940000000001, 1080.738, 1080.5320000000002, 1075.9460000000001]",1080.738,1080.738,75a8861d58c8349bc5a923b4a9f405790af6b38a49895b9384efdd054c583b2d,audit_passed_not_accepted,audit_rank_not_improved,200,199,1,0.995,1,0,True,True,True,True,True,1043.756,True,1080.738,"[1, 1080.738]","[0, 1081.2800000000002]","[0, 1081.2800000000002]",800
840,flow,5,median,"[760, 780, 800, 820, 840]","[1081.4940000000001, 1080.738, 1080.5320000000002, 1075.9460000000001, 1078.99]",1080.5320000000002,1080.5320000000002,75a8861d58c8349bc5a923b4a9f405790af6b38a49895b9384efdd054c583b2d,accepted,audit_rank_improved,200,200,0,1.0,0,0,True,True,True,True,True,1044.314,True,1080.5320000000002,"[0, 1080.5320000000002]","[0, 1081.2800000000002]","[0, 1080.5320000000002]",840
1660,flow,5,median,"[1580, 1600, 1620, 1640, 1660]","[1093.8700000000001, 1078.786, 1096.5020000000002, 1071.782, 1072.1180000000002]",1078.786,1078.786,75a8861d58c8349bc5a923b4a9f405790af6b38a49895b9384efdd054c583b2d,accepted,audit_rank_improved,200,200,0,1.0,0,0,True,True,True,True,True,1041.4555,True,1078.786,"[0, 1078.786]","[0, 1080.5320000000002]","[0, 1078.786]",1660
1680,flow,5,median,"[1600, 1620, 1640, 1660, 1680]","[1078.786, 1096.5020000000002, 1071.782, 1072.1180000000002, 1059.176]",1072.1180000000002,1072.1180000000002,75a8861d58c8349bc5a923b4a9f405790af6b38a49895b9384efdd054c583b2d,accepted,audit_rank_improved,200,200,0,1.0,0,0,True,True,True,True,True,1028.6995,True,1072.1180000000002,"[0, 1072.1180000000002]","[0, 1078.786]","[0, 1072.1180000000002]",1680
1700,flow,5,median,"[1620, 1640, 1660, 1680, 1700]","[1096.5020000000002, 1071.782, 1072.1180000000002, 1059.176, 1052.6580000000001]",1071.782,1071.782,75a8861d58c8349bc5a923b4a9f405790af6b38a49895b9384efdd054c583b2d,accepted,audit_rank_improved,200,200,0,1.0,0,0,True,True,True,True,True,1026.8575,True,1071.782,"[0, 1071.782]","[0, 1072.1180000000002]","[0, 1071.782]",1700
1720,flow,5,median,"[1640, 1660, 1680, 1700, 1720]","[1071.782, 1072.1180000000002, 1059.176, 1052.6580000000001, 1057.994]",1059.176,1059.176,75a8861d58c8349bc5a923b4a9f405790af6b38a49895b9384efdd054c583b2d,accepted,audit_rank_improved,200,200,0,1.0,0,0,True,True,True,True,True,1029.7910000000002,True,1059.176,"[0, 1059.176]","[0, 1071.782]","[0, 1059.176]",1720
1740,flow,5,median,"[1660, 1680, 1700, 1720, 1740]","[1072.1180000000002, 1059.176, 1052.6580000000001, 1057.994, 1058.75]",1058.75,1058.75,75a8861d58c8349bc5a923b4a9f405790af6b38a49895b9384efdd054c583b2d,accepted,audit_rank_improved,200,200,0,1.0,0,0,True,True,True,True,True,1028.5335,True,1058.75,"[0, 1058.75]","[0, 1059.176]","[0, 1058.75]",1740
1760,flow,5,median,"[1680, 1700, 1720, 1740, 1760]","[1059.176, 1052.6580000000001, 1057.994, 1058.75, 1056.66]",1057.994,1057.994,75a8861d58c8349bc5a923b4a9f405790af6b38a49895b9384efdd054c583b2d,accepted,audit_rank_improved,200,200,0,1.0,0,0,True,True,True,True,True,1030.57,True,1057.994,"[0, 1057.994]","[0, 1058.75]","[0, 1057.994]",1760
