update_id,episode_start,episode_end,episode_count,parallel_envs,transition_count,environment_step_count,forced_action_count,forced_action_ratio,worker_step_command_count,worker_local_physical_forced_action_count,worker_local_physical_forced_share,estimated_worker_step_round_trips_avoided,sampling_wall_time_seconds,policy_inference_time_seconds,generation_time_seconds,environment_step_time_seconds,ppo_update_time_seconds,transitions_per_second,reward_phase,preference_stage,e2_7_safety_replay_pass,e2_7_safety_replay_rollback,failure_reason,candidate_status,policy_loss,value_loss,entropy,loss,approx_kl,clip_fraction,ratio_mean,gradient_norm,gradient_clipped_fraction,counterfactual_loss,counterfactual_eligible_count,counterfactual_control_evaluated_state_count,counterfactual_high_flow_commit_flip_count,counterfactual_high_flow_commit_flip_rate,counterfactual_state_scale_mean,counterfactual_state_scale_max,counterfactual_low_flow_identity_violation_count,counterfactual_monotonicity_violation_count,counterfactual_flow_cost_flip_count,counterfactual_flow_cost_flip_rate,counterfactual_flow_variance_flip_count,counterfactual_flow_variance_flip_rate,counterfactual_coefficient_mean,counterfactual_gate_loss,production_pair_loss,production_pair_eligible_count,production_pair_control_evaluated_state_count,production_pair_correct_count,production_pair_correct_rate,worker_variance_loss,worker_variance_eligible_count,worker_variance_control_evaluated_state_count,worker_variance_correct_count,worker_variance_correct_rate,canonical_teacher_kl,gradient_norm_max,return_mean,return_std,advantage_mean,advantage_std,value_prediction_mean,value_prediction_std,pre_update_explained_variance,learning_rate,policy_head_weight_production_processing_time_norm,policy_head_weight_production_reconfiguration_time_norm,policy_head_weight_production_fixed_reconfiguration_cost_norm,policy_head_weight_production_estimated_labor_cost_norm,policy_head_weight_production_estimated_downtime_cost_norm,policy_head_weight_production_horizon_slack_norm,policy_head_weight_worker_stage_duration_norm,policy_head_weight_worker_projected_fatigue_ratio,policy_head_weight_worker_incremental_labor_cost_norm,policy_head_weight_worker_incremental_downtime_cost_norm,policy_head_weight_worker_incremental_load_variance_norm,policy_head_gate_production_common,policy_head_gate_production_residual,policy_head_gate_worker_common,policy_head_gate_worker_residual
1,0,19,20,20,3745,3745,0,0.0,3745,0,0.0,0,45.56571309999708,27.423180499965383,0.2133305999886943,20.77728540011958,46.471715399999084,40.689967777621646,feasibility,,,False,,feasibility_best,-0.003588301666333514,0.00996450018690173,0.4712608080294173,-0.003318659779694626,0.003492417824711114,0.031623170284901636,1.000300426604384,0.3590967147532156,0.19491525423728814,0.0,0.0,0.0,0.0,0.0,0.0,0.0,0.0,0.0,0.0,0.0,0.0,0.0,0.0,0.0,0.0,0.0,0.0,0.0,0.0,0.0,0.0,0.0,0.0,0.0,0.0,2.2414615154266357,0.24703985452651978,0.2054884284734726,0.20035216212272644,0.18332098424434662,0.046687688678503036,0.04331503435969353,0.20411622524261475,0.0001,-0.3007369637489319,-0.30094853043556213,-0.20110782980918884,-0.20060639083385468,-0.2006407231092453,0.30097126960754395,-0.2999088168144226,-0.29970642924308777,-0.20028531551361084,-0.19993731379508972,-0.19975437223911285,0.017959732562303543,0.11957773566246033,0.01798621006309986,0.1193346306681633
2,20,39,20,20,4394,4394,0,0.0,4394,0,0.0,0,53.60962980000113,30.27220729998953,0.2088789000044926,27.89478369993958,55.27422899999874,40.354925407915516,feasibility,,,False,,not_applicable,-0.0001874459583474242,0.010003751144656722,0.46408762253712915,0.00017355407412717307,0.002689639295356861,0.03336352660604145,0.9987059054167374,0.44801623174461763,0.3188405797101449,0.0,0.0,0.0,0.0,0.0,0.0,0.0,0.0,0.0,0.0,0.0,0.0,0.0,0.0,0.0,0.0,0.0,0.0,0.0,0.0,0.0,0.0,0.0,0.0,0.0,0.0,1.6786023378372192,0.4011661112308502,0.2759026288986206,0.15950360894203186,0.12461601942777634,0.24166248738765717,0.20124603807926178,0.7959972023963928,0.0001,-0.3010861277580261,-0.3016330599784851,-0.20177215337753296,-0.2011098861694336,-0.20105698704719543,0.3016670346260071,-0.300203800201416,-0.29970693588256836,-0.2000003606081009,-0.20014306902885437,-0.19994769990444183,0.017893295735120773,0.12020676583051682,0.01798621006309986,0.11965163797140121
3,40,59,20,20,4445,4445,0,0.0,4445,0,0.0,0,65.36305179999908,30.564744700004667,0.18502360000638873,35.4851737001045,57.48034220000045,36.18428191588403,feasibility,,,False,,phase_transition,0.0012992685893550514,0.014578455367258616,0.4725616529583931,0.0038628801088114936,0.001787340553710237,0.025180880539119245,0.9996918533529554,0.40683489162474873,0.2642857142857143,0.0,0.0,0.0,0.0,0.0,0.0,0.0,0.0,0.0,0.0,0.0,0.0,0.0,0.0,0.0,0.0,0.0,0.0,0.0,0.0,0.0,0.0,0.0,0.0,0.0,0.0,1.6054599285125732,0.5584815740585327,0.34333139657974243,0.13864600658416748,0.15052436292171478,0.4198355972766876,0.29101014137268066,0.8077853322029114,0.0001,-0.3012729585170746,-0.3020392954349518,-0.20197993516921997,-0.20140711963176727,-0.2013223022222519,0.30163636803627014,-0.2999183237552643,-0.2999657690525055,-0.19975759088993073,-0.19998864829540253,-0.20020608603954315,0.01789003610610962,0.12055735290050507,0.01798621006309986,0.11972883343696594
4,60,79,20,20,4325,4325,0,0.0,4325,0,0.0,0,60.267101000001276,28.443479599995044,0.2071168000002217,25.838693700152362,56.59392579999985,37.009772363218346,quality,,,False,,pending,-0.0009920747663058778,0.0032101700190276675,0.47958916973541765,-0.004182881131247782,0.0015370125218075426,0.018550029818845147,0.9995513028081726,0.34677261629087086,0.17647058823529413,0.0,0.0,0.0,0.0,0.0,0.0,0.0,0.0,0.0,0.0,0.0,0.0,0.0,0.0,0.0,0.0,0.0,0.0,0.0,0.0,0.0,0.0,0.0,0.0,0.0,0.0,1.3361815214157104,0.75396329164505,0.3170087933540344,0.13288582861423492,0.0745355412364006,0.6210774779319763,0.3036523759365082,0.9447179436683655,0.0001,-0.3007321357727051,-0.30374109745025635,-0.20306305587291718,-0.2026311755180359,-0.20239490270614624,0.3018510043621063,-0.29937610030174255,-0.3002406656742096,-0.20007357001304626,-0.19979606568813324,-0.20038747787475586,0.017932135611772537,0.12164799124002457,0.01798621006309986,0.11946285516023636
5,80,99,20,20,4063,4063,0,0.0,4063,0,0.0,0,54.57570379999743,28.725727399993048,0.2233578999985184,26.237833499923,49.90526419999878,38.88746513145004,quality,,,False,,pending,-0.0005477607919601724,0.0027273391551716486,0.4962339550256729,-0.004146430257605971,0.00260139872898435,0.0321044921875,1.001369122415781,0.3836760611156933,0.25,0.0,0.0,0.0,0.0,0.0,0.0,0.0,0.0,0.0,0.0,0.0,0.0,0.0,0.0,0.0,0.0,0.0,0.0,0.0,0.0,0.0,0.0,0.0,0.0,0.0,0.0,1.4732528924942017,0.8591181039810181,0.31500113010406494,0.12817491590976715,0.0704525038599968,0.7309432029724121,0.30782389640808105,0.9499771595001221,0.0001,-0.3003683090209961,-0.3050152063369751,-0.20397278666496277,-0.20355378091335297,-0.20329636335372925,0.3027913272380829,-0.2998492121696472,-0.3006126880645752,-0.1997414082288742,-0.20010413229465485,-0.20078258216381073,0.018024830147624016,0.1230301782488823,0.01798621006309986,0.11963555961847305
6,100,119,20,20,4696,4696,0,0.0,4696,0,0.0,0,67.48309510000036,34.48447129999113,0.22245310000289464,39.336248899828206,58.29366239999945,37.33599190613582,quality,,,False,,pending,5.7859409197762205e-05,0.007084401459684847,0.4750934049889848,-0.001150872970528498,0.0010978537485808939,0.01171875,1.000401090528514,0.36077159824403554,0.20270270270270271,0.0,0.0,0.0,0.0,0.0,0.0,0.0,0.0,0.0,0.0,0.0,0.0,0.0,0.0,0.0,0.0,0.0,0.0,0.0,0.0,0.0,0.0,0.0,0.0,0.0,0.0,1.3076698780059814,0.9143256545066833,0.37541866302490234,0.10549808293581009,0.11275100708007812,0.8088274598121643,0.36712756752967834,0.9097994565963745,0.0001,-0.3001183271408081,-0.3058757483959198,-0.20464801788330078,-0.20416712760925293,-0.20394007861614227,0.3035353124141693,-0.29941555857658386,-0.3007027506828308,-0.1996605396270752,-0.19980624318122864,-0.20078234374523163,0.01808290183544159,0.12379378825426102,0.01798621006309986,0.11971305310726166
7,120,139,20,20,4507,4507,0,0.0,4507,0,0.0,0,61.62834389999989,31.417737599978864,0.19021439999414724,32.71110430006229,59.602724299998954,37.17693877418167,quality,,,False,,pending,-0.0013153150310398827,0.0059920099369597845,0.5017676456293589,-0.003336986367800601,0.0022095270638524647,0.02558114893839393,0.999141404326533,0.31385521994720045,0.11971830985915492,0.0,0.0,0.0,0.0,0.0,0.0,0.0,0.0,0.0,0.0,0.0,0.0,0.0,0.0,0.0,0.0,0.0,0.0,0.0,0.0,0.0,0.0,0.0,0.0,0.0,0.0,1.1517733335494995,1.0391465425491333,0.313995361328125,0.0948386937379837,0.12004438787698746,0.944307804107666,0.3200036883354187,0.8538370728492737,0.0001,-0.2996521294116974,-0.30629873275756836,-0.20487841963768005,-0.20446237921714783,-0.20417772233486176,0.30372774600982666,-0.2993195056915283,-0.3004942834377289,-0.19962003827095032,-0.19971604645252228,-0.20076368749141693,0.018151523545384407,0.12398328632116318,0.01798621006309986,0.12001490592956543
8,140,159,20,20,3990,3990,0,0.0,3990,0,0.0,0,57.09195700000055,26.102815599992027,0.19988900000680587,32.761507399816765,52.23947799999951,36.49453608653356,quality,,,False,,accepted_98,0.0017586772640546162,0.0024713373078691166,0.5706953943248779,-0.002712608996911773,0.0019312774797620635,0.02379825037150156,1.0007809102535248,0.38061931752969347,0.1984126984126984,0.0,0.0,0.0,0.0,0.0,0.0,0.0,0.0,0.0,0.0,0.0,0.0,0.0,0.0,0.0,0.0,0.0,0.0,0.0,0.0,0.0,0.0,0.0,0.0,0.0,0.0,1.267978310585022,1.1721218824386597,0.32201388478279114,0.09187263250350952,0.08495345711708069,1.0802494287490845,0.3405810594558716,0.9303994178771973,0.0001,-0.2991986870765686,-0.3076028525829315,-0.20582930743694305,-0.20537757873535156,-0.20500516891479492,0.3036995530128479,-0.29922232031822205,-0.30033770203590393,-0.19927935302257538,-0.19959405064582825,-0.20065926015377045,0.01803678460419178,0.1245279312133789,0.01798621006309986,0.11955505609512329
9,160,179,20,20,4191,4191,0,0.0,4191,0,0.0,0,51.52805399999852,28.616335200011235,0.22337479999987409,29.651051500128233,52.525542600000335,40.27731992879568,quality,,,False,,not_promoted,-0.00019849862226031044,0.0017979760666617728,0.5194316176754056,-0.0044938272172161805,0.0017584196581138353,0.02166193181818182,1.0003917221770142,0.3513655739864617,0.23484848484848486,0.0,0.0,0.0,0.0,0.0,0.0,0.0,0.0,0.0,0.0,0.0,0.0,0.0,0.0,0.0,0.0,0.0,0.0,0.0,0.0,0.0,0.0,0.0,0.0,0.0,0.0,0.8878042101860046,1.2294870615005493,0.26463568210601807,0.07119294255971909,0.06995490193367004,1.1582940816879272,0.27547675371170044,0.9301221370697021,0.0001,-0.2990269362926483,-0.3081539571285248,-0.2065626084804535,-0.20576569437980652,-0.205364391207695,0.3038296699523926,-0.2993263900279999,-0.30045148730278015,-0.19926103949546814,-0.19979991018772125,-0.20093192160129547,0.01805919036269188,0.12502293288707733,0.01798621006309986,0.11948876082897186
10,180,199,20,20,3701,3701,0,0.0,3701,0,0.0,0,40.66229940000267,24.523418199973094,0.2343931999967026,25.940425400058302,45.94058170000062,42.7352987913454,quality,,,False,,not_promoted,-0.0005316262550908944,0.008444059013935,0.548161438826857,-0.001791211439232374,0.001643094258254458,0.016191749351805652,1.0005382494679813,0.4058592578331972,0.28448275862068967,0.0,0.0,0.0,0.0,0.0,0.0,0.0,0.0,0.0,0.0,0.0,0.0,0.0,0.0,0.0,0.0,0.0,0.0,0.0,0.0,0.0,0.0,0.0,0.0,0.0,0.0,1.1980308294296265,1.3313512802124023,0.2911608815193176,0.043608952313661575,0.11537742614746094,1.2877424955368042,0.27233171463012695,0.8429725170135498,0.0001,-0.29926565289497375,-0.3086749315261841,-0.2069503217935562,-0.20612382888793945,-0.20576782524585724,0.30432599782943726,-0.29952743649482727,-0.30058571696281433,-0.19933302700519562,-0.19999423623085022,-0.20063911378383636,0.0180553887039423,0.12525583803653717,0.01798621006309986,0.11958155781030655
11,200,219,20,20,3797,3797,0,0.0,3797,0,0.0,0,55.74364780000178,25.067375799946603,0.19754950000424287,28.05198119992565,47.607387500000186,36.738867578619484,quality,,,False,,catastrophic_rolled_back,-0.0012535001616925002,0.0010978447336431904,0.5985157124698162,-0.006689734240838637,0.00242804359774406,0.026829117070883514,1.0001203080018362,0.31371924097960197,0.15,0.0,0.0,0.0,0.0,0.0,0.0,0.0,0.0,0.0,0.0,0.0,0.0,0.0,0.0,0.0,0.0,0.0,0.0,0.0,0.0,0.0,0.0,0.0,0.0,0.0,0.0,1.1871107816696167,1.3938071727752686,0.28326547145843506,0.03967490792274475,0.06726748496294022,1.3541322946548462,0.28590741753578186,0.9436072707176208,0.0001,-0.29907646775245667,-0.30905258655548096,-0.20701883733272552,-0.20638695359230042,-0.2060062140226364,0.3047216236591339,-0.2999251186847687,-0.3003687858581543,-0.19941172003746033,-0.20010219514369965,-0.20027077198028564,0.018056726083159447,0.1253230720758438,0.01798621006309986,0.11929808557033539
12,220,239,20,20,4020,4020,0,0.0,4020,0,0.0,0,57.225601000001916,27.360615500037966,0.22485099999903468,27.947602899977937,53.399015200000576,36.33910912497168,quality,,,False,,pending,-0.0007540600315209419,0.0016372344227478144,0.5028347966689912,-0.004963790395459722,0.0014380223149182423,0.01763774420592993,0.9996980272588276,0.3286538675782226,0.10317460317460317,0.0,0.0,0.0,0.0,0.0,0.0,0.0,0.0,0.0,0.0,0.0,0.0,0.0,0.0,0.0,0.0,0.0,0.0,0.0,0.0,0.0,0.0,0.0,0.0,0.0,0.0,0.693866491317749,1.2830334901809692,0.31646883487701416,0.07169438898563385,0.08178488910198212,1.2113391160964966,0.3365757465362549,0.9332141876220703,0.0001,-0.2993081212043762,-0.30845266580581665,-0.2063402235507965,-0.20597611367702484,-0.2056172788143158,0.3045153021812439,-0.29973840713500977,-0.30121085047721863,-0.1989237368106842,-0.19993217289447784,-0.20100508630275726,0.01811792515218258,0.12485434859991074,0.01798621006309986,0.1195015087723732
13,240,259,20,20,3604,3604,0,0.0,3604,0,0.0,0,42.92781489999834,24.623254399997677,0.21359850000226288,23.56738859991674,45.74109300000055,40.645589140046745,quality,,,False,,pending,5.10542539128086e-05,0.009950536048946608,0.540192107882416,-0.0003755984525604729,0.0014600040203572064,0.01493969298245614,1.0000261962413788,0.3629860168551667,0.18421052631578946,0.0,0.0,0.0,0.0,0.0,0.0,0.0,0.0,0.0,0.0,0.0,0.0,0.0,0.0,0.0,0.0,0.0,0.0,0.0,0.0,0.0,0.0,0.0,0.0,0.0,0.0,1.9681122303009033,1.3235156536102295,0.2791088819503784,0.0427975133061409,0.12180200219154358,1.2807180881500244,0.24993279576301575,0.8095585107803345,0.0001,-0.2996366620063782,-0.30830588936805725,-0.20626595616340637,-0.20587316155433655,-0.20551705360412598,0.30464616417884827,-0.29958444833755493,-0.30147767066955566,-0.19886545836925507,-0.19975359737873077,-0.20095978677272797,0.01814975030720234,0.12466713041067123,0.01798621006309986,0.1195240244269371
14,260,279,20,20,4169,4169,0,0.0,4169,0,0.0,0,60.38239809999868,29.91424840004038,0.1989969000023848,27.723089599923696,52.91523899999811,36.79688391312548,quality,,,False,,pending,0.0022062072671498313,0.0012708681699057872,0.5195815928957679,-0.0023541748100383716,0.0013890694054459868,0.017637310606060608,0.9997311527981902,0.3327075402732148,0.20454545454545456,0.0,0.0,0.0,0.0,0.0,0.0,0.0,0.0,0.0,0.0,0.0,0.0,0.0,0.0,0.0,0.0,0.0,0.0,0.0,0.0,0.0,0.0,0.0,0.0,0.0,0.0,0.9431203007698059,1.3403488397598267,0.28452226519584656,0.045548126101493835,0.06666794419288635,1.2948006391525269,0.3002448081970215,0.9450963139533997,0.0001,-0.2997623085975647,-0.30868998169898987,-0.20691493153572083,-0.2061155140399933,-0.20592603087425232,0.3052007257938385,-0.2994142770767212,-0.30052274465560913,-0.19910894334316254,-0.19967783987522125,-0.20058678090572357,0.01819097064435482,0.12509575486183167,0.01798621006309986,0.12035396695137024
15,280,299,20,20,4262,4262,0,0.0,4262,0,0.0,0,61.85507679999864,30.206544599990593,0.19936510000479757,33.48596710001948,54.25002699999823,36.70811928596816,quality,,,False,,pending,0.0004836655944697003,0.006995239722066378,0.5310792311358807,-0.0013295065337069222,0.0012154127486352462,0.012709888059701493,0.9988455963668539,0.3615824055315843,0.19402985074626866,0.0,0.0,0.0,0.0,0.0,0.0,0.0,0.0,0.0,0.0,0.0,0.0,0.0,0.0,0.0,0.0,0.0,0.0,0.0,0.0,0.0,0.0,0.0,0.0,0.0,0.0,1.59299635887146,1.3761612176895142,0.2944483458995819,0.030977504327893257,0.1026201918721199,1.3451837301254272,0.2840384840965271,0.8785360455513,0.0001,-0.2998768389225006,-0.30913877487182617,-0.20727674663066864,-0.20641784369945526,-0.20620079338550568,0.3055797815322876,-0.29965171217918396,-0.3007175028324127,-0.19920465350151062,-0.19980056583881378,-0.20039628446102142,0.01823265291750431,0.12536972761154175,0.01798621006309986,0.12020327895879745
16,300,319,20,20,4442,4442,0,0.0,4442,0,0.0,0,69.54419659999985,29.77565179998419,0.2064027000014903,40.262182199934614,57.033964999998716,35.092941340365066,quality,,,False,,not_promoted,0.0011282365103917464,0.0010003726617599437,0.533126354430403,-0.0037028405333070884,0.0014891198540551288,0.017857142857142856,1.0001969056470053,0.32091036827436514,0.14285714285714285,0.0,0.0,0.0,0.0,0.0,0.0,0.0,0.0,0.0,0.0,0.0,0.0,0.0,0.0,0.0,0.0,0.0,0.0,0.0,0.0,0.0,0.0,0.0,0.0,0.0,0.0,0.911754310131073,1.4300167560577393,0.2693925201892853,0.036093223839998245,0.06415995955467224,1.3939235210418701,0.2876947820186615,0.9432772397994995,0.0001,-0.29975783824920654,-0.3097737431526184,-0.20781747996807098,-0.20689363777637482,-0.20665037631988525,0.30620238184928894,-0.3000333309173584,-0.30092495679855347,-0.19915926456451416,-0.20003099739551544,-0.2007950395345688,0.018312091007828712,0.12569454312324524,0.01798621006309986,0.12001916766166687
17,320,339,20,20,4135,4135,0,0.0,4135,0,0.0,0,54.91762200000085,27.702116600077716,0.19939069999963976,32.3532960000739,52.37542639999447,38.53930950479156,quality,,,False,,not_promoted,-0.0007033236897908725,0.0005207840303997867,0.5422256460556617,-0.005865187753135195,0.0015910410778955197,0.017418639075297577,1.0006233004423288,0.2611318174749613,0.07692307692307693,0.0,0.0,0.0,0.0,0.0,0.0,0.0,0.0,0.0,0.0,0.0,0.0,0.0,0.0,0.0,0.0,0.0,0.0,0.0,0.0,0.0,0.0,0.0,0.0,0.0,0.0,0.8167518377304077,1.4123342037200928,0.24533042311668396,0.02375735528767109,0.041846055537462234,1.388576865196228,0.2514271140098572,0.9709057807922363,0.0001,-0.299237459897995,-0.31001949310302734,-0.20814934372901917,-0.20705407857894897,-0.20680679380893707,0.3061118423938751,-0.3004172146320343,-0.3004457950592041,-0.19905351102352142,-0.2003176361322403,-0.20071762800216675,0.01833394542336464,0.1258876472711563,0.01798621006309986,0.11981121450662613
18,340,359,20,20,4167,4167,0,0.0,4167,0,0.0,0,59.0102951000008,28.072485599965148,0.19758280000678496,25.05267869983072,51.63568150000356,37.6606554349834,quality,,,False,,not_promoted,-0.0010135079113145669,0.005368226734527993,0.49876648458567535,-0.0033170593069922743,0.0006915651886656908,0.0052252435548739,1.0000093213536523,0.2854382096027786,0.045454545454545456,0.0,0.0,0.0,0.0,0.0,0.0,0.0,0.0,0.0,0.0,0.0,0.0,0.0,0.0,0.0,0.0,0.0,0.0,0.0,0.0,0.0,0.0,0.0,0.0,0.0,0.0,2.747103452682495,1.407561182975769,0.2663106620311737,0.00504987733438611,0.08451016247272491,1.402511477470398,0.2413567155599594,0.8992974162101746,0.0001,-0.2992788255214691,-0.31031161546707153,-0.20844338834285736,-0.20726828277111053,-0.20699359476566315,0.3064948320388794,-0.30045172572135925,-0.30025553703308105,-0.19902215898036957,-0.20030930638313293,-0.20060695707798004,0.018343685194849968,0.12600195407867432,0.01798621006309986,0.11977899819612503
19,360,379,20,20,4632,4632,0,0.0,4632,0,0.0,0,67.77591599999869,31.598313199996483,0.2158364000133588,32.20667720034544,58.136700299997756,36.78741762433008,quality,,,False,,not_promoted,0.0006367597467431876,0.0006749585315932788,0.4826312446839189,-0.003852073313693886,0.0013810078476313246,0.01537528542214877,1.0001219931530625,0.24819509697797365,0.0684931506849315,0.0,0.0,0.0,0.0,0.0,0.0,0.0,0.0,0.0,0.0,0.0,0.0,0.0,0.0,0.0,0.0,0.0,0.0,0.0,0.0,0.0,0.0,0.0,0.0,0.0,0.0,0.6880955696105957,1.4470579624176025,0.23506870865821838,0.012121167965233326,0.03547738865017891,1.434936761856079,0.23736928403377533,0.9772220849990845,0.0001,-0.2994866371154785,-0.3105361759662628,-0.20856943726539612,-0.20742203295230865,-0.20715513825416565,0.30680403113365173,-0.30014345049858093,-0.2994478940963745,-0.19923457503318787,-0.20002391934394836,-0.199893981218338,0.018415722995996475,0.12609000504016876,0.01798621006309986,0.11983264237642288
20,380,399,20,20,4202,4202,0,0.0,4202,0,0.0,0,54.24942519999604,30.305596700032766,0.2193929999921238,24.33847660036554,52.753293199995824,39.27003035840928,quality,,,False,,accepted_98,0.00017306262232137448,0.0003193952989849177,0.44737836334741476,-0.00414102309503395,0.0009195419345566982,0.012547348484848484,0.999747195930192,0.19564076055857268,0.022727272727272728,0.0,0.0,0.0,0.0,0.0,0.0,0.0,0.0,0.0,0.0,0.0,0.0,0.0,0.0,0.0,0.0,0.0,0.0,0.0,0.0,0.0,0.0,0.0,0.0,0.0,0.0,0.6547993421554565,1.4549179077148438,0.2579873204231262,0.00579842971637845,0.025969723239541054,1.4491195678710938,0.2559860944747925,0.9898669719696045,0.0001,-0.29938212037086487,-0.3114083409309387,-0.20903415977954865,-0.20803198218345642,-0.2077394723892212,0.30707332491874695,-0.29984498023986816,-0.2994421720504761,-0.1991722732782364,-0.1998205929994583,-0.19987162947654724,0.018409129232168198,0.12632319331169128,0.01798621006309986,0.11971305310726166
21,400,419,20,20,3827,3827,0,0.0,3827,0,0.0,0,51.659534799997346,25.747616100066807,0.1973446000047261,23.74674859978404,46.60314069999731,38.946629333334286,quality,,,False,,not_promoted,-0.000708895114560922,0.00019821122550638391,0.46864938164750736,-0.005296283680945635,0.0004417448915774003,0.0036790236985931794,1.000148212412993,0.20029678860058386,0.016666666666666666,0.0,0.0,0.0,0.0,0.0,0.0,0.0,0.0,0.0,0.0,0.0,0.0,0.0,0.0,0.0,0.0,0.0,0.0,0.0,0.0,0.0,0.0,0.0,0.0,0.0,0.0,0.5408428311347961,1.4555577039718628,0.25030168890953064,0.004228485282510519,0.01948491856455803,1.451329231262207,0.24887634813785553,0.9939400553703308,0.0001,-0.2995850443840027,-0.31254899501800537,-0.20966190099716187,-0.20883172750473022,-0.2085295170545578,0.30814266204833984,-0.29975980520248413,-0.3003385365009308,-0.19907014071941376,-0.19973772764205933,-0.19977304339408875,0.018403373658657074,0.12666523456573486,0.01798621006309986,0.12000490725040436
22,420,439,20,20,3956,3956,0,0.0,3956,0,0.0,0,44.560461200002464,26.516475399977935,0.18782110001484398,21.392075499847124,50.46525970000221,41.63083386826277,quality,,,False,,not_promoted,-0.0012100192327653208,0.00014908640696376096,0.4731571426795375,-0.005867047199694019,0.0011847705233864667,0.012339097417650683,1.00034040356836,0.19237606404649635,0.03225806451612903,0.0,0.0,0.0,0.0,0.0,0.0,0.0,0.0,0.0,0.0,0.0,0.0,0.0,0.0,0.0,0.0,0.0,0.0,0.0,0.0,0.0,0.0,0.0,0.0,0.0,0.0,0.6605414152145386,1.4352765083312988,0.25564053654670715,0.003275509225204587,0.015447612851858139,1.432000994682312,0.254545122385025,0.9963485598564148,0.0001,-0.2993675172328949,-0.3129953145980835,-0.2101944386959076,-0.20912496745586395,-0.20887072384357452,0.30857226252555847,-0.299841970205307,-0.30008718371391296,-0.19926607608795166,-0.1998623013496399,-0.19952361285686493,0.018457038328051567,0.12691622972488403,0.01798621006309986,0.12025503069162369
23,440,459,20,20,4039,4039,0,0.0,4039,0,0.0,0,61.27955369999836,27.866162000078475,0.19511860000056913,24.41746150002291,50.41294119999657,36.16178511919142,quality,,,False,,not_promoted,0.0018368037635809742,0.00017595628102640148,0.45115068450104445,-0.0025867251824820414,0.0008656311896260149,0.0111083984375,0.9987751287408173,0.18051285823457874,0.0234375,0.0,0.0,0.0,0.0,0.0,0.0,0.0,0.0,0.0,0.0,0.0,0.0,0.0,0.0,0.0,0.0,0.0,0.0,0.0,0.0,0.0,0.0,0.0,0.0,0.0,0.0,0.6930781602859497,1.470020055770874,0.2561364471912384,0.0032598739489912987,0.0160997174680233,1.4667601585388184,0.25879722833633423,0.9960491061210632,0.0001,-0.29902881383895874,-0.3123789131641388,-0.20989379286766052,-0.20872005820274353,-0.20841413736343384,0.307760626077652,-0.3003043830394745,-0.2998867630958557,-0.1990918070077896,-0.2001124620437622,-0.19978469610214233,0.018481440842151642,0.12673303484916687,0.01798621006309986,0.12064521014690399
24,460,479,20,20,4777,4777,0,0.0,4777,0,0.0,0,78.56483799999842,33.58376130004035,0.1969236000077217,33.62828609987628,59.42231759999413,34.61916422024035,quality,,,False,,not_promoted,0.00042371391008297603,0.005042768836719915,0.44681247184673945,-0.0015230258336911598,0.0007694269631368419,0.010683434953292211,1.000513585805893,0.2278593401114146,0.05333333333333334,0.0,0.0,0.0,0.0,0.0,0.0,0.0,0.0,0.0,0.0,0.0,0.0,0.0,0.0,0.0,0.0,0.0,0.0,0.0,0.0,0.0,0.0,0.0,0.0,0.0,0.0,1.29184889793396,1.4875292778015137,0.2708995044231415,-0.0031236326321959496,0.07859477400779724,1.4906527996063232,0.24650628864765167,0.9158273339271545,0.0001,-0.299286812543869,-0.3125082850456238,-0.2099575251340866,-0.20879687368869781,-0.20849718153476715,0.3081101179122925,-0.2995871901512146,-0.29952195286750793,-0.1986936330795288,-0.19962909817695618,-0.20010331273078918,0.018488820642232895,0.1270047277212143,0.01798621006309986,0.1206095963716507
25,480,499,20,20,4248,4248,0,0.0,4248,0,0.0,0,52.80251689999568,28.747716899844818,0.20924529998592334,24.153675500267127,52.83928430000378,40.21135527552915,quality,,,False,,not_promoted,-0.00049595258879795,0.0004309129265072728,0.43070857315810757,-0.004587581203972448,0.0010882516090980551,0.01177705223880597,1.0003941277069832,0.15356783788484424,0.014925373134328358,0.0,0.0,0.0,0.0,0.0,0.0,0.0,0.0,0.0,0.0,0.0,0.0,0.0,0.0,0.0,0.0,0.0,0.0,0.0,0.0,0.0,0.0,0.0,0.0,0.0,0.0,0.5678190588951111,1.4845587015151978,0.26476097106933594,0.0026299464516341686,0.02711869776248932,1.4819287061691284,0.2713591754436493,0.9895086884498596,0.0001,-0.2992188632488251,-0.3126146197319031,-0.2102365493774414,-0.2088606357574463,-0.2084660679101944,0.30838605761528015,-0.29967930912971497,-0.2992507517337799,-0.19871844351291656,-0.19971367716789246,-0.20036546885967255,0.01854662038385868,0.12722203135490417,0.01798621006309986,0.12079492211341858
26,500,519,20,20,3866,3866,0,0.0,3866,0,0.0,0,47.90431720000197,25.92959470009373,0.1959696000049007,23.24325480007974,50.69891269999789,39.20764060082788,quality,,,False,,not_promoted,-0.0009584654653139534,0.0002639461171548035,0.421162835154377,-0.00503812058538687,0.0006543193069729404,0.008768127376183134,1.000004989690468,0.13070748972355342,0.0,0.0,0.0,0.0,0.0,0.0,0.0,0.0,0.0,0.0,0.0,0.0,0.0,0.0,0.0,0.0,0.0,0.0,0.0,0.0,0.0,0.0,0.0,0.0,0.0,0.0,0.0,0.46053776144981384,1.462342619895935,0.25351256132125854,0.003072136314585805,0.02114049717783928,1.4592704772949219,0.26204729080200195,0.9930460453033447,0.0001,-0.29943570494651794,-0.3134341537952423,-0.2107161581516266,-0.20942874252796173,-0.2090221345424652,0.3093920648097992,-0.29952940344810486,-0.2991222143173218,-0.19906678795814514,-0.19955451786518097,-0.2001802921295166,0.01856357231736183,0.12762366235256195,0.01798621006309986,0.12156644463539124
27,520,539,20,20,3780,3780,0,0.0,3780,0,0.0,0,47.92632250000315,24.371720599949185,0.18725989997619763,17.602269800285285,46.93728679999913,39.8466812288989,quality,,,False,,not_promoted,0.003217172591636578,0.00014792941735019364,0.4176239003737768,-0.0008851022420761485,0.0006021653651259839,0.00546875,0.9998047625025114,0.15659085906421144,0.008333333333333333,0.0,0.0,0.0,0.0,0.0,0.0,0.0,0.0,0.0,0.0,0.0,0.0,0.0,0.0,0.0,0.0,0.0,0.0,0.0,0.0,0.0,0.0,0.0,0.0,0.0,0.0,0.6188732981681824,1.445328950881958,0.25744494795799255,0.0028678951784968376,0.013470600359141827,1.4424611330032349,0.261594295501709,0.997262179851532,0.0001,-0.29935193061828613,-0.3136953115463257,-0.21078069508075714,-0.20958968997001648,-0.20913833379745483,0.3094731271266937,-0.2999221384525299,-0.29923611879348755,-0.19925393164157867,-0.19985657930374146,-0.20043067634105682,0.01853400096297264,0.1278098225593567,0.01798621006309986,0.12142271548509598
28,540,559,20,20,4576,4576,0,0.0,4576,0,0.0,0,61.32520179999847,31.583927700026834,0.188166599975375,23.61011599986523,55.86551529999997,39.04746137951622,quality,,,False,,not_promoted,0.00039238032574454945,0.0034452630865820944,0.3720982595243388,-0.0016059706863921343,0.0004973700431744672,0.0037977430555555555,1.000075297223197,0.1862814121413976,0.013888888888888888,0.0,0.0,0.0,0.0,0.0,0.0,0.0,0.0,0.0,0.0,0.0,0.0,0.0,0.0,0.0,0.0,0.0,0.0,0.0,0.0,0.0,0.0,0.0,0.0,0.0,0.0,0.5716889500617981,1.4291090965270996,0.2744317054748535,-0.0043648784048855305,0.07221171259880066,1.433474063873291,0.25668084621429443,0.9307616353034973,0.0001,-0.29927876591682434,-0.31374669075012207,-0.21082207560539246,-0.20962949097156525,-0.20917415618896484,0.30947598814964294,-0.29979848861694336,-0.29913681745529175,-0.19917383790016174,-0.19977471232414246,-0.20043613016605377,0.01854192465543747,0.12797951698303223,0.01798621006309986,0.1215362623333931
29,560,579,20,20,4530,4530,0,0.0,4530,0,0.0,0,77.48605659999885,31.540945999971882,0.23719639999762876,22.689363900244643,55.350874799994926,34.10196209937602,quality,,,False,,not_promoted,-0.00021039375143361763,0.000417799181710686,0.37084109567000834,-0.0037099051151529582,0.0008282981436653719,0.010875880272245743,0.9992552899139028,0.15550716382674348,0.014084507042253521,0.0,0.0,0.0,0.0,0.0,0.0,0.0,0.0,0.0,0.0,0.0,0.0,0.0,0.0,0.0,0.0,0.0,0.0,0.0,0.0,0.0,0.0,0.0,0.0,0.0,0.0,1.0560529232025146,1.464288592338562,0.25998416543006897,0.0018187210662290454,0.02777070738375187,1.4624698162078857,0.26653537154197693,0.9885901212692261,0.0001,-0.29930534958839417,-0.3142605125904083,-0.21134205162525177,-0.21000272035598755,-0.20941993594169617,0.30958476662635803,-0.29854512214660645,-0.2983458936214447,-0.19929929077625275,-0.19886599481105804,-0.2002503126859665,0.01853116787970066,0.1283016949892044,0.01798621006309986,0.12177922576665878
30,580,599,20,20,4015,4015,0,0.0,4015,0,0.0,0,55.03198639999755,27.727441099952557,0.22409029999835184,23.30881979991682,50.486221800005296,38.050304952011984,quality,,,False,,not_promoted,-0.00023846983140896237,0.0060139343048730455,0.4297247744268841,-0.001528750861152297,0.00029931380863889076,0.0013640873015873015,0.9996298485332065,0.21750996888629973,0.03968253968253968,0.0,0.0,0.0,0.0,0.0,0.0,0.0,0.0,0.0,0.0,0.0,0.0,0.0,0.0,0.0,0.0,0.0,0.0,0.0,0.0,0.0,0.0,0.0,0.0,0.0,0.0,0.9895217418670654,1.4614840745925903,0.27496248483657837,-0.005840894766151905,0.08171888440847397,1.4673248529434204,0.2496570199728012,0.9116721153259277,0.0001,-0.298831582069397,-0.3145374655723572,-0.21154403686523438,-0.21020656824111938,-0.2095821052789688,0.3095332086086273,-0.2985600233078003,-0.29843977093696594,-0.1991463005542755,-0.19886833429336548,-0.19969698786735535,0.01854480803012848,0.12863638997077942,0.01798621006309986,0.1218293160200119
31,600,619,20,20,4783,4783,0,0.0,4783,0,0.0,0,73.244079899996,33.216130499997234,0.18887409998569638,28.620205899889697,60.09863190000033,35.86997695962661,quality,,,False,,not_promoted,-0.0006411047093570232,0.0004716239552362822,0.3979770465691884,-0.004385063416945437,0.0004023142487858422,0.0021875,1.0002050586541493,0.16434933754305045,0.013333333333333334,0.0,0.0,0.0,0.0,0.0,0.0,0.0,0.0,0.0,0.0,0.0,0.0,0.0,0.0,0.0,0.0,0.0,0.0,0.0,0.0,0.0,0.0,0.0,0.0,0.0,0.0,0.9931581616401672,1.4858131408691406,0.2703021764755249,0.0002896331425290555,0.02968645468354225,1.4855235815048218,0.2791166305541992,0.9879380464553833,0.0001,-0.29885736107826233,-0.3153173625469208,-0.21191665530204773,-0.21074697375297546,-0.21006321907043457,0.31007611751556396,-0.2987285852432251,-0.2985365688800812,-0.1987667977809906,-0.1989201158285141,-0.19983547925949097,0.018543267622590065,0.1289496272802353,0.01798621006309986,0.12201827764511108
32,620,639,20,20,4024,4024,0,0.0,4024,0,0.0,0,49.69657790000201,27.32616899994173,0.22686899999825982,23.632471600132703,50.67622430000483,40.09054157899883,quality,,,False,,not_promoted,1.2024852728086804e-06,0.00037836182644472474,0.4342972995742919,-0.004152589551513157,0.0006038106623150053,0.006820436507936508,0.9992380525384631,0.16109116245356817,0.031746031746031744,0.0,0.0,0.0,0.0,0.0,0.0,0.0,0.0,0.0,0.0,0.0,0.0,0.0,0.0,0.0,0.0,0.0,0.0,0.0,0.0,0.0,0.0,0.0,0.0,0.0,0.0,1.0854897499084473,1.4534287452697754,0.2784094214439392,0.0007330848602578044,0.025708859786391258,1.452695608139038,0.2875613570213318,0.9914729595184326,0.0001,-0.29901647567749023,-0.3155515193939209,-0.2121906876564026,-0.21090923249721527,-0.21021123230457306,0.3103993535041809,-0.2986028790473938,-0.29867681860923767,-0.1986672729253769,-0.19886964559555054,-0.20022454857826233,0.018552575260400772,0.12905876338481903,0.01798621006309986,0.12147902697324753
33,640,659,20,20,4070,4070,0,0.0,4070,0,0.0,0,54.03678989999753,27.136241800042626,0.18503250001958804,23.7703219001487,52.151469900003576,38.32815423913706,quality,,,False,,not_promoted,-0.001117329353292007,0.00024194394592313984,0.44074396858923137,-0.005403797260441934,0.0010941101083972171,0.016280324838589877,1.0001205280423164,0.1706291829032125,0.0390625,0.0,0.0,0.0,0.0,0.0,0.0,0.0,0.0,0.0,0.0,0.0,0.0,0.0,0.0,0.0,0.0,0.0,0.0,0.0,0.0,0.0,0.0,0.0,0.0,0.0,0.0,0.7863308191299438,1.44835364818573,0.2580815255641937,0.0013502873480319977,0.01942710392177105,1.4470033645629883,0.26416051387786865,0.9943336844444275,0.0001,-0.2987377941608429,-0.31580469012260437,-0.21223102509975433,-0.211040660738945,-0.21032008528709412,0.3104976415634155,-0.29849931597709656,-0.298532634973526,-0.19865782558918,-0.1988997459411621,-0.20016446709632874,0.018620023503899574,0.12905842065811157,0.01798621006309986,0.12152387201786041
34,660,679,20,20,4674,4674,0,0.0,4674,0,0.0,0,65.78270849999535,32.080035500031954,0.19945989998814184,29.616818799971952,62.149588900007075,36.53494930514639,quality,,,False,,accepted_98,-0.004553668175798816,0.003694541514700272,0.4499629776220064,-0.007206027323656992,0.0005832145783446125,0.003272804054054054,0.999654299101314,0.18862042251370242,0.0472972972972973,0.0,0.0,0.0,0.0,0.0,0.0,0.0,0.0,0.0,0.0,0.0,0.0,0.0,0.0,0.0,0.0,0.0,0.0,0.0,0.0,0.0,0.0,0.0,0.0,0.0,0.0,0.8400404453277588,1.4971195459365845,0.27153465151786804,-0.00672902399674058,0.07500963658094406,1.503848671913147,0.2480935901403427,0.923689603805542,0.0001,-0.2993484437465668,-0.31567123532295227,-0.21211647987365723,-0.2109440416097641,-0.21021033823490143,0.3105427026748657,-0.2985326945781708,-0.29853111505508423,-0.19853125512599945,-0.19893579185009003,-0.20006915926933289,0.018642162904143333,0.12888000905513763,0.01798621006309986,0.12158477306365967
35,680,699,20,20,4121,4121,0,0.0,4121,0,0.0,0,54.887349499993434,29.475827699978254,0.19608840000000782,25.68191610017675,52.9367373999994,38.21966054599878,quality,,,False,,not_promoted,-0.0013877693563699722,0.005106643412280111,0.44463851749897004,-0.0032808330626441884,0.000926247243814242,0.011725961531584079,0.9995025717295133,0.2448054013057397,0.12307692307692308,0.0,0.0,0.0,0.0,0.0,0.0,0.0,0.0,0.0,0.0,0.0,0.0,0.0,0.0,0.0,0.0,0.0,0.0,0.0,0.0,0.0,0.0,0.0,0.0,0.0,0.0,1.8340109586715698,1.4399938583374023,0.29249224066734314,-0.00888110976666212,0.0932573452591896,1.4488749504089355,0.26052722334861755,0.8983429670333862,0.0001,-0.29903098940849304,-0.315707266330719,-0.2120598703622818,-0.21096642315387726,-0.21022838354110718,0.31036826968193054,-0.2983495593070984,-0.29835760593414307,-0.1985848993062973,-0.19881360232830048,-0.19996103644371033,0.01856010966002941,0.12881560623645782,0.01798621006309986,0.12161621451377869
36,700,719,20,20,4227,4227,0,0.0,4227,0,0.0,0,54.771879400002945,30.36078739989898,0.2068656000046758,23.236319499861565,52.19525929999509,39.51680910017721,quality,,,False,,not_promoted,-0.0007199432923277812,0.005420942619006817,0.43301605444345903,-0.0023396321096276836,0.00022306435149308093,0.0004664179104477612,0.9999765704816846,0.3368174239520484,0.15671641791044777,0.0,0.0,0.0,0.0,0.0,0.0,0.0,0.0,0.0,0.0,0.0,0.0,0.0,0.0,0.0,0.0,0.0,0.0,0.0,0.0,0.0,0.0,0.0,0.0,0.0,0.0,1.0403127670288086,1.451013445854187,0.3086337149143219,-0.013907745480537415,0.09178557991981506,1.464921236038208,0.28053560853004456,0.9115572571754456,0.0001,-0.29843902587890625,-0.31543782353401184,-0.21196801960468292,-0.210760235786438,-0.21004550158977509,0.30969589948654175,-0.29804033041000366,-0.29799774289131165,-0.19857384264469147,-0.1985960602760315,-0.1997160017490387,0.018516073003411293,0.1287408322095871,0.01798621006309986,0.12181922048330307
37,720,739,20,20,4797,4797,0,0.0,4797,0,0.0,0,71.69015129999752,33.06626609999512,0.19461779999983264,33.83008450017951,62.42760040000576,35.76707735699302,quality,,,False,,not_promoted,0.00017570124939084053,0.0023576323544451344,0.4282779985666275,-0.0029282620502635837,0.001590466212752896,0.021260245889425277,1.0000295639038086,0.20616589466730753,0.04,0.0,0.0,0.0,0.0,0.0,0.0,0.0,0.0,0.0,0.0,0.0,0.0,0.0,0.0,0.0,0.0,0.0,0.0,0.0,0.0,0.0,0.0,0.0,0.0,0.0,0.0,0.7290002107620239,1.4657443761825562,0.3672162592411041,-0.012263352982699871,0.06616620719432831,1.4780076742172241,0.363182932138443,0.9675340056419373,0.0001,-0.298875093460083,-0.316077321767807,-0.21221081912517548,-0.21118974685668945,-0.21050134301185608,0.3106835186481476,-0.29875344038009644,-0.29835692048072815,-0.19889914989471436,-0.19903013110160828,-0.19976313412189484,0.01848468743264675,0.12893377244472504,0.01798621006309986,0.12177997827529907
38,740,759,20,20,4228,4228,0,0.0,4228,0,0.0,0,65.23642290000134,29.37531630010926,0.19068139999581035,26.275541099865222,53.875496900000144,35.496027661204295,quality,,,False,,accepted_98,-0.00016401066625518587,0.006841238947331544,0.43995413384330806,-0.0011429331185462983,0.0006197500946139221,0.00792910447761194,0.99988964288982,0.26434808253630326,0.1044776119402985,0.0,0.0,0.0,0.0,0.0,0.0,0.0,0.0,0.0,0.0,0.0,0.0,0.0,0.0,0.0,0.0,0.0,0.0,0.0,0.0,0.0,0.0,0.0,0.0,0.0,0.0,0.8957487344741821,1.4256906509399414,0.31670278310775757,-0.010529836639761925,0.09162349998950958,1.436220407485962,0.31343546509742737,0.9163029789924622,0.0001,-0.2990587651729584,-0.31683748960494995,-0.2127978354692459,-0.211717888712883,-0.21104475855827332,0.3112483024597168,-0.29896530508995056,-0.29831334948539734,-0.19904009997844696,-0.19920714199543,-0.19929775595664978,0.018481561914086342,0.12925048172473907,0.01798621006309986,0.12183801829814911
39,760,779,20,20,4009,4009,0,0.0,4009,0,0.0,0,58.195357600001444,26.768442899978254,0.1921091999975033,21.186484799996833,51.95324420000543,36.396285876410914,quality,,,False,,not_promoted,-0.0010104311097945487,0.0006018136541353583,0.4364146628077068,-0.005073671129399112,0.0004066023571390866,0.001736111111111111,1.0000325280522544,0.16510901712472476,0.015873015873015872,0.0,0.0,0.0,0.0,0.0,0.0,0.0,0.0,0.0,0.0,0.0,0.0,0.0,0.0,0.0,0.0,0.0,0.0,0.0,0.0,0.0,0.0,0.0,0.0,0.0,0.0,0.6197712421417236,1.4922618865966797,0.29884299635887146,-0.008112659677863121,0.03206956014037132,1.5003745555877686,0.3084679841995239,0.9884840250015259,0.0001,-0.2992367446422577,-0.3176417350769043,-0.21340696513652802,-0.2122938483953476,-0.211605042219162,0.3118119537830353,-0.29863274097442627,-0.2983863055706024,-0.1987345665693283,-0.19895970821380615,-0.19933025538921356,0.018491702154278755,0.12964607775211334,0.01798621006309986,0.12191621214151382
40,780,799,20,20,4625,4625,0,0.0,4625,0,0.0,0,67.52615469999728,30.411337999983516,0.195038800004113,30.896815799947944,58.70789479999803,36.6382922699487,quality,,,False,,accepted_98,-0.0007760417392502909,0.004662381449223126,0.4233254035041757,-0.0026781045806224214,0.00016845248987234823,0.0,0.9999372648866209,0.16761080933454103,0.00684931506849315,0.0,0.0,0.0,0.0,0.0,0.0,0.0,0.0,0.0,0.0,0.0,0.0,0.0,0.0,0.0,0.0,0.0,0.0,0.0,0.0,0.0,0.0,0.0,0.0,0.0,0.0,0.6889907717704773,1.5119060277938843,0.3038218319416046,-0.013888971880078316,0.07939275354146957,1.5257949829101562,0.29276853799819946,0.9317152500152588,5e-05,-0.29920005798339844,-0.3180590271949768,-0.21365638077259064,-0.21259181201457977,-0.21192088723182678,0.312221884727478,-0.29882147908210754,-0.29854321479797363,-0.1990056037902832,-0.1990499198436737,-0.1992323100566864,0.018498556688427925,0.12979476153850555,0.01798621006309986,0.12199471145868301
41,800,819,20,20,4676,4676,0,0.0,4676,0,0.0,0,67.10648799999763,33.064547999929346,0.18760830000974238,29.872411000484135,57.75036800000089,37.45088695810229,quality,,,False,,not_promoted,0.0021110213160313463,0.0027228703699153345,0.4199352663111042,-0.0007268960408337817,0.00013444122128389977,0.0,1.0000246912240982,0.18333970976842417,0.013513513513513514,0.0,0.0,0.0,0.0,0.0,0.0,0.0,0.0,0.0,0.0,0.0,0.0,0.0,0.0,0.0,0.0,0.0,0.0,0.0,0.0,0.0,0.0,0.0,0.0,0.0,0.0,0.6093851327896118,1.461706280708313,0.33483487367630005,-0.013292470946907997,0.06407589465379715,1.4749988317489624,0.3260432481765747,0.9633792042732239,5e-05,-0.2989906668663025,-0.3182319402694702,-0.21380630135536194,-0.2127130776643753,-0.21203385293483734,0.31218743324279785,-0.2989535629749298,-0.29890358448028564,-0.19900326430797577,-0.19913752377033234,-0.1992613822221756,0.018486710265278816,0.12987850606441498,0.01798621006309986,0.12192029505968094
42,820,839,20,20,4878,4878,0,0.0,4878,0,0.0,0,76.61624070000107,32.09443699995609,0.1951084000102128,29.335086700077227,62.21605290000298,35.13591739724638,quality,,,False,,accepted_98,-0.00039445544750272454,0.0007009275074554577,0.4304291918486744,-0.004348282947192912,0.0012732248268749371,0.011363636363636364,1.0002788893588177,0.17912972515279596,0.05194805194805195,0.0,0.0,0.0,0.0,0.0,0.0,0.0,0.0,0.0,0.0,0.0,0.0,0.0,0.0,0.0,0.0,0.0,0.0,0.0,0.0,0.0,0.0,0.0,0.0,0.0,0.0,0.8612399697303772,1.5022553205490112,0.2795635759830475,-0.005297564435750246,0.03386010229587555,1.5075527429580688,0.28998273611068726,0.9853305220603943,5e-05,-0.29904747009277344,-0.3184279501438141,-0.21387574076652527,-0.21285058557987213,-0.21217039227485657,0.3123842477798462,-0.2987287938594818,-0.2985397279262543,-0.19874374568462372,-0.1990031599998474,-0.1991453468799591,0.018486371263861656,0.12994413077831268,0.01798621006309986,0.12208948284387589
43,840,859,20,20,4925,4925,0,0.0,4925,0,0.0,0,72.53287350000028,34.71282309997332,0.19124330000340706,35.095124299958115,60.5027986999994,37.020145939473906,quality,,,False,,not_promoted,2.4703307101478823e-05,0.002175278430041107,0.43798078093435855,-0.0032674647571349687,9.723295300188641e-05,0.0,1.0001575555894282,0.162290862773533,0.012987012987012988,0.0,0.0,0.0,0.0,0.0,0.0,0.0,0.0,0.0,0.0,0.0,0.0,0.0,0.0,0.0,0.0,0.0,0.0,0.0,0.0,0.0,0.0,0.0,0.0,0.0,0.0,1.268485426902771,1.5020487308502197,0.3042431175708771,-0.011307005770504475,0.057557545602321625,1.5133556127548218,0.28748267889022827,0.9642099142074585,5e-05,-0.29914870858192444,-0.31835588812828064,-0.21380069851875305,-0.2127997726202011,-0.212125763297081,0.3123798072338104,-0.29868945479393005,-0.298465758562088,-0.19880937039852142,-0.1989765763282776,-0.19903498888015747,0.018484532833099365,0.1298934668302536,0.01798621006309986,0.12213309109210968
44,860,879,20,20,4686,4686,0,0.0,4686,0,0.0,0,64.18248989999847,30.376616199988348,0.19493260001763701,32.87024059970281,57.810439799999585,38.412062170518354,quality,,,False,,not_promoted,0.0018036558884321839,0.00044129228764496793,0.44608386334132505,-0.0024365366631615404,8.989176506388872e-05,0.0,1.000172271519094,0.1557362602671256,0.006756756756756757,0.0,0.0,0.0,0.0,0.0,0.0,0.0,0.0,0.0,0.0,0.0,0.0,0.0,0.0,0.0,0.0,0.0,0.0,0.0,0.0,0.0,0.0,0.0,0.0,0.0,0.0,0.580814778804779,1.546258568763733,0.2675229609012604,-0.005783723201602697,0.025676270946860313,1.5520422458648682,0.2691875100135803,0.9907882809638977,5e-05,-0.299164742231369,-0.31884920597076416,-0.21428674459457397,-0.21313691139221191,-0.21247442066669464,0.31263718008995056,-0.2987715005874634,-0.2983776330947876,-0.19885943830013275,-0.19907207787036896,-0.19878000020980835,0.01846775785088539,0.1301182210445404,0.01798621006309986,0.12226879596710205
45,880,899,20,20,4106,4106,0,0.0,4106,0,0.0,0,60.740718399996695,26.092854399961652,0.21603079999476904,23.828942600383016,52.04680739999458,36.404735105912906,quality,,,False,,not_promoted,-0.00529654800462035,0.0002934229358708343,0.42860587399739486,-0.009435894873996193,8.295220540136283e-05,0.0,0.9997352017806127,0.1829899856963983,0.007692307692307693,0.0,0.0,0.0,0.0,0.0,0.0,0.0,0.0,0.0,0.0,0.0,0.0,0.0,0.0,0.0,0.0,0.0,0.0,0.0,0.0,0.0,0.0,0.0,0.0,0.0,0.0,0.5930934548377991,1.4810636043548584,0.26342636346817017,-0.0029175167437642813,0.01932956837117672,1.4839810132980347,0.26964035630226135,0.9946157336235046,5e-05,-0.29913023114204407,-0.31895461678504944,-0.21440142393112183,-0.21321094036102295,-0.21252566576004028,0.312672883272171,-0.29867956042289734,-0.29809466004371643,-0.19910192489624023,-0.19903773069381714,-0.1985660046339035,0.01845613867044449,0.13011501729488373,0.01798621006309986,0.12230793386697769
46,900,919,20,20,4597,4597,0,0.0,4597,0,0.0,0,67.98739679999562,32.737236899927666,0.204110499988019,25.787820599929546,57.408746100001736,36.65981978142724,quality,,,False,,not_promoted,0.0002894928038585931,0.003071899260450866,0.3939225205944644,-0.0021137826277279398,3.842704065467236e-05,0.0,0.9999621440139081,0.19082322865465862,0.020833333333333332,0.0,0.0,0.0,0.0,0.0,0.0,0.0,0.0,0.0,0.0,0.0,0.0,0.0,0.0,0.0,0.0,0.0,0.0,0.0,0.0,0.0,0.0,0.0,0.0,0.0,0.0,2.7265548706054688,1.4967128038406372,0.3092852234840393,-0.010668843984603882,0.06560558080673218,1.5073816776275635,0.29161688685417175,0.9550051093101501,5e-05,-0.29919496178627014,-0.3189789950847626,-0.21440427005290985,-0.21322686970233917,-0.2125430554151535,0.31269118189811707,-0.29865124821662903,-0.29798373579978943,-0.19895754754543304,-0.19899997115135193,-0.19861261546611786,0.018462611362338066,0.1301283836364746,0.01798621006309986,0.12233938276767731
47,920,939,20,20,4467,4467,0,0.0,4467,0,0.0,0,65.17268090000289,29.809496700021555,0.19956910001201322,27.48959770010697,56.65756070000498,36.66577313920152,quality,,,False,,not_promoted,-0.0003076537079843027,0.009651731615719784,0.41338367366365025,0.0003843754280491599,0.0003371927808205198,0.0015625,1.0002268425055914,0.23847484559352908,0.03571428571428571,0.0,0.0,0.0,0.0,0.0,0.0,0.0,0.0,0.0,0.0,0.0,0.0,0.0,0.0,0.0,0.0,0.0,0.0,0.0,0.0,0.0,0.0,0.0,0.0,0.0,0.0,1.0089612007141113,1.462178111076355,0.3220154047012329,-0.016330623999238014,0.10825137794017792,1.478508710861206,0.2840368449687958,0.8869908452033997,5e-05,-0.2987842261791229,-0.31947004795074463,-0.21478697657585144,-0.21357421576976776,-0.21287615597248077,0.3129846751689911,-0.2988470494747162,-0.2980042099952698,-0.19899466633796692,-0.19913853704929352,-0.198203444480896,0.01847940869629383,0.13036037981510162,0.01798621006309986,0.12233785539865494
48,940,959,20,20,4683,4683,0,0.0,4683,0,0.0,0,68.93754260000424,31.234771299976273,0.21374950002063997,24.758845099895552,57.834899100002076,36.940205120303894,quality,,,False,,not_promoted,-0.0019169309352700774,0.003525552139271403,0.37951635458582156,-0.003949318428813304,2.4307450616647288e-05,0.0,0.9998128881325593,0.21167781845842665,0.04054054054054054,0.0,0.0,0.0,0.0,0.0,0.0,0.0,0.0,0.0,0.0,0.0,0.0,0.0,0.0,0.0,0.0,0.0,0.0,0.0,0.0,0.0,0.0,0.0,0.0,0.0,0.0,0.6773873567581177,1.4299689531326294,0.3444846570491791,-0.013658510521054268,0.08100569248199463,1.4436274766921997,0.30641013383865356,0.9447042942047119,5e-05,-0.2986913323402405,-0.31953322887420654,-0.21490374207496643,-0.21362639963626862,-0.21291732788085938,0.31305044889450073,-0.2985040843486786,-0.29790788888931274,-0.1989704668521881,-0.19892330467700958,-0.19819271564483643,0.01848658360540867,0.130405455827713,0.01798621006309986,0.12223204225301743
49,960,979,20,20,4888,4888,0,0.0,4888,0,0.0,0,68.96874150000076,32.598355599999195,0.20101939999585738,28.840958300024795,60.15996029999951,37.853706665236444,quality,,,False,,not_promoted,0.0005487628135975305,0.0013987720980272664,0.3733327710976848,-0.002485178590921516,0.0004750503303276,0.005478896103896104,0.9993690341324001,0.12734623824234131,0.0,0.0,0.0,0.0,0.0,0.0,0.0,0.0,0.0,0.0,0.0,0.0,0.0,0.0,0.0,0.0,0.0,0.0,0.0,0.0,0.0,0.0,0.0,0.0,0.0,0.0,0.0,0.4868954122066498,1.467231035232544,0.2848893702030182,0.0014842116506770253,0.053741950541734695,1.4657467603683472,0.30222636461257935,0.9644144177436829,5e-05,-0.2985747456550598,-0.31954634189605713,-0.2150578796863556,-0.21364665031433105,-0.21296574175357819,0.3130294680595398,-0.29867634177207947,-0.29817044734954834,-0.19898544251918793,-0.19904574751853943,-0.1983421891927719,0.0185091570019722,0.13053014874458313,0.01798621006309986,0.12222738564014435
50,980,999,20,20,5106,5106,0,0.0,5106,0,0.0,0,79.85796219999611,34.10518820003199,0.20039929999620654,32.902935399681155,67.04684770000313,34.75720096214513,quality,,,False,,not_promoted,9.109479142352939e-05,0.0010214880217063182,0.3994005430489779,-0.003392166446428746,0.00015577192971250042,0.00029296875,0.9999324548989534,0.16263521169312298,0.00625,0.0,0.0,0.0,0.0,0.0,0.0,0.0,0.0,0.0,0.0,0.0,0.0,0.0,0.0,0.0,0.0,0.0,0.0,0.0,0.0,0.0,0.0,0.0,0.0,0.0,0.0,0.5188187956809998,1.4624665975570679,0.27005594968795776,0.0021366856526583433,0.043133579194545746,1.4603298902511597,0.28500014543533325,0.9744892120361328,5e-05,-0.2982443869113922,-0.3199618458747864,-0.21536202728748322,-0.21394185721874237,-0.21329854428768158,0.3131832182407379,-0.2986795902252197,-0.2977563142776489,-0.19901567697525024,-0.19904173910617828,-0.1983845978975296,0.01856454461812973,0.1307716816663742,0.01798621006309986,0.12233267724514008
51,1000,1019,20,20,4539,4539,0,0.0,4539,0,0.0,0,66.42353909999656,30.849889900055132,0.19043409999721916,26.87433850011439,59.650872700003674,36.00254750504409,quality,,,False,,not_promoted,0.00019122199089804167,0.000848871033104189,0.39130239461509275,-0.003297365929695292,0.00014029293787912842,0.0,0.9999064135719353,0.18601787726486652,0.035211267605633804,0.0,0.0,0.0,0.0,0.0,0.0,0.0,0.0,0.0,0.0,0.0,0.0,0.0,0.0,0.0,0.0,0.0,0.0,0.0,0.0,0.0,0.0,0.0,0.0,0.0,0.0,1.1224509477615356,1.4259525537490845,0.26823553442955017,0.0037257985677570105,0.037270668894052505,1.4222267866134644,0.28124114871025085,0.9806935787200928,5e-05,-0.29826363921165466,-0.32008713483810425,-0.21546858549118042,-0.21403178572654724,-0.21340110898017883,0.31326186656951904,-0.2986755669116974,-0.2976958155632019,-0.19908729195594788,-0.19905121624469757,-0.198232501745224,0.01856272853910923,0.1308521032333374,0.01798621006309986,0.12234680354595184
52,1020,1039,20,20,5254,5254,0,0.0,5254,0,0.0,0,83.3641323999982,34.03758780010685,0.1974156999931438,34.004553700069664,68.0627816999986,34.696606156356395,quality,,,False,,not_promoted,-0.0008031633761094277,0.004277306247161735,0.382831286235028,-0.0024928231849840068,0.00026892384727056286,0.0015060240963855422,1.0002691049173653,0.17235993387469326,0.018072289156626505,0.0,0.0,0.0,0.0,0.0,0.0,0.0,0.0,0.0,0.0,0.0,0.0,0.0,0.0,0.0,0.0,0.0,0.0,0.0,0.0,0.0,0.0,0.0,0.0,0.0,0.0,0.9768548607826233,1.442925214767456,0.2755155563354492,-0.004976850003004074,0.07978663593530655,1.4479020833969116,0.2514732778072357,0.9161374568939209,5e-05,-0.2981693744659424,-0.3203616142272949,-0.21562573313713074,-0.21421636641025543,-0.21358409523963928,0.3134629428386688,-0.2987027168273926,-0.29782065749168396,-0.19920335710048676,-0.19905036687850952,-0.19830666482448578,0.01856388710439205,0.13094159960746765,0.01798621006309986,0.12233423441648483
53,1040,1059,20,20,4402,4402,0,0.0,4402,0,0.0,0,67.98204409999744,27.690716899975087,0.19245309999678284,30.028411100254743,57.91490440000052,34.965104813482206,quality,,,False,,not_promoted,-0.001196786288873873,0.0006297587236116195,0.42651921186758124,-0.005147098570360222,0.000750018734201465,0.009687499993521234,1.0004184120807096,0.13993239149019338,0.0,0.0,0.0,0.0,0.0,0.0,0.0,0.0,0.0,0.0,0.0,0.0,0.0,0.0,0.0,0.0,0.0,0.0,0.0,0.0,0.0,0.0,0.0,0.0,0.0,0.0,0.0,0.47011324763298035,1.5182658433914185,0.23834946751594543,0.0030998236034065485,0.034961432218551636,1.5151662826538086,0.22965708374977112,0.978484570980072,5e-05,-0.2980008125305176,-0.32071635127067566,-0.2160414308309555,-0.21451053023338318,-0.2138199359178543,0.3135319650173187,-0.29866331815719604,-0.29780158400535583,-0.19918234646320343,-0.1989849954843521,-0.1983684003353119,0.01856958493590355,0.1311895102262497,0.01798621006309986,0.12232697010040283
54,1060,1079,20,20,4457,4457,0,0.0,4457,0,0.0,0,71.01065370000288,28.53111009998247,0.18657349999557482,27.11913530016318,58.98659739999857,34.28534036132361,quality,,,False,,not_promoted,-0.0004522831179201603,0.00047308908864839136,0.3917308573211942,-0.00413304703376655,0.0004703867622343491,0.004192073164241654,1.0002676738159997,0.1415502929926983,0.0,0.0,0.0,0.0,0.0,0.0,0.0,0.0,0.0,0.0,0.0,0.0,0.0,0.0,0.0,0.0,0.0,0.0,0.0,0.0,0.0,0.0,0.0,0.0,0.0,0.0,0.0,0.49701598286628723,1.485281229019165,0.24549600481987,0.0032957757357507944,0.02491472102701664,1.4819854497909546,0.24588650465011597,0.9897003173828125,5e-05,-0.2978352904319763,-0.3212805390357971,-0.2165631651878357,-0.21492978930473328,-0.2141641080379486,0.31360551714897156,-0.29865530133247375,-0.29774588346481323,-0.19920429587364197,-0.19895973801612854,-0.19829349219799042,0.01860356703400612,0.13135544955730438,0.01798621006309986,0.1223534569144249
55,1080,1099,20,20,5050,5050,0,0.0,5050,0,0.0,0,80.74506549999933,33.42658790000132,0.2173391000033007,30.491225499965367,65.72872269999789,34.47715841898391,quality,,,False,,not_promoted,-0.0004565982454562489,0.0008131245039167661,0.3837097008017045,-0.003887132474787156,0.0004498450283721514,0.004549050632911392,1.000345521712605,0.15842942473820493,0.012658227848101266,0.0,0.0,0.0,0.0,0.0,0.0,0.0,0.0,0.0,0.0,0.0,0.0,0.0,0.0,0.0,0.0,0.0,0.0,0.0,0.0,0.0,0.0,0.0,0.0,0.0,0.0,0.5431448221206665,1.5176769495010376,0.25934216380119324,0.002584492089226842,0.03519100695848465,1.515092372894287,0.26097434759140015,0.981587290763855,5e-05,-0.29785099625587463,-0.3214111328125,-0.216745987534523,-0.21502090990543365,-0.2142416536808014,0.3136310279369354,-0.29823440313339233,-0.297542542219162,-0.19919493794441223,-0.19866718351840973,-0.19814293086528778,0.018618451431393623,0.13135848939418793,0.01798621006309986,0.12254869192838669
56,1100,1119,20,20,5096,5096,0,0.0,5096,0,0.0,0,84.47259180000401,34.755665999990015,0.20094159999280237,34.07039449986769,62.32089100000303,34.71543765292934,quality,,,False,,not_promoted,-0.00048805158585309984,0.0025243197893360047,0.40319595243781803,-0.0032578510072198696,0.0003302679921759477,0.00224609375,1.000345030426979,0.17690387041075156,0.0375,0.0,0.0,0.0,0.0,0.0,0.0,0.0,0.0,0.0,0.0,0.0,0.0,0.0,0.0,0.0,0.0,0.0,0.0,0.0,0.0,0.0,0.0,0.0,0.0,0.0,0.0,1.4504811763763428,1.5177897214889526,0.2914309799671173,-0.0068046534433960915,0.06846556812524796,1.5245944261550903,0.2605888843536377,0.9448084235191345,5e-05,-0.29779696464538574,-0.3214300274848938,-0.21679159998893738,-0.21503902971744537,-0.2142612487077713,0.3135184347629547,-0.298667311668396,-0.298001766204834,-0.1989865005016327,-0.1989661455154419,-0.19836394488811493,0.01862950623035431,0.1313495635986328,0.01798621006309986,0.1224939301609993
57,1120,1139,20,20,4882,4882,0,0.0,4882,0,0.0,0,70.15359310000349,32.504087000015716,0.2302063999886741,30.55527569979313,60.245171599999594,37.43900497241355,quality,,,False,,not_promoted,-0.0006887550441572419,0.0058510089992370165,0.4013551980644077,-0.001776802193300871,0.00027203697428884374,0.0014204545454545455,1.0000682090009962,0.1477341740210722,0.0,0.0,0.0,0.0,0.0,0.0,0.0,0.0,0.0,0.0,0.0,0.0,0.0,0.0,0.0,0.0,0.0,0.0,0.0,0.0,0.0,0.0,0.0,0.0,0.0,0.0,0.0,0.48015233874320984,1.534881830215454,0.2856847941875458,-0.006084394175559282,0.08225108683109283,1.5409661531448364,0.25566011667251587,0.9171086549758911,2.5e-05,-0.29757943749427795,-0.3215683400630951,-0.21686433255672455,-0.2151368409395218,-0.21435700356960297,0.31351906061172485,-0.29860714077949524,-0.29797911643981934,-0.1989389806985855,-0.1989230364561081,-0.19830769300460815,0.018628809601068497,0.13142521679401398,0.01798621006309986,0.12253250926733017
58,1140,1159,20,20,4853,4853,0,0.0,4853,0,0.0,0,75.02872769999522,32.38497960001405,0.22747050001635216,32.04314400002477,59.91958750000049,35.96191618107844,quality,,,False,,not_promoted,-0.00038220580226104513,0.0006634809800935296,0.41659463236206457,-0.004216411700901135,0.00024760232688430205,0.0014391447368421052,0.9995961616698065,0.16703847800626567,0.019736842105263157,0.0,0.0,0.0,0.0,0.0,0.0,0.0,0.0,0.0,0.0,0.0,0.0,0.0,0.0,0.0,0.0,0.0,0.0,0.0,0.0,0.0,0.0,0.0,0.0,0.0,0.0,0.6154046654701233,1.5710936784744263,0.2582876980304718,-0.002047185553237796,0.030730288475751877,1.5731408596038818,0.257757306098938,0.9858444929122925,2.5e-05,-0.2974189817905426,-0.32187381386756897,-0.21705548465251923,-0.2153499573469162,-0.21457529067993164,0.31364768743515015,-0.2986573278903961,-0.2979971170425415,-0.19895890355110168,-0.19896608591079712,-0.19824285805225372,0.018639005720615387,0.1314643919467926,0.01798621006309986,0.12253103405237198
59,1160,1179,20,20,5211,5211,0,0.0,5211,0,0.0,0,90.43167220000032,35.326346900073986,0.23538149999512825,37.78490550018614,64.76986559999932,33.57569824285602,quality,,,False,,not_promoted,0.004630852933609631,0.0027700013522961656,0.40474311843877886,0.0019684225511055714,0.000313303739836201,0.0016196646341463414,0.9999286470616736,0.16310794903646883,0.012195121951219513,0.0,0.0,0.0,0.0,0.0,0.0,0.0,0.0,0.0,0.0,0.0,0.0,0.0,0.0,0.0,0.0,0.0,0.0,0.0,0.0,0.0,0.0,0.0,0.0,0.0,0.0,0.970966100692749,1.476826548576355,0.3742747902870178,-0.01719946414232254,0.07436756789684296,1.4940260648727417,0.3315499722957611,0.9605191946029663,2.5e-05,-0.2974400818347931,-0.32202085852622986,-0.2171543836593628,-0.21544839441776276,-0.21467474102973938,0.3137468099594116,-0.29865095019340515,-0.298011839389801,-0.19892649352550507,-0.1989486664533615,-0.1982131004333496,0.018638208508491516,0.1315077841281891,0.01798621006309986,0.12256049364805222
60,1180,1199,20,20,5354,5354,0,0.0,5354,0,0.0,0,85.79775119999977,33.273338600061834,0.2075297999981558,42.44840950032085,68.36558469999727,34.72939897637557,quality,,,False,,not_promoted,0.0003620461294693606,0.0010589946706161192,0.45030396999347777,-0.0036114960537469458,0.00018054226766902763,0.0,0.9999673132385526,0.1471481512611111,0.011904761904761904,0.0,0.0,0.0,0.0,0.0,0.0,0.0,0.0,0.0,0.0,0.0,0.0,0.0,0.0,0.0,0.0,0.0,0.0,0.0,0.0,0.0,0.0,0.0,0.0,0.0,0.0,0.5990946292877197,1.5390125513076782,0.287623792886734,-0.002798805944621563,0.041496675461530685,1.541811466217041,0.29432252049446106,0.9791849851608276,2.5e-05,-0.2971808612346649,-0.32227450609207153,-0.21724368631839752,-0.2156253159046173,-0.21483205258846283,0.3136613070964813,-0.2987630367279053,-0.29793739318847656,-0.1989486664533615,-0.19899415969848633,-0.19809937477111816,0.018654022365808487,0.1315886378288269,0.01798621006309986,0.12254134565591812
61,1200,1219,20,20,4839,4839,0,0.0,4839,0,0.0,0,79.60058249998838,32.29715199989732,0.20237370001268573,39.759658199953265,60.60643239998899,34.51325173317545,quality,,,False,,not_promoted,-0.00035358696416216463,0.0004921780208334033,0.4493880477782927,-0.0046013778406440425,0.0002719332169243372,0.001850328947368421,0.9997927028881876,0.17047487557130425,0.03289473684210526,0.0,0.0,0.0,0.0,0.0,0.0,0.0,0.0,0.0,0.0,0.0,0.0,0.0,0.0,0.0,0.0,0.0,0.0,0.0,0.0,0.0,0.0,0.0,0.0,0.0,0.0,0.809013843536377,1.5206362009048462,0.26879340410232544,-0.003033509710803628,0.026957061141729355,1.523669719696045,0.27693238854408264,0.9899420738220215,2.5e-05,-0.2974853813648224,-0.32249364256858826,-0.21735332906246185,-0.2157665491104126,-0.2150038480758667,0.3140530288219452,-0.2985933721065521,-0.2978992760181427,-0.1990012675523758,-0.1988808512687683,-0.1980491429567337,0.01864902302622795,0.1316550374031067,0.01798621006309986,0.12255824357271194
62,1220,1239,20,20,4114,4114,0,0.0,4114,0,0.0,0,55.21435650000058,27.338649999830523,0.20396810001693666,25.838017200439936,52.26633330000914,38.27664306634947,quality,,,False,,not_promoted,-0.001886818715586112,0.0002744202035291192,0.4275451816045321,-0.006025060608338278,0.000732430896963566,0.007331730769230769,0.9997769410793598,0.17345498599685155,0.007692307692307693,0.0,0.0,0.0,0.0,0.0,0.0,0.0,0.0,0.0,0.0,0.0,0.0,0.0,0.0,0.0,0.0,0.0,0.0,0.0,0.0,0.0,0.0,0.0,0.0,0.0,0.0,0.5779675841331482,1.51542067527771,0.27760300040245056,-0.0032133052591234446,0.018685800954699516,1.5186339616775513,0.2818944752216339,0.9954692125320435,2.5e-05,-0.2976722717285156,-0.3225908875465393,-0.217388316988945,-0.21584025025367737,-0.215083047747612,0.314302533864975,-0.2986817955970764,-0.29793721437454224,-0.1990235298871994,-0.19894938170909882,-0.19798368215560913,0.01865134760737419,0.13166634738445282,0.01798621006309986,0.12256258726119995
63,1240,1259,20,20,4471,4471,0,0.0,4471,0,0.0,0,66.52360190000036,30.43405319994781,0.23088019996066578,30.342296999966493,56.46402100000705,36.353251608375714,quality,,,False,,not_promoted,-0.000105848688898342,0.0003805508208253221,0.4266132993357522,-0.004181706486269832,0.0004437124496949504,0.00249188310865845,1.0006443470716477,0.1401496042763548,0.007142857142857143,0.0,0.0,0.0,0.0,0.0,0.0,0.0,0.0,0.0,0.0,0.0,0.0,0.0,0.0,0.0,0.0,0.0,0.0,0.0,0.0,0.0,0.0,0.0,0.0,0.0,0.0,0.5911744236946106,1.5316767692565918,0.2643870711326599,-0.0021512596867978573,0.021289657801389694,1.5338281393051147,0.26561102271080017,0.9935157895088196,2.5e-05,-0.2976943254470825,-0.3227631151676178,-0.21747402846813202,-0.21596361696720123,-0.2151799499988556,0.3144122362136841,-0.2984332740306854,-0.29778793454170227,-0.19893822073936462,-0.19878514111042023,-0.19787845015525818,0.018652379512786865,0.13169443607330322,0.01798621006309986,0.1225530356168747
64,1260,1279,20,20,5000,5000,0,0.0,5000,0,0.0,0,78.08528759999899,32.435026099934475,0.23339839998516254,30.19718569984252,64.40713819999655,35.089584389685896,quality,,,False,,not_promoted,-0.0005843055823558493,0.0004227713902246596,0.3818772247509111,-0.004191691957744239,8.958385361334945e-05,0.0,0.9999272755429714,0.1363554477833117,0.0189873417721519,0.0,0.0,0.0,0.0,0.0,0.0,0.0,0.0,0.0,0.0,0.0,0.0,0.0,0.0,0.0,0.0,0.0,0.0,0.0,0.0,0.0,0.0,0.0,0.0,0.0,0.0,0.5552830696105957,1.5235722064971924,0.2575611174106598,-0.0013788389042019844,0.023629598319530487,1.5249509811401367,0.2636573016643524,0.9915831089019775,2.5e-05,-0.2977074086666107,-0.3228236734867096,-0.2175215482711792,-0.21599969267845154,-0.21521806716918945,0.3144574761390686,-0.2985033392906189,-0.2978947162628174,-0.198964923620224,-0.19882388412952423,-0.19801372289657593,0.018644366413354874,0.1317102313041687,0.01798621006309986,0.12254511564970016
65,1280,1299,20,20,5060,5060,0,0.0,5060,0,0.0,0,78.24793579999823,33.43114920001244,0.18968919997860212,31.630478399718413,62.693326499997056,35.90148064113208,quality,,,False,,not_promoted,-0.0023608673131093384,0.0033275014569881024,0.38392870491370557,-0.00453640385530889,0.00019430085667409002,0.00068359375,0.9996800288558007,0.1695612468291074,0.025,0.0,0.0,0.0,0.0,0.0,0.0,0.0,0.0,0.0,0.0,0.0,0.0,0.0,0.0,0.0,0.0,0.0,0.0,0.0,0.0,0.0,0.0,0.0,0.0,0.0,0.0,1.3194963932037354,1.5262436866760254,0.2869868278503418,-0.007548829540610313,0.06711433827877045,1.5337923765182495,0.267594575881958,0.9453101754188538,2.5e-05,-0.2976047098636627,-0.3228606879711151,-0.21759870648384094,-0.21602319180965424,-0.2152577042579651,0.3143835961818695,-0.29845696687698364,-0.2977849245071411,-0.199013814330101,-0.19879139959812164,-0.19795505702495575,0.018645204603672028,0.13171976804733276,0.01798621006309986,0.12254727631807327
66,1300,1319,20,20,5134,5134,0,0.0,5134,0,0.0,0,75.92629250000755,37.02682570005709,0.21971799997845665,30.34540840012778,64.65168380000978,36.52065661439862,quality,,,False,,not_promoted,0.0026045721829121497,0.0019347289950625661,0.37931365078246154,-0.00022120019679682123,7.316701187027107e-05,0.0,1.000017832826685,0.14719063638031116,0.0,0.0,0.0,0.0,0.0,0.0,0.0,0.0,0.0,0.0,0.0,0.0,0.0,0.0,0.0,0.0,0.0,0.0,0.0,0.0,0.0,0.0,0.0,0.0,0.0,0.0,0.0,0.4819759130477905,1.47100031375885,0.29986053705215454,-0.0070229037664830685,0.05972388759255409,1.4780231714248657,0.2775740325450897,0.9603304266929626,2.5e-05,-0.29761916399002075,-0.3228972852230072,-0.21764835715293884,-0.21605169773101807,-0.21526862680912018,0.314461886882782,-0.2985020577907562,-0.2978011667728424,-0.1989826112985611,-0.19881951808929443,-0.197938472032547,0.01864730753004551,0.13173675537109375,0.01798621006309986,0.1225450411438942
67,1320,1339,20,20,4870,4870,0,0.0,4870,0,0.0,0,80.61461200000485,32.77516900000046,0.21765300001425203,30.93378300050972,64.76231010000629,33.49912716304252,quality,,,False,,not_promoted,0.002356925688974269,0.0006939090679980989,0.39789634178598204,-0.0012750831045597404,4.831812092762247e-05,0.0,0.999970403584567,0.14341481461782346,0.025974025974025976,0.0,0.0,0.0,0.0,0.0,0.0,0.0,0.0,0.0,0.0,0.0,0.0,0.0,0.0,0.0,0.0,0.0,0.0,0.0,0.0,0.0,0.0,0.0,0.0,0.0,0.0,1.00032639503479,1.4988139867782593,0.259392112493515,0.0006111045368015766,0.033704791218042374,1.4982028007507324,0.2678265869617462,0.9831162095069885,2.5e-05,-0.2979964315891266,-0.32319164276123047,-0.21783661842346191,-0.21625904738903046,-0.21547235548496246,0.31480905413627625,-0.29834824800491333,-0.2976991534233093,-0.1989583671092987,-0.19871675968170166,-0.19788719713687897,0.018649160861968994,0.1318587064743042,0.01798621006309986,0.12254330515861511
68,1340,1359,20,20,4835,4835,0,0.0,4835,0,0.0,0,73.2852899000136,32.50615339985234,0.20122919997083955,34.04193670024688,61.94182139998884,35.75466453079452,quality,,,False,,not_promoted,-0.0006737548759893367,0.00041753018549092015,0.41961823188160596,-0.004661171965141732,0.0006900080311185631,0.009748002820599237,0.9999140846101862,0.16515184218358053,0.046052631578947366,0.0,0.0,0.0,0.0,0.0,0.0,0.0,0.0,0.0,0.0,0.0,0.0,0.0,0.0,0.0,0.0,0.0,0.0,0.0,0.0,0.0,0.0,0.0,0.0,0.0,0.0,0.804591715335846,1.5135934352874756,0.24654844403266907,0.0008571735233999789,0.022990677505731583,1.5127360820770264,0.2486264705657959,0.9913043975830078,2.5e-05,-0.29814139008522034,-0.32356005907058716,-0.21801777184009552,-0.21651345491409302,-0.21574276685714722,0.31498903036117554,-0.29834219813346863,-0.29763680696487427,-0.19898250699043274,-0.1987244337797165,-0.19785235822200775,0.01867452636361122,0.13191458582878113,0.01798621006309986,0.1225549504160881
69,1360,1379,20,20,5103,5103,0,0.0,5103,0,0.0,0,86.6532342999999,33.53281249983411,0.19582599999557715,38.05125139968004,65.27666259999387,33.58785929644246,quality,,,False,,not_promoted,-0.00064768519368954,0.0005127742629156273,0.43451864467933776,-0.004736484137538355,0.0007654251410713186,0.00390625,0.9991545204073191,0.1552092823199928,0.01875,0.0,0.0,0.0,0.0,0.0,0.0,0.0,0.0,0.0,0.0,0.0,0.0,0.0,0.0,0.0,0.0,0.0,0.0,0.0,0.0,0.0,0.0,0.0,0.0,0.0,0.0,0.6229958534240723,1.4745869636535645,0.2468387484550476,0.0016339898575097322,0.028306327760219574,1.4729528427124023,0.2557913362979889,0.9868495464324951,2.5e-05,-0.2979697287082672,-0.3239057660102844,-0.21825669705867767,-0.21674512326717377,-0.21600104868412018,0.3151453137397766,-0.29836007952690125,-0.29758888483047485,-0.19885630905628204,-0.19873462617397308,-0.19787120819091797,0.018700335174798965,0.13200174272060394,0.01798621006309986,0.12256807088851929
70,1380,1399,20,20,5312,5312,0,0.0,5312,0,0.0,0,72.75362279999536,35.237511900108075,0.18910930000129156,33.05677759996615,67.20934220000345,37.95289703958505,quality,,,False,,not_promoted,1.0427867387791714e-05,0.0004173354652474623,0.4036190468503768,-0.0038170946273862957,3.916532900857638e-05,0.0,1.000063717724329,0.1619086056409112,0.012048192771084338,0.0,0.0,0.0,0.0,0.0,0.0,0.0,0.0,0.0,0.0,0.0,0.0,0.0,0.0,0.0,0.0,0.0,0.0,0.0,0.0,0.0,0.0,0.0,0.0,0.0,0.0,0.5472926497459412,1.4736396074295044,0.24024851620197296,0.0018519849982112646,0.023550068959593773,1.4717875719070435,0.24499976634979248,0.9903913140296936,2.5e-05,-0.29797714948654175,-0.32405275106430054,-0.21830810606479645,-0.21685180068016052,-0.21606749296188354,0.31520771980285645,-0.2983980178833008,-0.29766497015953064,-0.19876587390899658,-0.1987452358007431,-0.19790434837341309,0.018703853711485863,0.13200217485427856,0.01798621006309986,0.12257830053567886
71,1400,1419,20,20,4994,4994,0,0.0,4994,0,0.0,0,76.99745100000291,31.976102700195042,0.21229409998340998,31.06584279987146,66.15955569999642,34.88477522071592,quality,,,False,,not_promoted,-0.004151630722269227,0.004065530918961497,0.39306624893900716,-0.006049527082285738,0.0003280469770484333,0.0029667721518987344,0.9996897729137276,0.16333941386753245,0.03164556962025317,0.0,0.0,0.0,0.0,0.0,0.0,0.0,0.0,0.0,0.0,0.0,0.0,0.0,0.0,0.0,0.0,0.0,0.0,0.0,0.0,0.0,0.0,0.0,0.0,0.0,0.0,0.9242558479309082,1.4917726516723633,0.2757699191570282,-0.006742425728589296,0.07613561302423477,1.4985151290893555,0.2509654462337494,0.92377769947052,2.5e-05,-0.2979547381401062,-0.32410845160484314,-0.2183576375246048,-0.21689242124557495,-0.21610020101070404,0.3152495324611664,-0.2983250319957733,-0.2976714074611664,-0.19874660670757294,-0.19870278239250183,-0.19790172576904297,0.018697334453463554,0.1319587677717209,0.01798621006309986,0.12257641553878784
72,1420,1439,20,20,5139,5139,0,0.0,5139,0,0.0,0,78.48723070000415,35.223142100163386,0.2169121999759227,31.39087770000333,68.84090680000372,34.88132061670654,quality,,,False,,not_promoted,0.001430017787411257,0.0022239910074319967,0.3881961680304857,-0.0013399476035969493,7.816754760476473e-05,0.0,1.0001829693346849,0.14472020255332743,0.0,0.0,0.0,0.0,0.0,0.0,0.0,0.0,0.0,0.0,0.0,0.0,0.0,0.0,0.0,0.0,0.0,0.0,0.0,0.0,0.0,0.0,0.0,0.0,0.0,0.0,0.0,0.3734794557094574,1.4769325256347656,0.316152423620224,-0.008730136789381504,0.061784613877534866,1.4856624603271484,0.2943357229232788,0.961808443069458,2.5e-05,-0.298002153635025,-0.32420042157173157,-0.21836353838443756,-0.2169552743434906,-0.21617744863033295,0.3152695298194885,-0.298255056142807,-0.2975473999977112,-0.19879557192325592,-0.19865454733371735,-0.197822704911232,0.018701953813433647,0.13197334110736847,0.01798621006309986,0.12262913584709167
73,1440,1459,20,20,5364,5364,0,0.0,5364,0,0.0,0,81.37929350000923,34.776177200095844,0.2154426000051899,32.81881979991158,69.6761683000077,35.51013605255417,quality,,,False,,not_promoted,-0.00018766527396759817,0.0027833967888866375,0.38337798939929124,-0.0026297463004344274,7.044124725195746e-05,0.0,0.9999138311970801,0.15565947299113586,0.011904761904761904,0.0,0.0,0.0,0.0,0.0,0.0,0.0,0.0,0.0,0.0,0.0,0.0,0.0,0.0,0.0,0.0,0.0,0.0,0.0,0.0,0.0,0.0,0.0,0.0,0.0,0.0,0.5923829674720764,1.4928354024887085,0.2669757902622223,-0.0051406510174274445,0.06241976469755173,1.4979760646820068,0.24638517200946808,0.945336103439331,2.5e-05,-0.2980124354362488,-0.32433027029037476,-0.2184000462293625,-0.2170441448688507,-0.21627497673034668,0.31525465846061707,-0.2981533706188202,-0.29746946692466736,-0.19890081882476807,-0.19858932495117188,-0.19777429103851318,0.018714673817157745,0.1319839209318161,0.01798621006309986,0.12266092747449875
74,1460,1479,20,20,5297,5297,0,0.0,5297,0,0.0,0,81.88098940000054,35.83461769997666,0.1917243999778293,40.53090819979843,69.36746870000206,35.02184462930342,quality,,,False,,not_promoted,-0.00028235094442245474,0.0055574616589106575,0.41654570149369985,-0.0016690772363399885,0.00038535113033350465,0.002447289156626506,1.000837829098644,0.18456798210650324,0.024096385542168676,0.0,0.0,0.0,0.0,0.0,0.0,0.0,0.0,0.0,0.0,0.0,0.0,0.0,0.0,0.0,0.0,0.0,0.0,0.0,0.0,0.0,0.0,0.0,0.0,0.0,0.0,0.6119917035102844,1.4681155681610107,0.37236425280570984,-0.019807156175374985,0.09726134687662125,1.4879226684570312,0.31341636180877686,0.9317748546600342,2.5e-05,-0.29808515310287476,-0.3245778977870941,-0.21856045722961426,-0.21721622347831726,-0.21643516421318054,0.31542935967445374,-0.29806432127952576,-0.29746949672698975,-0.1988675743341446,-0.1985263079404831,-0.1975937783718109,0.01871703751385212,0.13206203281879425,0.01798621006309986,0.12272417545318604
75,1480,1499,20,20,5058,5058,0,0.0,5058,0,0.0,0,81.98988150000514,34.197186399949715,0.2126896999689052,34.42944830057968,65.14226169999165,34.37726040002461,quality,,,False,,not_promoted,0.005168356641661376,0.0015903668261671555,0.4103402559645474,0.0018601364019559697,2.4624093202874065e-05,0.0,0.9998823598027229,0.15122507790802048,0.00625,0.0,0.0,0.0,0.0,0.0,0.0,0.0,0.0,0.0,0.0,0.0,0.0,0.0,0.0,0.0,0.0,0.0,0.0,0.0,0.0,0.0,0.0,0.0,0.0,0.0,0.0,0.5891135334968567,1.4633499383926392,0.33229807019233704,-0.00526430644094944,0.050316523760557175,1.4686142206192017,0.317233681678772,0.97707200050354,2.5e-05,-0.29817745089530945,-0.3247565031051636,-0.2187095582485199,-0.21734417974948883,-0.2165544182062149,0.31564396619796753,-0.2978671193122864,-0.29735904932022095,-0.19881780445575714,-0.1983347237110138,-0.19761094450950623,0.018739987164735794,0.13211359083652496,0.01798621006309986,0.12266514450311661
76,1500,1519,20,20,4866,4866,0,0.0,4866,0,0.0,0,73.54175540000142,33.15733599997475,0.26606270000047516,33.549964999605436,63.14479060001031,35.59969976854622,quality,,,False,,not_promoted,0.005286844640776708,0.001222094440040505,0.42278249445673705,0.0016700666648783273,0.00041068910754152706,0.004058441558441558,1.0003667253178437,0.16648099111852707,0.025974025974025976,0.0,0.0,0.0,0.0,0.0,0.0,0.0,0.0,0.0,0.0,0.0,0.0,0.0,0.0,0.0,0.0,0.0,0.0,0.0,0.0,0.0,0.0,0.0,0.0,0.0,0.0,0.7790791392326355,1.4568899869918823,0.36250966787338257,-0.003805208718404174,0.048837754875421524,1.4606951475143433,0.34222233295440674,0.9818502068519592,2.5e-05,-0.29824161529541016,-0.3248293399810791,-0.21875755488872528,-0.21739143133163452,-0.21661871671676636,0.315792053937912,-0.29793646931648254,-0.2974798381328583,-0.19882646203041077,-0.1983928680419922,-0.1976112574338913,0.01874755322933197,0.13213594257831573,0.01798621006309986,0.12265105545520782
77,1520,1539,20,20,4938,4938,0,0.0,4938,0,0.0,0,70.61443660000805,33.00862830004189,0.23493190003500786,32.89644600043539,63.05898340001295,36.94077700712097,quality,,,False,,not_promoted,0.002558172990878423,0.0024682566626534727,0.4140087738633156,-0.0003477859994372687,0.000622943194824844,0.0021033653846153845,1.0003579140473635,0.19973781512668118,0.03205128205128205,0.0,0.0,0.0,0.0,0.0,0.0,0.0,0.0,0.0,0.0,0.0,0.0,0.0,0.0,0.0,0.0,0.0,0.0,0.0,0.0,0.0,0.0,0.0,0.0,0.0,0.0,0.653533399105072,1.4554405212402344,0.35039153695106506,-0.004370751325041056,0.058798838406801224,1.4598113298416138,0.33619678020477295,0.9718401432037354,2.5e-05,-0.2981354892253876,-0.3252250552177429,-0.21900974214076996,-0.21766825020313263,-0.2168893665075302,0.315997838973999,-0.29818108677864075,-0.2976800203323364,-0.19882403314113617,-0.19856449961662292,-0.19765619933605194,0.018736397847533226,0.1322871744632721,0.01798621006309986,0.12262426316738129
78,1540,1559,20,20,4213,4213,0,0.0,4213,0,0.0,0,59.36618309999176,28.62406639997789,0.2100668999919435,26.218378500125255,52.36156699999992,37.707731483266606,quality,,,False,,pending,0.0001006234140897339,0.0005726417071083702,0.4158134557532542,-0.003771190238749665,0.00014506613910491455,0.0,1.0006083647410076,0.14584906495204478,0.0,0.0,0.0,0.0,0.0,0.0,0.0,0.0,0.0,0.0,0.0,0.0,0.0,0.0,0.0,0.0,0.0,0.0,0.0,0.0,0.0,0.0,0.0,0.0,0.0,0.0,0.0,0.432662695646286,1.5175656080245972,0.2759723365306854,0.00019970416906289756,0.02840312197804451,1.51736581325531,0.2779918909072876,0.9894074201583862,2.5e-05,-0.2981606721878052,-0.3254135251045227,-0.21911999583244324,-0.21780496835708618,-0.21701808273792267,0.3161126375198364,-0.29815590381622314,-0.29777273535728455,-0.19876953959465027,-0.19858209788799286,-0.19761858880519867,0.01874307170510292,0.1323176771402359,0.01798621006309986,0.12264639139175415
79,1560,1579,20,20,5351,5351,0,0.0,5351,0,0.0,0,89.69084539999312,34.445244099915726,0.18646599998464808,36.41568469957565,68.54248079999525,33.81714919673093,quality,,,False,,pending,-0.0006282748100126074,0.002465965489959455,0.39547665142232463,-0.003350058418055553,0.0005762604147700282,0.007593101345091348,1.0006166774602163,0.18105737927059332,0.017857142857142856,0.0,0.0,0.0,0.0,0.0,0.0,0.0,0.0,0.0,0.0,0.0,0.0,0.0,0.0,0.0,0.0,0.0,0.0,0.0,0.0,0.0,0.0,0.0,0.0,0.0,0.0,1.1355036497116089,1.4500330686569214,0.31153813004493713,-0.0047864592634141445,0.061294812709093094,1.4548195600509644,0.3021496534347534,0.9612898230552673,2.5e-05,-0.29805776476860046,-0.32559770345687866,-0.21922418475151062,-0.21793802082538605,-0.21714924275875092,0.31617528200149536,-0.2981681525707245,-0.2977941930294037,-0.1986982226371765,-0.19857966899871826,-0.19760121405124664,0.018747666850686073,0.13236947357654572,0.01798621006309986,0.12264347821474075
80,1580,1599,20,20,5099,5099,0,0.0,5099,0,0.0,0,87.78174589999253,33.83422710034938,0.18293379999522585,38.13656530012668,65.66675399999076,33.22938968659514,quality,,,False,,pending,0.00041076279594562946,0.003292346829766757,0.41492848126217724,-0.002092348868609406,0.00016686443841535948,0.0006336300866678357,1.0003286350518465,0.19334118496626615,0.00625,0.0,0.0,0.0,0.0,0.0,0.0,0.0,0.0,0.0,0.0,0.0,0.0,0.0,0.0,0.0,0.0,0.0,0.0,0.0,0.0,0.0,0.0,0.0,0.0,0.0,0.0,0.6555503010749817,1.469131350517273,0.37879428267478943,-0.006856164894998074,0.07846880704164505,1.475987434387207,0.37387290596961975,0.9570871591567993,2.5e-05,-0.29796460270881653,-0.3256950378417969,-0.21923871338367462,-0.21800987422466278,-0.21721675992012024,0.31614765524864197,-0.29822614789009094,-0.29768866300582886,-0.19872064888477325,-0.19864781200885773,-0.1976102590560913,0.018755299970507622,0.13236351311206818,0.01798621006309986,0.12264847010374069
81,1600,1619,20,20,5119,5119,0,0.0,5119,0,0.0,0,78.84451589999662,32.4969846001477,0.21675449999747798,39.3292784007499,66.32195519999368,35.26296369410293,quality,,,False,,pending,-0.00024307237908942624,0.000758353131095646,0.44033656902611257,-0.0042672606330597775,0.0007251742681546602,0.00830078125,1.0005179468542338,0.1935897446703166,0.0375,0.0,0.0,0.0,0.0,0.0,0.0,0.0,0.0,0.0,0.0,0.0,0.0,0.0,0.0,0.0,0.0,0.0,0.0,0.0,0.0,0.0,0.0,0.0,0.0,0.0,0.0,1.0239204168319702,1.5124396085739136,0.23938411474227905,0.0016782470047473907,0.03378019481897354,1.5107613801956177,0.24436350166797638,0.980087161064148,2.5e-05,-0.29787835478782654,-0.32602301239967346,-0.2195308804512024,-0.21824240684509277,-0.21747396886348724,0.3164551854133606,-0.2981678247451782,-0.2975083887577057,-0.19864776730537415,-0.1985803246498108,-0.19751109182834625,0.018773211166262627,0.1324996054172516,0.01798621006309986,0.12266547232866287
82,1620,1639,20,20,5190,5190,0,0.0,5190,0,0.0,0,77.61708690000523,34.78577069997846,0.20466549995762762,39.52135790065222,66.16737540000759,36.09569432593369,quality,,,False,,not_promoted,0.0023436560352310173,0.001449916098819103,0.42270500830760815,-0.0011584352142540964,0.0012766135803525596,0.01800685975609756,0.9990948464085416,0.16954666339769597,0.024390243902439025,0.0,0.0,0.0,0.0,0.0,0.0,0.0,0.0,0.0,0.0,0.0,0.0,0.0,0.0,0.0,0.0,0.0,0.0,0.0,0.0,0.0,0.0,0.0,0.0,0.0,0.0,1.0283721685409546,1.4567244052886963,0.2960621416568756,0.0012916919076815248,0.05112689733505249,1.455432653427124,0.30752846598625183,0.9701782464981079,2.5e-05,-0.29774364829063416,-0.3261370360851288,-0.21960267424583435,-0.2182820588350296,-0.21757186949253082,0.3163910508155823,-0.2982463538646698,-0.2975296676158905,-0.19865158200263977,-0.19867736101150513,-0.19749487936496735,0.018788903951644897,0.1325235664844513,0.01798621006309986,0.12266170233488083
83,1640,1659,20,20,5213,5213,0,0.0,5213,0,0.0,0,73.97984759999963,34.66280120002921,0.20095860002038535,39.62176850042306,67.56996809999691,36.8280239308014,quality,,,False,,accepted_98,0.0027301930538492234,0.00045017216600571393,0.45189323112732027,-0.0015636531496988383,0.00011524157603494909,0.0,1.0000737767393997,0.18536762470697485,0.012195121951219513,0.0,0.0,0.0,0.0,0.0,0.0,0.0,0.0,0.0,0.0,0.0,0.0,0.0,0.0,0.0,0.0,0.0,0.0,0.0,0.0,0.0,0.0,0.0,0.0,0.0,0.0,0.5688878893852234,1.518545150756836,0.233907550573349,0.0008945261943154037,0.025067264214158058,1.5176506042480469,0.2374500185251236,0.9885151386260986,2.5e-05,-0.2976436913013458,-0.3262356221675873,-0.2196178138256073,-0.21833547949790955,-0.21763423085212708,0.31635183095932007,-0.2980279326438904,-0.29738885164260864,-0.19866056740283966,-0.19857043027877808,-0.19753636419773102,0.018818030133843422,0.13255077600479126,0.01798621006309986,0.12261469662189484
84,1660,1679,20,20,4881,4881,0,0.0,4881,0,0.0,0,80.60623040000792,31.948730599862756,0.195217300002696,32.368602199538145,63.32600649999222,33.911791445242216,quality,,,False,,accepted_98,0.0009306103789380618,0.0007748101488687098,0.4185661965763414,-0.0028676467980923398,0.0010983027729365292,0.013494318181818182,0.9981797047249683,0.20388563695762837,0.03896103896103896,0.0,0.0,0.0,0.0,0.0,0.0,0.0,0.0,0.0,0.0,0.0,0.0,0.0,0.0,0.0,0.0,0.0,0.0,0.0,0.0,0.0,0.0,0.0,0.0,0.0,0.0,0.8214865326881409,1.4703500270843506,0.2511955797672272,0.002901786472648382,0.03385434299707413,1.4674482345581055,0.257801353931427,0.9818362593650818,2.5e-05,-0.2976909577846527,-0.32645824551582336,-0.2196996659040451,-0.21848930418491364,-0.21781489253044128,0.3164924085140228,-0.2980615794658661,-0.29748180508613586,-0.19867399334907532,-0.19861066341400146,-0.1976158618927002,0.01882159523665905,0.13260194659233093,0.01798621006309986,0.12255561351776123
85,1680,1699,20,20,4876,4876,0,0.0,4876,0,0.0,0,77.85106139999698,33.092298500065226,0.23093009994772729,35.81980850030959,66.40290939999977,33.8014958822895,quality,,,False,,accepted_98,-0.0014211526624374575,0.002015775085280214,0.4504706441582023,-0.004917971649231365,0.0002415920023188598,0.0015219155844155845,1.0001692934469744,0.17013746749174286,0.012987012987012988,0.0,0.0,0.0,0.0,0.0,0.0,0.0,0.0,0.0,0.0,0.0,0.0,0.0,0.0,0.0,0.0,0.0,0.0,0.0,0.0,0.0,0.0,0.0,0.0,0.0,0.0,0.6035052537918091,1.425085425376892,0.3033886253833771,-0.0053321598097682,0.06425225734710693,1.430417537689209,0.27676862478256226,0.9551483988761902,2.5e-05,-0.2976636588573456,-0.3265363276004791,-0.21975237131118774,-0.21854522824287415,-0.21787656843662262,0.3165473937988281,-0.29811450839042664,-0.2975502610206604,-0.19862185418605804,-0.1986466944217682,-0.19757263362407684,0.018836580216884613,0.1326407492160797,0.01798621006309986,0.1225677877664566
86,1700,1719,20,20,4774,4774,0,0.0,4774,0,0.0,0,79.1482978999993,32.529845400116756,0.1903440999740269,36.4447518002562,62.038177000009455,33.81343718214544,quality,,,False,,accepted_98,0.0005515450115005175,0.0004944378789514303,0.45406041463216146,-0.0037418400356546045,0.00040135842786791426,0.000625,1.0010991354783376,0.2130112642298142,0.06,0.0,0.0,0.0,0.0,0.0,0.0,0.0,0.0,0.0,0.0,0.0,0.0,0.0,0.0,0.0,0.0,0.0,0.0,0.0,0.0,0.0,0.0,0.0,0.0,0.0,0.0,0.6240851879119873,1.4981971979141235,0.23997721076011658,0.0031322508584707975,0.02684975229203701,1.4950649738311768,0.23940619826316833,0.9874818325042725,2.5e-05,-0.29756686091423035,-0.3267374634742737,-0.21985720098018646,-0.21869038045406342,-0.21801739931106567,0.3166409134864807,-0.2981905937194824,-0.2976590096950531,-0.198605015873909,-0.19864852726459503,-0.19763147830963135,0.01883697509765625,0.13267384469509125,0.01798621006309986,0.12255359441041946
87,1720,1739,20,20,4931,4931,0,0.0,4931,0,0.0,0,62.83898469999258,25.64164450005046,0.19531130000541452,31.671556600136682,57.14844060000905,41.09597307943846,quality,,,False,,accepted_98,-0.0008832040027930186,0.004640999366715849,0.4486839322325511,-0.003049543475171026,7.208143997908897e-05,0.0,1.000038938644605,0.17761903499754575,0.00641025641025641,0.0,0.0,0.0,0.0,0.0,0.0,0.0,0.0,0.0,0.0,0.0,0.0,0.0,0.0,0.0,0.0,0.0,0.0,0.0,0.0,0.0,0.0,0.0,0.0,0.0,0.0,0.5865538120269775,1.4246468544006348,0.30164122581481934,-0.008243955671787262,0.08585909754037857,1.4328908920288086,0.2617858350276947,0.9189801812171936,2.5e-05,-0.2975154221057892,-0.3267004191875458,-0.21981941163539886,-0.2186744213104248,-0.21800123155117035,0.3165586292743683,-0.29825812578201294,-0.2977573275566101,-0.19859842956066132,-0.19868338108062744,-0.19772198796272278,0.018842775374650955,0.13266442716121674,0.01798621006309986,0.12249860167503357
88,1740,1759,20,20,5239,5239,0,0.0,5239,0,0.0,0,71.84579140000278,26.943422700001975,0.2000967999920249,39.421476000279654,60.85006300000532,39.48126355332228,quality,,,False,,accepted_98,-0.0003781651669159168,0.0013048404071014374,0.486554082210471,-0.004591285794825725,0.00042787758103236785,0.0023974501073542164,1.0002736067626534,0.16790222722991574,0.012195121951219513,0.0,0.0,0.0,0.0,0.0,0.0,0.0,0.0,0.0,0.0,0.0,0.0,0.0,0.0,0.0,0.0,0.0,0.0,0.0,0.0,0.0,0.0,0.0,0.0,0.0,0.0,0.792360782623291,1.4799704551696777,0.27683311700820923,0.004725577309727669,0.05291047692298889,1.4752449989318848,0.29081693291664124,0.9634702205657959,2.5e-05,-0.29754000902175903,-0.32683122158050537,-0.21993693709373474,-0.21876882016658783,-0.21807445585727692,0.3165501356124878,-0.29822564125061035,-0.29777392745018005,-0.1986202895641327,-0.19866162538528442,-0.19770963490009308,0.01886953040957451,0.1326986402273178,0.01798621006309986,0.12249506264925003
89,1760,1779,20,20,5014,5014,0,0.0,5014,0,0.0,0,69.20969350000087,26.375290599782602,0.19482399997650646,39.1232368996134,58.03952719998779,39.4029918015871,quality,,,False,,not_promoted,-0.0007438961817305299,0.0007622124751752738,0.47962421235404434,-0.005159031776593456,0.0012902850889353246,0.01394382911392405,1.0000207141230377,0.18597479117444798,0.0189873417721519,0.0,0.0,0.0,0.0,0.0,0.0,0.0,0.0,0.0,0.0,0.0,0.0,0.0,0.0,0.0,0.0,0.0,0.0,0.0,0.0,0.0,0.0,0.0,0.0,0.0,0.0,0.6232489347457886,1.4832227230072021,0.2693374454975128,0.004765322431921959,0.037199947983026505,1.4784574508666992,0.2768406271934509,0.9809238314628601,2.5e-05,-0.2974863648414612,-0.32727697491645813,-0.2202547937631607,-0.21908363699913025,-0.21836745738983154,0.31665951013565063,-0.2982848882675171,-0.2978955805301666,-0.19854736328125,-0.19870716333389282,-0.19781984388828278,0.018886029720306396,0.13289017975330353,0.01798621006309986,0.12251829355955124
90,1780,1799,20,20,4619,4619,0,0.0,4619,0,0.0,0,58.18814840000414,22.123019099977682,0.20682899998791981,40.09584420012834,53.06779620000452,41.51688268529285,quality,,,False,,not_promoted,-0.0013297463142096179,0.0005094871444831768,0.50471070776247,-0.006122109846990198,0.0006591632879948744,0.004280821917808219,1.000047075830094,0.24867785655676503,0.0684931506849315,0.0,0.0,0.0,0.0,0.0,0.0,0.0,0.0,0.0,0.0,0.0,0.0,0.0,0.0,0.0,0.0,0.0,0.0,0.0,0.0,0.0,0.0,0.0,0.0,0.0,0.0,0.8214447498321533,1.5077849626541138,0.24727575480937958,0.0030204898212105036,0.02606089971959591,1.504764437675476,0.25269049406051636,0.9888924956321716,2.5e-05,-0.29764631390571594,-0.32752758264541626,-0.22036337852478027,-0.21925897896289825,-0.2185499668121338,0.3168101906776428,-0.2983798384666443,-0.29791560769081116,-0.1985156536102295,-0.19873486459255219,-0.19784046709537506,0.018883926793932915,0.13299578428268433,0.01798621006309986,0.1225321814417839
91,1800,1819,20,20,4748,4748,0,0.0,4748,0,0.0,0,59.976154499992845,23.944077999927686,0.19772739993641153,39.68296830049076,55.2919006000011,41.19094397733314,quality,,,False,,not_promoted,-0.001507222109163801,0.0023990577878430486,0.5306995328267415,-0.005614688781400521,6.0190141448401845e-05,0.0,0.9999603752295176,0.1617091361929973,0.0,0.0,0.0,0.0,0.0,0.0,0.0,0.0,0.0,0.0,0.0,0.0,0.0,0.0,0.0,0.0,0.0,0.0,0.0,0.0,0.0,0.0,0.0,0.0,0.0,0.0,0.0,0.4171977639198303,1.4657320976257324,0.27445188164711,-0.0036754708271473646,0.062427666038274765,1.469407558441162,0.2560691237449646,0.9482605457305908,2.5e-05,-0.2976332902908325,-0.32752689719200134,-0.22035245597362518,-0.2192571610212326,-0.21854627132415771,0.3167479634284973,-0.2984870672225952,-0.29794466495513916,-0.19847983121871948,-0.1987963169813156,-0.19789381325244904,0.018887890502810478,0.13299308717250824,0.01798621006309986,0.12252868711948395
92,1820,1839,20,20,5212,5212,0,0.0,5212,0,0.0,0,74.65779969999858,26.29797560010047,0.19984519998251926,46.799223699141294,61.25225119999959,38.34889300302712,quality,,,False,,not_promoted,-0.0001014964938981504,0.0006522174164008281,0.5409962293214914,-0.005185350412275733,0.0013043243869593957,0.009745209068968528,1.0001436399250496,0.1942558224063094,0.012195121951219513,0.0,0.0,0.0,0.0,0.0,0.0,0.0,0.0,0.0,0.0,0.0,0.0,0.0,0.0,0.0,0.0,0.0,0.0,0.0,0.0,0.0,0.0,0.0,0.0,0.0,0.0,0.710084080696106,1.489593505859375,0.26061275601387024,0.0017898369114845991,0.03512323647737503,1.4878038167953491,0.27061477303504944,0.9818365573883057,2.5e-05,-0.2978096604347229,-0.32758504152297974,-0.22044725716114044,-0.2192973643541336,-0.2185891568660736,0.3169562518596649,-0.2986490726470947,-0.2980426251888275,-0.19845834374427795,-0.1989116668701172,-0.19789011776447296,0.01892530731856823,0.13307103514671326,0.01798621006309986,0.12249734252691269
93,1840,1859,20,20,5335,5335,0,0.0,5335,0,0.0,0,69.94899770000484,26.464139000003343,0.18611450000025798,43.381555799758644,63.87123309999879,39.86691674424952,quality,,,False,,not_promoted,0.0002576175334286832,0.0040712482108834335,0.4858962575949374,-0.002565720909929258,0.0007371879016448345,0.0026041666666666665,0.9995256648177192,0.21205966791049355,0.005952380952380952,0.0,0.0,0.0,0.0,0.0,0.0,0.0,0.0,0.0,0.0,0.0,0.0,0.0,0.0,0.0,0.0,0.0,0.0,0.0,0.0,0.0,0.0,0.0,0.0,0.0,0.0,0.5633389353752136,1.4377959966659546,0.33003750443458557,-0.01142349187284708,0.08007628470659256,1.4492194652557373,0.2998941242694855,0.9411317706108093,2.5e-05,-0.29770416021347046,-0.327464759349823,-0.220339834690094,-0.2192082554101944,-0.21852588653564453,0.31681281328201294,-0.2985557019710541,-0.29793938994407654,-0.198434516787529,-0.19885371625423431,-0.1978161633014679,0.018932778388261795,0.1330350637435913,0.01798621006309986,0.12251657247543335
94,1860,1879,20,20,4616,4616,0,0.0,4616,0,0.0,0,58.67205670000112,23.386193600206752,0.1869284000567859,37.32224350012257,53.87846800000989,41.0126919648163,quality,,,False,,not_promoted,0.005255209894417083,0.000603140605899046,0.5245125501939695,0.0003116548106023302,0.0008793154170047747,0.004815924657534247,1.0001618221198043,0.17564448214148823,0.0273972602739726,0.0,0.0,0.0,0.0,0.0,0.0,0.0,0.0,0.0,0.0,0.0,0.0,0.0,0.0,0.0,0.0,0.0,0.0,0.0,0.0,0.0,0.0,0.0,0.0,0.0,0.0,1.4484200477600098,1.4660526514053345,0.3511107265949249,-0.009283499792218208,0.04584654048085213,1.4753361940383911,0.3260159194469452,0.98294997215271,2.5e-05,-0.2978483736515045,-0.3274450898170471,-0.22035808861255646,-0.21919015049934387,-0.21851320564746857,0.3169116973876953,-0.29860222339630127,-0.29801157116889954,-0.19845837354660034,-0.19888289272785187,-0.1978687047958374,0.018949802964925766,0.13306653499603271,0.01798621006309986,0.12247811257839203
95,1880,1899,20,20,4609,4609,0,0.0,4609,0,0.0,0,61.893149900002754,24.552567200065823,0.2038155999907758,41.19918429986865,54.05270029998792,39.751314877161256,quality,,,False,,not_promoted,0.00023679116307056113,0.0008235911520561586,0.5514911762247346,-0.004866324967947112,0.0008527883009551323,0.006100171232876712,1.000113790165888,0.1886661986322844,0.02054794520547945,0.0,0.0,0.0,0.0,0.0,0.0,0.0,0.0,0.0,0.0,0.0,0.0,0.0,0.0,0.0,0.0,0.0,0.0,0.0,0.0,0.0,0.0,0.0,0.0,0.0,0.0,0.8584908246994019,1.4863102436065674,0.2663595974445343,0.001808272791095078,0.036944638937711716,1.484501838684082,0.27421069145202637,0.980761706829071,2.5e-05,-0.2978520095348358,-0.32757115364074707,-0.22051171958446503,-0.21928930282592773,-0.21855658292770386,0.31701067090034485,-0.2987866997718811,-0.2982516884803772,-0.19839493930339813,-0.19898663461208344,-0.19794903695583344,0.018976358696818352,0.13313597440719604,0.01798621006309986,0.12250104546546936
96,1900,1919,20,20,5122,5122,0,0.0,5122,0,0.0,0,77.27213000001211,24.547416700050235,0.19689179996203166,43.95067469998321,60.485433199995896,37.1812616383425,quality,,,False,,not_promoted,-0.0023065080038375324,0.0005999016789302667,0.5263968641743247,-0.0072705259411538275,0.0009296081333570643,0.004918981481481482,1.0000575103877503,0.2528930497758182,0.07407407407407407,0.0,0.0,0.0,0.0,0.0,0.0,0.0,0.0,0.0,0.0,0.0,0.0,0.0,0.0,0.0,0.0,0.0,0.0,0.0,0.0,0.0,0.0,0.0,0.0,0.0,0.0,1.9066710472106934,1.4185690879821777,0.23832054436206818,0.003864021971821785,0.03237417712807655,1.4147050380706787,0.24960637092590332,0.9815467000007629,2.5e-05,-0.29769042134284973,-0.327773779630661,-0.22065021097660065,-0.2194254994392395,-0.21869942545890808,0.3170209228992462,-0.29876577854156494,-0.2983775734901428,-0.19845786690711975,-0.1989249438047409,-0.19793491065502167,0.018979409709572792,0.13322453200817108,0.01798621006309986,0.12257824838161469
97,1920,1939,20,20,4960,4960,0,0.0,4960,0,0.0,0,52.43037909999839,24.11092550001922,0.19970699996338226,48.90146780079522,58.28876179999497,44.79803545874783,quality,,,False,,not_promoted,0.00015106676623989374,0.0008193923108942377,0.5700831988301033,-0.0051400691169337966,0.000711127444027135,0.0035056089743589745,0.9991513792520914,0.2303511081979825,0.07051282051282051,0.0,0.0,0.0,0.0,0.0,0.0,0.0,0.0,0.0,0.0,0.0,0.0,0.0,0.0,0.0,0.0,0.0,0.0,0.0,0.0,0.0,0.0,0.0,0.0,0.0,0.0,0.9557183384895325,1.4866973161697388,0.25100910663604736,0.0016430862015113235,0.03799901902675629,1.4850542545318604,0.26164379715919495,0.9770825505256653,2.5e-05,-0.29756858944892883,-0.3279399573802948,-0.2208147644996643,-0.21954432129859924,-0.2188754677772522,0.31692808866500854,-0.2988071143627167,-0.298513799905777,-0.1985924243927002,-0.19894611835479736,-0.19801340997219086,0.01900198496878147,0.13328589498996735,0.01798621006309986,0.12256879359483719
98,1940,1959,20,20,4658,4658,0,0.0,4658,0,0.0,0,56.82235070000752,23.318774600003962,0.1930997000017669,50.61465179990046,54.731093299997156,41.755770444880255,quality,,,False,,not_promoted,-0.000682907140724463,0.000419867293365389,0.5911909413256057,-0.006384883008973851,0.0013587903837379935,0.014982876712328766,1.0000449549661923,0.2631804237831129,0.08904109589041095,0.0,0.0,0.0,0.0,0.0,0.0,0.0,0.0,0.0,0.0,0.0,0.0,0.0,0.0,0.0,0.0,0.0,0.0,0.0,0.0,0.0,0.0,0.0,0.0,0.0,0.0,0.9525148272514343,1.4844779968261719,0.23496821522712708,0.0024429226759821177,0.024672985076904297,1.4820351600646973,0.2411019504070282,0.9889737963676453,2.5e-05,-0.29759129881858826,-0.32804355025291443,-0.22085070610046387,-0.2196178138256073,-0.21893545985221863,0.31693047285079956,-0.29876601696014404,-0.29856690764427185,-0.19854912161827087,-0.19891737401485443,-0.19806458055973053,0.019015861675143242,0.13330285251140594,0.01798621006309986,0.12253046035766602
99,1960,1979,20,20,5132,5132,0,0.0,5132,0,0.0,0,70.4900561000104,24.654668499846593,0.227774099985254,48.0691801996727,60.45409889999428,39.192280098335175,quality,,,False,,not_promoted,0.0027760619090663064,0.000692607786967764,0.5074817508827021,-0.0019524515617960765,0.0008413696925322537,0.005015432098765432,0.9993902768617795,0.2710171463312926,0.09876543209876543,0.0,0.0,0.0,0.0,0.0,0.0,0.0,0.0,0.0,0.0,0.0,0.0,0.0,0.0,0.0,0.0,0.0,0.0,0.0,0.0,0.0,0.0,0.0,0.0,0.0,0.0,1.2290973663330078,1.429875135421753,0.22889463603496552,0.005910252686589956,0.031038202345371246,1.4239648580551147,0.23444126546382904,0.9816125631332397,2.5e-05,-0.2975466549396515,-0.32841262221336365,-0.22109898924827576,-0.21987701952457428,-0.2192276567220688,0.3170047104358673,-0.2987576723098755,-0.29847094416618347,-0.19854217767715454,-0.19889098405838013,-0.19805172085762024,0.01902046985924244,0.13344964385032654,0.01798621006309986,0.12256304174661636
100,1980,1999,20,20,4872,4872,0,0.0,4872,0,0.0,0,59.53785880000214,24.072397000156343,0.2235760999901686,57.22850449975522,57.292832699997234,41.701370910742455,quality,,,False,,not_promoted,-0.00038283532364414885,0.0004516616685719641,0.559555019844662,-0.005752554777162996,0.0010499467516874338,0.010247564935064936,0.999760213997457,0.2556127000164676,0.07142857142857142,0.0,0.0,0.0,0.0,0.0,0.0,0.0,0.0,0.0,0.0,0.0,0.0,0.0,0.0,0.0,0.0,0.0,0.0,0.0,0.0,0.0,0.0,0.0,0.0,0.0,0.0,2.0318892002105713,1.4617470502853394,0.23157899081707,0.004560947418212891,0.024556750431656837,1.4571861028671265,0.23374268412590027,0.9887554049491882,2.5e-05,-0.2975641191005707,-0.32872429490089417,-0.22136859595775604,-0.22009408473968506,-0.21947240829467773,0.3173424303531647,-0.29864105582237244,-0.2982487976551056,-0.19839505851268768,-0.19878919422626495,-0.19785943627357483,0.019031086936593056,0.13360576331615448,0.01798621006309986,0.12266100943088531
