update_id,episode_start,episode_end,episode_count,parallel_envs,transition_count,environment_step_count,forced_action_count,forced_action_ratio,worker_step_command_count,worker_local_physical_forced_action_count,worker_local_physical_forced_share,estimated_worker_step_round_trips_avoided,sampling_wall_time_seconds,policy_inference_time_seconds,generation_time_seconds,environment_step_time_seconds,ppo_update_time_seconds,transitions_per_second,reward_phase,candidate_status,policy_loss,value_loss,entropy,loss,approx_kl,clip_fraction,ratio_mean,gradient_norm,gradient_clipped_fraction,gradient_norm_max,return_mean,return_std,advantage_mean,advantage_std,value_prediction_mean,value_prediction_std,pre_update_explained_variance,learning_rate,policy_head_weight_production_processing_time_norm,policy_head_weight_production_reconfiguration_time_norm,policy_head_weight_production_fixed_reconfiguration_cost_norm,policy_head_weight_production_estimated_labor_cost_norm,policy_head_weight_production_estimated_downtime_cost_norm,policy_head_weight_production_horizon_slack_norm,policy_head_weight_worker_stage_duration_norm,policy_head_weight_worker_projected_fatigue_ratio,policy_head_weight_worker_incremental_labor_cost_norm,policy_head_weight_worker_incremental_downtime_cost_norm,policy_head_weight_worker_incremental_load_variance_norm,policy_head_gate_production_common,policy_head_gate_production_residual,policy_head_gate_worker_common,policy_head_gate_worker_residual,policy_head_preference_action_scale,policy_head_preference_action_scale_production,policy_head_preference_action_scale_worker
1,0,9,10,10,2133,2133,0,0.0,2133,0,0.0,0,17.561403500003507,9.063300500041805,1.7154905000134022,7.373729699938849,18.360802099996363,59.378313897296096,feasibility,not_applicable,0.002182855928207145,0.035775536191923654,0.9177271145231584,0.010893352952895357,1.0436294634446848e-05,0.0,1.0000073822105633,0.5711690733099685,0.45588235294117646,2.5571136474609375,-0.1981038749217987,0.25634998083114624,0.1763039380311966,0.2743694484233856,-0.3744077682495117,0.051272761076688766,-0.14552605152130127,0.0001,-0.2998790144920349,-0.29991036653518677,-0.19996698200702667,-0.19997082650661469,-0.1999790072441101,0.2997673749923706,-0.300327867269516,-0.30033108592033386,-0.19987079501152039,-0.2001873254776001,-0.20048627257347107,0.01798621006309986,0.1191914826631546,0.01798621006309986,0.11940937489271164,0.0,1.499595284461975,1.0010966062545776
2,10,19,10,10,1505,1505,0,0.0,1505,0,0.0,0,12.312921099997766,6.035346999997273,1.553182999989076,5.958411799867463,10.877992599998834,64.89610627114794,feasibility,feasibility_best,0.0012064466330533226,0.04906771762762219,0.8667505408326784,0.017072799790184945,4.087152016533461e-05,0.0,0.9999835217992464,0.5435553506637613,0.4791666666666667,1.579342007637024,0.0162959061563015,0.3369395434856415,0.14489160478115082,0.25252366065979004,-0.12859569489955902,0.1762872338294983,0.43830543756484985,0.0001,-0.29978078603744507,-0.30024877190589905,-0.2002733200788498,-0.2002061903476715,-0.20018349587917328,0.2997186481952667,-0.3003096878528595,-0.3002159297466278,-0.1999439001083374,-0.200166255235672,-0.20036208629608154,0.01798621006309986,0.11912176758050919,0.01798621006309986,0.11936426162719727,0.0,1.5001461505889893,1.000191330909729
3,20,29,10,10,1829,1829,0,0.0,1829,0,0.0,0,11.9571838999982,7.4530888000444975,0.9052445999986958,4.3315619997665635,14.045891899993876,70.33783288054552,feasibility,not_applicable,-0.0011956719681620598,0.035595188784445154,0.8182792663574219,0.008419129965377265,0.00025856555193654615,0.0,0.9999745251803562,0.7149520192680687,0.5689655172413793,2.0923526287078857,0.09276802837848663,0.3191487789154053,0.14965777099132538,0.2038322240114212,-0.05688972771167755,0.20879477262496948,0.5920946598052979,0.0001,-0.29960501194000244,-0.30026865005493164,-0.2003648430109024,-0.20021593570709229,-0.2001899778842926,0.2995724678039551,-0.2998966574668884,-0.2995459735393524,-0.19995740056037903,-0.1998937577009201,-0.20036348700523376,0.01798621006309986,0.11913543194532394,0.01798621006309986,0.11939209699630737,0.0,1.500430703163147,1.0001492500305176
4,30,39,10,10,2035,2035,0,0.0,2035,0,0.0,0,11.972159100005229,8.30421810009284,1.3791294999973616,3.7589278000596096,15.952789199996914,72.87390394201174,feasibility,not_applicable,-0.0010849660320673138,0.018538673499278957,0.6791310249827802,0.0013930601344327442,3.113265285037414e-05,0.0,1.0002175020053983,0.5551525009796023,0.453125,2.2611138820648193,0.17314469814300537,0.3201008439064026,0.19656601548194885,0.16004730761051178,-0.023421311751008034,0.21736280620098114,0.7500097155570984,0.0001,-0.29939380288124084,-0.30012696981430054,-0.20042522251605988,-0.2001255750656128,-0.20018228888511658,0.29948338866233826,-0.29993751645088196,-0.2994687557220459,-0.20016086101531982,-0.19989998638629913,-0.2004009336233139,0.01798621006309986,0.11909651756286621,0.01798621006309986,0.11927931755781174,0.0,1.5003647804260254,1.0003794431686401
5,40,49,10,10,2182,2182,0,0.0,2182,0,0.0,0,12.133928399998695,9.01690349994169,2.3327931000094395,3.4092802002705866,17.33487499999319,74.04440453122032,feasibility,not_applicable,0.003681248679224934,0.014782706999851923,0.7193046391010285,0.003879555833659002,0.0003176792213967669,0.0,1.0004558520657676,0.6044450006314687,0.4714285714285714,2.2483158111572266,0.37182730436325073,0.36849626898765564,0.173208549618721,0.13966254889965057,0.19861873984336853,0.29308652877807617,0.8563539385795593,0.0001,-0.29909420013427734,-0.2998984158039093,-0.20026077330112457,-0.19997042417526245,-0.2001088559627533,0.29919004440307617,-0.30017849802970886,-0.2996821105480194,-0.20046202838420868,-0.1999417096376419,-0.20021480321884155,0.01798621006309986,0.11909294873476028,0.01798621006309986,0.1193259134888649,0.0,1.4996850490570068,0.9996132850646973
6,50,59,10,10,1771,1771,0,0.0,1771,0,0.0,0,10.385561999995844,7.15490409998165,1.3484195000128238,3.077006399988022,13.413613700002315,74.41434200597699,feasibility,phase_transition,-0.0006030463347477573,0.01591301151035753,0.7112213713782174,0.000241246132645756,0.0004587901694321772,0.0,0.9999840919460569,0.5400885072137628,0.35714285714285715,2.2498281002044678,0.5416499376296997,0.292765349149704,0.18579046428203583,0.1310422718524933,0.3558594286441803,0.2609502971172333,0.7996526956558228,0.0001,-0.29960042238235474,-0.3000768721103668,-0.20036764442920685,-0.20009325444698334,-0.2001776248216629,0.29955440759658813,-0.30031341314315796,-0.29974573850631714,-0.20055386424064636,-0.20002466440200806,-0.20032836496829987,0.01798621006309986,0.11920266598463058,0.01798621006309986,0.11948203295469284,0.0,1.5003186464309692,0.9997878074645996
7,60,69,10,10,1835,1835,0,0.0,1835,0,0.0,0,9.456256800003757,7.385993800038705,1.4106147000056808,2.1495611998834647,12.967915100001846,81.83133844062003,quality,pending,-0.0008534308009106537,0.014941894471372381,0.5377107406484669,0.001240410087309007,2.9765762881315195e-07,0.0,0.9999946581906286,0.4833810718023571,0.3448275862068966,1.718865156173706,0.6889536380767822,0.26354146003723145,0.1571875959634781,0.13096819818019867,0.5317659974098206,0.2604573369026184,0.7530359029769897,0.0001,-0.2996353805065155,-0.3000178337097168,-0.20035630464553833,-0.20006823539733887,-0.20010459423065186,0.29949498176574707,-0.30067574977874756,-0.300165593624115,-0.20069074630737305,-0.2002868503332138,-0.2006589025259018,0.01798621006309986,0.11926497519016266,0.01798621006309986,0.11967167258262634,0.0,1.5004035234451294,1.0007593631744385
8,70,79,10,10,1837,1837,0,0.0,1837,0,0.0,0,9.589012399999774,7.329497199993057,1.2901047000050312,2.3125190998980543,12.392808999997214,83.56905310859507,quality,pending,0.0029610010377805807,0.005105228193409355,0.5000224951012381,0.0005133900357859915,3.678215381929978e-07,0.0,0.9999980494893831,0.40132010140424146,0.25862068965517243,1.9393731355667114,0.8448525071144104,0.2419385313987732,0.15507404506206512,0.06969422847032547,0.6897784471511841,0.26934418082237244,0.9170180559158325,0.0001,-0.2996855676174164,-0.30058690905570984,-0.20095562934875488,-0.20049749314785004,-0.20051701366901398,0.29992565512657166,-0.30094850063323975,-0.30049389600753784,-0.2004525512456894,-0.20047590136528015,-0.20102040469646454,0.01798621006309986,0.1191151887178421,0.01798621006309986,0.11970870941877365,0.0,1.5009689331054688,1.0015608072280884
9,80,89,10,10,1835,1835,0,0.0,1835,0,0.0,0,9.638729300000705,7.4612825999065535,1.282597799996438,2.2837728999875253,13.182259000001068,80.40843700006882,quality,pending,-0.0013647407999840275,0.003828423212137844,0.5852649073148596,-0.005303177581136596,3.5086248137053314e-06,0.0,1.0000392537692497,0.3546261824667454,0.2413793103448276,1.5584594011306763,0.9419476985931396,0.1850070208311081,0.13729701936244965,0.06459632515907288,0.8046504855155945,0.2022586166858673,0.8780900239944458,0.0001,-0.29927560687065125,-0.3010184168815613,-0.20116230845451355,-0.20078882575035095,-0.20083951950073242,0.29986804723739624,-0.30120721459388733,-0.30062994360923767,-0.20025117695331573,-0.20068027079105377,-0.20139971375465393,0.01798621006309986,0.11962331831455231,0.01798621006309986,0.11983520537614822,0.0,1.5014010667800903,1.0017712116241455
10,90,99,10,10,1791,1791,0,0.0,1791,0,0.0,0,9.29416919999494,7.282307000023138,1.3783845999932964,2.115939200099092,12.89787150000484,80.70461045973198,quality,pending,-9.356382569032056e-06,0.013957189907419629,0.5381869833384242,0.0015873694459774665,3.853140888005717e-06,0.0,1.0000119571174895,0.3388971902563104,0.16071428571428573,1.0614392757415771,1.048743724822998,0.2663606107234955,0.09456589818000793,0.14956556260585785,0.954177737236023,0.23507316410541534,0.6847004890441895,0.0001,-0.29893121123313904,-0.300967276096344,-0.20113088190555573,-0.20074893534183502,-0.2008114606142044,0.299545556306839,-0.30131521821022034,-0.3007194995880127,-0.2001943737268448,-0.20078487694263458,-0.20151963829994202,0.01798621006309986,0.12007210403680801,0.01798621006309986,0.11977409571409225,0.0,1.5011368989944458,1.001880168914795
11,100,109,10,10,2264,2264,0,0.0,2264,0,0.0,0,12.407634099996358,9.606418199997279,1.4760948000184726,2.6329986000419012,17.785466900000756,74.9840170441657,quality,pending,-0.003070309719381233,0.001808036194739139,0.5434339265856478,-0.007600631066856699,7.041878469572617e-06,0.0,1.0000555059976048,0.15452627622936335,0.06944444444444445,0.9461266994476318,1.1561535596847534,0.2301035374403,0.08440755307674408,0.06144446134567261,1.0717461109161377,0.2173454463481903,0.9286952018737793,0.0001,-0.29872605204582214,-0.30116620659828186,-0.20140589773654938,-0.20088940858840942,-0.20118962228298187,0.29972490668296814,-0.30165737867355347,-0.30097290873527527,-0.1998254507780075,-0.20104654133319855,-0.2019960582256317,0.01798621006309986,0.12037672102451324,0.01798621006309986,0.11972352862358093,0.0,1.5015928745269775,1.0030800104141235
12,110,119,10,10,2789,2789,0,0.0,2789,0,0.0,0,14.768755099998089,11.754544299990812,1.4681770000024699,2.8578658002079464,22.419948800001293,74.99589142712894,quality,pending,-0.00041911237746138465,0.008084969699583862,0.41537064517086203,-0.0005303340413692323,6.590738656608863e-06,0.0,1.000012450597503,0.37106568421321834,0.26136363636363635,0.8037253022193909,1.158305048942566,0.2181784212589264,0.05849923565983772,0.10659176111221313,1.0998059511184692,0.1861882209777832,0.7613158226013184,0.0001,-0.2988627254962921,-0.3012992739677429,-0.20148861408233643,-0.2009911686182022,-0.20126353204250336,0.299906462430954,-0.3016529977321625,-0.30078500509262085,-0.19963295757770538,-0.2009725123643875,-0.20214955508708954,0.01798621006309986,0.1202273741364479,0.01798621006309986,0.1196863055229187,0.0,1.5019067525863647,1.0033857822418213
13,120,129,10,10,1902,1902,0,0.0,1902,0,0.0,0,9.734128799995233,7.73546799999167,1.0342215999917244,1.7525523998920107,13.974850600003265,80.22276994344685,quality,pending,0.0020254427567124368,0.0035817771567963064,0.5141615688800811,-0.0013252836962540945,1.1231687460622198e-05,0.0,0.9999360303084056,0.18499384326860308,0.06666666666666667,0.9045761823654175,1.261695146560669,0.2569153606891632,0.0651540756225586,0.07868693768978119,1.1965410709381104,0.2621583640575409,0.9061951637268066,0.0001,-0.29862502217292786,-0.3018522262573242,-0.20181551575660706,-0.20137502253055573,-0.2015676498413086,0.2999641001224518,-0.3017970621585846,-0.30069878697395325,-0.19975106418132782,-0.20108690857887268,-0.20160524547100067,0.01798621006309986,0.12042183429002762,0.01798621006309986,0.11968929320573807,0.0,1.5027493238449097,1.0026946067810059
14,130,139,10,10,1996,1996,0,0.0,1996,0,0.0,0,10.248598500002117,8.14770119987952,1.1506521999981487,2.211496900032216,14.784648699998797,79.73396275973047,quality,pending,0.0025302341382484883,0.0016516920031790505,0.5257688798010349,-0.0019016087608179078,6.005206311443523e-06,0.0,1.0000313725322485,0.1451430166780483,0.015625,0.6380118131637573,1.2667198181152344,0.17576369643211365,0.05663392320275307,0.05392531678080559,1.2100859880447388,0.18434756994247437,0.9058701992034912,0.0001,-0.2986392080783844,-0.30132028460502625,-0.20194734632968903,-0.20100639760494232,-0.20107226073741913,0.2998369336128235,-0.3019620180130005,-0.3007260262966156,-0.19962657988071442,-0.2012014091014862,-0.20190565288066864,0.01798621006309986,0.12055379897356033,0.01798621006309986,0.11968475580215454,0.0,1.502713918685913,1.003852367401123
15,140,149,10,10,1616,1616,0,0.0,1616,0,0.0,0,8.211680599997635,6.376997799969104,0.9409516000014264,1.8439162999566179,10.626279399999476,85.78423566035005,quality,pending,-0.0006541469707511938,0.0013109232811704995,0.5033136485860898,-0.0050318218731822874,2.5617733067170216e-06,0.0,1.0000007977852454,0.1259761222351629,0.0,0.41746652126312256,1.4493589401245117,0.2286725491285324,0.030668815597891808,0.058967676013708115,1.4186900854110718,0.19609883427619934,0.9335033297538757,0.0001,-0.29875895380973816,-0.3014910817146301,-0.20188648998737335,-0.20112599432468414,-0.20105203986167908,0.3000427782535553,-0.30214184522628784,-0.3009350299835205,-0.19976261258125305,-0.20139725506305695,-0.20189611613750458,0.01798621006309986,0.12066322565078735,0.01798621006309986,0.11969821900129318,0.0,1.5025277137756348,1.003953456878662
16,150,159,10,10,2670,2670,0,0.0,2670,0,0.0,0,14.053180700000667,11.407304200001818,1.5449148999978206,3.04861630006053,22.240325799997663,73.56687896773278,quality,pending,-7.986037858894893e-05,0.0062881550679559865,0.5498086916548865,-0.0024338695830443784,2.587043601514389e-05,0.0,1.0000246302002953,0.2535678208583877,0.07142857142857142,0.7337321639060974,1.309403657913208,0.21870304644107819,0.025904245674610138,0.09012824296951294,1.2834994792938232,0.17925499379634857,0.8301708698272705,0.0001,-0.29864218831062317,-0.3015410304069519,-0.20183108747005463,-0.20116227865219116,-0.20106984674930573,0.30003243684768677,-0.30208221077919006,-0.3012729287147522,-0.19952289760112762,-0.20135535299777985,-0.2020253837108612,0.01798621006309986,0.12080173939466476,0.01798621006309986,0.11978604644536972,0.0,1.5028053522109985,1.0040992498397827
17,160,169,10,10,2439,2439,0,0.0,2439,0,0.0,0,13.492272999996203,10.292522900010226,1.5177997999999207,2.9064217999912216,19.002903199994762,75.05729419619759,quality,pending,0.0018023969963766062,0.0012847925916923066,0.49298682388586873,-0.0024850739924332653,6.127167379904454e-06,0.0,1.0000161750194354,0.15560043681986058,0.0,0.4498971998691559,1.3845601081848145,0.1868065595626831,0.03447922319173813,0.04428374394774437,1.3500808477401733,0.17661651968955994,0.943804144859314,0.0001,-0.2985529899597168,-0.3014739751815796,-0.20175457000732422,-0.2011251598596573,-0.2011040300130844,0.3000967502593994,-0.3018907308578491,-0.3007827401161194,-0.1997164785861969,-0.20123861730098724,-0.20170548558235168,0.01798621006309986,0.1208401620388031,0.01798621006309986,0.11960932612419128,0.0,1.5030572414398193,1.0029340982437134
18,170,179,10,10,2830,2830,0,0.0,2830,0,0.0,0,15.937388499994995,12.141364099952625,3.2260311000136426,2.822449199979019,22.96387720000348,72.74827564286966,quality,pending,-0.0005822646121184031,0.0008856448477470419,0.42154149860143664,-0.004354857565421197,6.0438262731092134e-06,0.0,1.000020518567827,0.11639797861377398,0.0,0.2849942743778229,1.3717327117919922,0.19827021658420563,0.025589797645807266,0.037083402276039124,1.3461428880691528,0.2007555067539215,0.9650180339813232,0.0001,-0.29870346188545227,-0.3023236095905304,-0.20199650526046753,-0.2017306238412857,-0.2019159495830536,0.3005537688732147,-0.30171024799346924,-0.30068278312683105,-0.19937162101268768,-0.20102278888225555,-0.20161336660385132,0.01798621006309986,0.12103697657585144,0.01798621006309986,0.11977703869342804,0.0,1.5035382509231567,1.0022510290145874
19,180,189,10,10,2083,2083,0,0.0,2083,0,0.0,0,10.493168199995125,8.55095769995387,1.269430000000284,2.1516640998306684,15.452001400000881,80.28469391852889,quality,pending,0.002103631483447371,0.007024378208866851,0.5089126974344254,0.0005266942281388875,4.036768294471668e-05,0.0,0.9999466800328457,0.20244516068222848,0.030303030303030304,0.6155751347541809,1.3438525199890137,0.25543636083602905,0.011470302939414978,0.09690065681934357,1.3323822021484375,0.20254027843475342,0.8560909628868103,0.0001,-0.2986418306827545,-0.30239632725715637,-0.20207728445529938,-0.20178623497486115,-0.20198598504066467,0.30041393637657166,-0.3018075227737427,-0.300915390253067,-0.1992572546005249,-0.20107442140579224,-0.20159631967544556,0.01798621006309986,0.1212424486875534,0.01798621006309986,0.11986356228590012,0.0,1.5039386749267578,1.0023303031921387
20,190,199,10,10,2599,2599,0,0.0,2599,0,0.0,0,13.190912300000491,10.805797900015023,1.362850299999991,2.53500159997202,19.979069500004698,78.35397726988181,quality,pending,0.0008777145568917437,0.0007896095506489141,0.49893635366021133,-0.003716844735985122,1.6559907768479626e-05,0.0,0.999927950341527,0.10451239011273152,0.0,0.301527202129364,1.4781742095947266,0.2019999772310257,0.025444723665714264,0.03923296183347702,1.452729344367981,0.18325217068195343,0.9622775912284851,0.0001,-0.29879748821258545,-0.3023636043071747,-0.20191062986850739,-0.20176145434379578,-0.20187337696552277,0.3005673289299011,-0.3017040193080902,-0.30097296833992004,-0.19928492605686188,-0.20099642872810364,-0.20180436968803406,0.01798621006309986,0.12100782245397568,0.01798621006309986,0.1197904646396637,0.0,1.503607988357544,1.0021382570266724
21,200,209,10,10,3294,3294,0,0.0,3294,0,0.0,0,18.411020399995323,14.363056399895868,1.9586915999971097,3.5634519000159344,27.48246189999918,71.77489776147134,quality,pending,-0.0006738328285372028,0.0006448405361320161,0.4948473366407248,-0.005299885385633947,1.294223605660031e-05,0.0,1.0000061066104815,0.106485205102497,0.0,0.29702115058898926,1.4731335639953613,0.20365983247756958,0.023036492988467216,0.027813903987407684,1.450096845626831,0.2074650526046753,0.9813485145568848,0.0001,-0.2988038957118988,-0.30267244577407837,-0.2021750956773758,-0.20198440551757812,-0.20197218656539917,0.3008052110671997,-0.3023008406162262,-0.30136895179748535,-0.19932425022125244,-0.20133954286575317,-0.20184974372386932,0.01798621006309986,0.12088460475206375,0.01798621006309986,0.12013442069292068,0.0,1.50396728515625,1.002967119216919
22,210,219,10,10,1947,1947,0,0.0,1947,0,0.0,0,10.48327319999953,7.924377499977709,1.2403881000063848,2.604394100009813,14.073794299998553,79.28471101039047,quality,pending,-0.0035646851625173322,0.027452947992470958,0.5229038451948473,0.004932749701002913,1.4434917393061603e-05,0.0,1.0001003847968193,0.3690068348040504,0.27419354838709675,1.039534091949463,1.4140079021453857,0.4136299788951874,-0.036462608724832535,0.1978394240140915,1.4504704475402832,0.28871122002601624,0.7712286114692688,0.0001,-0.29908958077430725,-0.302381694316864,-0.202005997300148,-0.2017798274755478,-0.20180703699588776,0.3013153672218323,-0.3021870255470276,-0.30131831765174866,-0.1994679570198059,-0.20128367841243744,-0.2018745392560959,0.01798621006309986,0.12096545845270157,0.01798621006309986,0.1201263815164566,0.0,1.5036938190460205,1.0034867525100708
23,220,229,10,10,2224,2224,0,0.0,2224,0,0.0,0,12.735709900000074,9.371292900024855,1.319554399997287,3.0749460998704308,17.64565389999916,73.20277044311145,quality,pending,-0.0003167540167591402,0.0018722961831372231,0.5688916717256819,-0.005069522526381271,4.5982317650279066e-06,0.0,1.0000144686017718,0.1527997761964798,0.0,0.44347015023231506,1.523181438446045,0.3012832701206207,0.013288668356835842,0.05237909033894539,1.5098925828933716,0.30417242646217346,0.9697750210762024,0.0001,-0.29917263984680176,-0.3023289144039154,-0.20197650790214539,-0.20174722373485565,-0.20172074437141418,0.30149364471435547,-0.30266812443733215,-0.30176639556884766,-0.1994626224040985,-0.20160701870918274,-0.2023387998342514,0.017986226826906204,0.1210135892033577,0.01798621006309986,0.12028725445270538,0.0,1.503889799118042,1.0042617321014404
24,230,239,10,10,2930,2930,0,0.0,2930,0,0.0,0,16.17522939999617,12.532535300022573,5.983938199999102,3.073194299773604,24.132745799994154,72.69032953063599,quality,pending,-0.0004262976935538261,0.000921979415579699,0.5095475432665452,-0.005060783660788413,1.315185762220865e-05,0.0,1.0001603520434836,0.09866528927712985,0.0,0.2348938137292862,1.6534793376922607,0.23376193642616272,0.008711596950888634,0.03430674225091934,1.6447677612304688,0.23474039137363434,0.9784616827964783,0.0001,-0.2985990345478058,-0.3022478520870209,-0.2020675092935562,-0.20169229805469513,-0.2017849236726761,0.3010861873626709,-0.3022685647010803,-0.30142468214035034,-0.19945000112056732,-0.20128099620342255,-0.2023048847913742,0.017986226826906204,0.12082821130752563,0.01798621006309986,0.12012942880392075,0.0,1.5032482147216797,1.0042892694473267
25,240,249,10,10,2521,2521,0,0.0,2521,0,0.0,0,13.100748299999395,10.57029840004543,1.2109388999961084,2.3721908000225085,19.559021600005508,77.1897661164974,quality,pending,9.223981760442256e-06,0.0008364713787159417,0.4689426012337208,-0.004261965694604441,1.90047244075231e-06,0.0,1.0000329568982125,0.0780394926900044,0.0,0.18454749882221222,1.4930543899536133,0.3275526463985443,0.004660588689148426,0.037565164268016815,1.4883936643600464,0.32537171244621277,0.9868475198745728,0.0001,-0.2985415458679199,-0.3029610216617584,-0.20230312645435333,-0.2021726667881012,-0.20195452868938446,0.30132874846458435,-0.30247658491134644,-0.30178144574165344,-0.19977176189422607,-0.2013648897409439,-0.2022409439086914,0.017986226826906204,0.1208348423242569,0.01798621006309986,0.12014119327068329,0.0,1.5029467344284058,1.0042901039123535
26,250,259,10,10,2717,2717,0,0.0,2717,0,0.0,0,13.988290800007235,11.482715899961477,1.3737512999869068,2.78424269981042,21.852610000001732,75.8072464517778,quality,not_promoted,-0.000499103927638295,0.0007619350897500205,0.5155855077643727,-0.005273991697576157,8.1480105764904e-06,0.0,0.9999829710916032,0.11923338639614887,0.0,0.2876216173171997,1.4758400917053223,0.3112090528011322,0.008858931250870228,0.03385361656546593,1.466981291770935,0.31418555974960327,0.9881666898727417,0.0001,-0.2986741364002228,-0.3027813136577606,-0.202410027384758,-0.20205342769622803,-0.2017839103937149,0.3014354407787323,-0.3023800253868103,-0.3023811876773834,-0.20011955499649048,-0.201276034116745,-0.20238938927650452,0.017986226826906204,0.1209416538476944,0.01798621006309986,0.12020275741815567,0.0,1.5020318031311035,1.0038539171218872
27,260,269,10,10,2957,2957,0,0.0,2957,0,0.0,0,15.602058200005558,12.787742700005765,1.909011299991107,3.044816200126661,25.4919430000009,71.95697458634267,quality,pending,0.0006717959062216129,0.0004877042093597838,0.5152726975527215,-0.00423707890056787,1.0457187717621947e-05,0.0,1.0000613388863016,0.09717793225687235,0.0,0.24727748334407806,1.539230465888977,0.242559015750885,0.008471925742924213,0.023635659366846085,1.5307583808898926,0.24768929183483124,0.9905048608779907,0.0001,-0.2984115183353424,-0.30276039242744446,-0.20275388658046722,-0.2020331770181656,-0.20183065533638,0.3010130822658539,-0.30264830589294434,-0.3021697700023651,-0.2005430907011032,-0.20150253176689148,-0.2030303180217743,0.017986226826906204,0.1209304928779602,0.01798621006309986,0.12088022381067276,0.0,1.4998352527618408,1.005178689956665
28,270,279,10,10,2919,2919,0,0.0,2919,0,0.0,0,15.912949199999275,12.220518899899616,2.3511273999829427,2.5767848999166745,21.68320859999949,77.6409125509122,quality,pending,-0.000521718797719349,0.0005200663757062538,0.3051867557932501,-0.003313553227243297,6.397312955394464e-06,0.0,0.999988018170647,0.07039968143014805,0.0,0.2671787440776825,1.5391789674758911,0.26974207162857056,-0.0027477205730974674,0.02750002220273018,1.541926622390747,0.269557386636734,0.9896063208580017,0.0001,-0.29857850074768066,-0.30262356996536255,-0.20260699093341827,-0.20192761719226837,-0.20169085264205933,0.30108657479286194,-0.30255162715911865,-0.3019507825374603,-0.2005392163991928,-0.20142334699630737,-0.20300644636154175,0.017986226826906204,0.12083522975444794,0.01798621006309986,0.12046665698289871,0.0,1.4989490509033203,1.0054987668991089
29,280,289,10,10,1617,1617,0,0.0,1617,0,0.0,0,8.275032099998498,6.341062599938596,1.4504238000008627,1.7698092999780783,10.158881700001075,87.71875671893602,quality,pending,-0.010889731240100585,0.0013643489902068933,0.4864697869007404,-0.01507225433865992,1.5573508733541967e-06,0.0,1.0000471323728561,0.13645104555269846,0.0,0.3526078164577484,1.6357173919677734,0.3601785898208618,-0.031085509806871414,0.04362836852669716,1.6668031215667725,0.3534308969974518,0.9853275418281555,5e-05,-0.2984607517719269,-0.3027571141719818,-0.2026696801185608,-0.2020200937986374,-0.20176950097084045,0.3010757565498352,-0.30276206135749817,-0.3019806444644928,-0.2005995661020279,-0.20153750479221344,-0.20315809547901154,0.017986226826906204,0.12080613523721695,0.01798621006309986,0.12045918405056,0.0,1.4989311695098877,1.005383014678955
30,290,299,10,10,2347,2347,0,0.0,2347,0,0.0,0,12.486259799996333,9.717498000005435,1.944241500001226,2.6714805002047797,16.91400959999737,79.82920047666308,quality,pending,-9.602091803744033e-05,0.0005830555980808001,0.4196514430883768,-0.004001007490866893,3.8599808499742653e-07,0.0,1.0000071267823916,0.07337272121898226,0.0,0.18941497802734375,1.6167283058166504,0.300025075674057,-0.011220612563192844,0.029144039377570152,1.6279488801956177,0.2984461188316345,0.9905640482902527,5e-05,-0.2987934648990631,-0.3026452660560608,-0.2026192992925644,-0.20194199681282043,-0.20165812969207764,0.30115342140197754,-0.302844762802124,-0.3021320104598999,-0.20059086382389069,-0.20159435272216797,-0.20335569977760315,0.017986226826906204,0.1208190843462944,0.01798621006309986,0.12042418122291565,0.0,1.498907208442688,1.0057525634765625
31,300,309,10,10,2329,2329,0,0.0,2329,0,0.0,0,12.070911100003286,9.795468600037566,1.6131697000164422,2.3341784999574884,18.277574799998547,76.74188451028654,quality,pending,-0.0028218639435598977,0.007455448504392612,0.5247574009605356,-0.00434171233477222,2.663979884687251e-06,0.0,1.0000467002391815,0.21982968173216325,0.06756756756756757,0.7086532115936279,1.5150024890899658,0.32327577471733093,-0.01327801775187254,0.09478040784597397,1.5282807350158691,0.2872319221496582,0.9140411019325256,5e-05,-0.2988092005252838,-0.3026590347290039,-0.20261235535144806,-0.20195148885250092,-0.20167426764965057,0.3010574281215668,-0.3028489649295807,-0.302129864692688,-0.20061680674552917,-0.2015882134437561,-0.20339615643024445,0.017986226826906204,0.12086115032434464,0.01798621006309986,0.12040723115205765,0.0,1.4987478256225586,1.0058187246322632
32,310,319,10,10,2726,2726,0,0.0,2726,0,0.0,0,14.320681899996998,11.344539099984104,1.6111473000128171,3.1062423999028397,20.83069329999853,77.55030875720466,quality,pending,0.00046110220340102217,0.005710438783226405,0.43884022741816764,-0.0010720804160417512,5.364081794352895e-07,0.0,0.9999974737333697,0.18888498446362656,0.023255813953488372,0.5343713760375977,1.6019141674041748,0.36522772908210754,-0.016480648890137672,0.08134143054485321,1.6183949708938599,0.3308829665184021,0.950398325920105,5e-05,-0.2986799478530884,-0.30256739258766174,-0.20252835750579834,-0.20188601315021515,-0.2016020119190216,0.30084341764450073,-0.3029407262802124,-0.30228132009506226,-0.20059943199157715,-0.2016763985157013,-0.20356091856956482,0.017986226826906204,0.1208745688199997,0.01798621006309986,0.12048014253377914,0.0,1.4984663724899292,1.005796194076538
33,320,329,10,10,2676,2676,0,0.0,2676,0,0.0,0,14.889984100002039,11.23052389996883,1.3423588999939966,2.9061418998171575,20.109933399995498,76.4573230779812,quality,pending,0.0005546791833781061,0.0013555183198020262,0.41730943215744837,-0.002940656675491482,1.4788935015444406e-06,0.0,0.999990069440433,0.09419139164189498,0.0,0.22990261018276215,1.4530797004699707,0.3178466260433197,-0.003945507574826479,0.055879078805446625,1.4570252895355225,0.3444555401802063,0.9690925478935242,5e-05,-0.2987366318702698,-0.30253511667251587,-0.20239996910095215,-0.20188400149345398,-0.2015899270772934,0.30090317130088806,-0.30272582173347473,-0.3022577464580536,-0.20047864317893982,-0.20150497555732727,-0.20366397500038147,0.017986226826906204,0.12082375586032867,0.01798621006309986,0.12051724642515182,0.0,1.4984562397003174,1.0058075189590454
34,330,339,10,10,2460,2460,0,0.0,2460,0,0.0,0,12.447255700004462,10.130974800005788,1.3959512000001268,2.4996312999210204,18.451466999998956,79.61494149399671,quality,pending,-0.002052116601799543,0.0007810010556101751,0.444390044762538,-0.0061055161357403565,3.6340518115652326e-06,0.0,1.0000443504406855,0.0782041787289274,0.0,0.1877768635749817,1.565137267112732,0.3000367283821106,0.000783129537012428,0.033055756241083145,1.5643541812896729,0.30310681462287903,0.9878620505332947,5e-05,-0.29864737391471863,-0.3022732138633728,-0.20220351219177246,-0.201704740524292,-0.2014043629169464,0.30078819394111633,-0.3027564287185669,-0.30247771739959717,-0.20052361488342285,-0.2015053927898407,-0.2036159783601761,0.017986226826906204,0.12076947093009949,0.01798621006309986,0.12047746777534485,0.0,1.4977302551269531,1.0060145854949951
35,340,349,10,10,2860,2860,0,0.0,2860,0,0.0,0,15.731355700001586,12.347339500047383,7.180439700008719,2.7782846000482095,24.292898899999273,71.45667117558108,quality,pending,0.00015915908540288607,0.0006043614858450989,0.4743120183547338,-0.004281780162515739,1.1119894528140624e-06,0.0,0.99998699426651,0.060726494217912354,0.0,0.1579471379518509,1.5218276977539062,0.2495943009853363,0.008752057328820229,0.02921818196773529,1.5130757093429565,0.2537182569503784,0.9862962961196899,5e-05,-0.2987128794193268,-0.3022373616695404,-0.20220942795276642,-0.2016829252243042,-0.2013937085866928,0.3009780943393707,-0.30283549427986145,-0.3024485111236572,-0.20050396025180817,-0.20147402584552765,-0.20352521538734436,0.017986226826906204,0.1207408681511879,0.01798621006309986,0.12058264017105103,0.0,1.4972621202468872,1.0063016414642334
36,350,359,10,10,2227,2227,0,0.0,2227,0,0.0,0,11.567686999995203,9.393608699916513,1.2747397999919485,2.2086974999765516,17.5940042000002,76.36731301785238,quality,pending,-0.00030079106135027747,0.0007388487562171316,0.5286422512360982,-0.005217788887343236,4.42436841662389e-06,0.0,0.9999913437025888,0.07981241385319403,0.0,0.22385039925575256,1.5279667377471924,0.2609620690345764,-3.124179784208536e-05,0.034732386469841,1.5279979705810547,0.2677251696586609,0.9822860956192017,5e-05,-0.2988724410533905,-0.3022514879703522,-0.20221392810344696,-0.20169301331043243,-0.20136846601963043,0.30110493302345276,-0.3030322194099426,-0.30253416299819946,-0.20056195557117462,-0.2016260176897049,-0.2035721093416214,0.017986226826906204,0.12077068537473679,0.01798621006309986,0.1206849217414856,0.0,1.497483730316162,1.0064996480941772
37,360,369,10,10,1921,1921,0,0.0,1921,0,0.0,0,10.294430900001316,7.998118900039117,1.2340823999911663,2.222085399836942,14.391096000006655,77.81887774894444,quality,pending,-0.007109399058765942,0.010672229724737154,0.5006399053719736,-0.006779682739908176,1.3048857762177865e-05,0.0,0.9999145971190545,0.278491398319602,0.06451612903225806,1.598039150238037,1.3830962181091309,0.31371545791625977,-0.01583687588572502,0.11110401898622513,1.3989330530166626,0.28353583812713623,0.8745739459991455,5e-05,-0.2989206612110138,-0.3021479547023773,-0.20214134454727173,-0.20161989331245422,-0.201284259557724,0.3010883331298828,-0.30297744274139404,-0.30249452590942383,-0.20047715306282043,-0.20160162448883057,-0.20357953011989594,0.017986223101615906,0.12074364721775055,0.01798621006309986,0.1206885352730751,0.0,1.4973727464675903,1.0064767599105835
38,370,379,10,10,2942,2942,0,0.0,2942,0,0.0,0,16.036561599998095,12.566599100035091,4.129279499989934,2.6638822997629177,23.577794200005883,74.26600636529105,quality,pending,3.380842668854672e-06,0.0009153090137735252,0.4097397126581358,-0.0036363605986875686,1.5840416903964307e-06,0.0,1.0000638074201087,0.10620305353127744,0.0,0.36706674098968506,1.4810370206832886,0.2521159052848816,0.007999339140951633,0.03392404317855835,1.473037600517273,0.2592993974685669,0.981894314289093,5e-05,-0.29892244935035706,-0.30213046073913574,-0.20207680761814117,-0.2016003131866455,-0.2012680619955063,0.30106648802757263,-0.3031068742275238,-0.30292072892189026,-0.20049172639846802,-0.20169098675251007,-0.20362669229507446,0.017986223101615906,0.12074403464794159,0.01798621006309986,0.12071915715932846,0.0,1.4973080158233643,1.0065760612487793
39,380,389,10,10,3141,3141,0,0.0,3141,0,0.0,0,17.6174450000035,13.512376300037431,1.7009243000065908,3.372342000315257,25.848964500000875,72.26269747446436,quality,pending,0.0030818537808954714,0.0006261941625416512,0.3986323956400156,-0.0005913731676992029,4.365812055784346e-07,0.0,0.9999973785877228,0.06601085105910898,0.0,0.14806410670280457,1.4562196731567383,0.2500609755516052,0.008140932768583298,0.03067409247159958,1.4480787515640259,0.25859203934669495,0.9849529266357422,5e-05,-0.2990044057369232,-0.30190813541412354,-0.201943039894104,-0.20144937932491302,-0.20113183557987213,0.30109843611717224,-0.3027231991291046,-0.30265361070632935,-0.20056700706481934,-0.20147117972373962,-0.20364587008953094,0.017986223101615906,0.12071368098258972,0.01798621006309986,0.12068972736597061,0.0,1.496790885925293,1.0068062543869019
40,390,399,10,10,2535,2535,0,0.0,2535,0,0.0,0,13.307499599999574,10.692364999988058,1.556395599996904,2.5692212998401374,20.277715099997295,75.47964253449409,quality,pending,-0.0017120874777901917,0.008767528910539113,0.46988359875977037,-0.0020271584740839898,4.1987910570639997e-07,0.0,0.9999892026185989,0.18498481020797045,0.025,0.623050332069397,1.4189034700393677,0.30821898579597473,-0.004955690819770098,0.10312255471944809,1.4238592386245728,0.29007986187934875,0.888059139251709,5e-05,-0.29882222414016724,-0.3016727864742279,-0.2019275426864624,-0.20128418505191803,-0.20097042620182037,0.3007951080799103,-0.302490234375,-0.3025032579898834,-0.20054931938648224,-0.20133282244205475,-0.20371019840240479,0.017986223101615906,0.12070859223604202,0.01798621006309986,0.12064262479543686,0.0,1.496673345565796,1.0071823596954346
41,400,409,10,10,2462,2462,0,0.0,2462,0,0.0,0,12.846394000000146,10.431967200056533,1.3754469999985304,2.632608599924424,20.09088989999873,74.74811849923314,quality,pending,-0.0008270657764604458,0.008389901678012207,0.517257387821491,-0.0018046886230317445,9.336580571692675e-07,0.0,0.9999946531576988,0.24725726019973174,0.0641025641025641,0.6385060548782349,1.408042550086975,0.30724117159843445,-0.0027140462771058083,0.09489879012107849,1.4107567071914673,0.28152236342430115,0.9045968651771545,5e-05,-0.29927799105644226,-0.30173152685165405,-0.20178811252117157,-0.20129577815532684,-0.20095254480838776,0.3011958599090576,-0.302496999502182,-0.3024815618991852,-0.20053769648075104,-0.20133338868618011,-0.20397646725177765,0.017986223101615906,0.1207171380519867,0.01798621006309986,0.12075386941432953,0.0,1.49671471118927,1.0072270631790161
42,410,419,10,10,1387,1387,0,0.0,1387,0,0.0,0,7.392167699996207,5.341013200013549,1.2950178000101005,1.9558063000586117,8.540879699998186,87.0517714019032,quality,pending,0.0024666268251497636,0.0018843843380719509,0.5897810675881126,-0.0024889907270500607,8.710928506678266e-06,0.0,1.0002652745355258,0.10641343679956415,0.0,0.21325775980949402,1.465247392654419,0.33934319019317627,-0.012971842661499977,0.054037488996982574,1.4782191514968872,0.3629356026649475,0.9746421575546265,5e-05,-0.2994247376918793,-0.3016842007637024,-0.20177271962165833,-0.20126214623451233,-0.2009330838918686,0.30125221610069275,-0.3024935722351074,-0.30251094698905945,-0.20052623748779297,-0.20133070647716522,-0.20398835837841034,0.017986223101615906,0.12079566717147827,0.01798621006309986,0.12075123935937881,0.0,1.4967224597930908,1.0072647333145142
43,420,429,10,10,2529,2529,0,0.0,2529,0,0.0,0,13.461722799998824,10.769283499968878,2.7367737000022316,2.4263695999397896,20.267911199996888,74.9785781844037,quality,pending,-0.0002542314003221691,0.0006674071650195401,0.44023402184247973,-0.0043228675320278855,4.89509705445812e-06,0.0,0.9999408714473248,0.07437181724235416,0.0,0.18937860429286957,1.3882761001586914,0.2366470992565155,0.014087604358792305,0.03416304290294647,1.3741886615753174,0.2554803192615509,0.9791593551635742,5e-05,-0.299375057220459,-0.3017919063568115,-0.2017441689968109,-0.2013377845287323,-0.20103247463703156,0.3011717200279236,-0.3025411069393158,-0.30251315236091614,-0.20054316520690918,-0.20136094093322754,-0.20402970910072327,0.017986223101615906,0.12073361128568649,0.01798621006309986,0.12075663357973099,0.0,1.497363567352295,1.0075757503509521
44,430,439,10,10,3095,3095,0,0.0,3095,0,0.0,0,16.881815000000643,13.292064300032507,3.8952091000101063,3.023296799954551,25.293515500001376,73.38413151261143,quality,pending,-0.0005393356550484896,0.00045957850418243634,0.4142621688696803,-0.004452168107583967,4.91666115494252e-07,0.0,1.0000107708025952,0.060893889744671026,0.0,0.21715158224105835,1.490865707397461,0.22684286534786224,0.008048596791923046,0.024991607293486595,1.4828170537948608,0.2256585955619812,0.987862229347229,5e-05,-0.2992974519729614,-0.30168652534484863,-0.20164723694324493,-0.20126308500766754,-0.20097216963768005,0.30109360814094543,-0.302711546421051,-0.30278030037879944,-0.20038188993930817,-0.20148847997188568,-0.2042466104030609,0.017986223101615906,0.12074495851993561,0.01798621006309986,0.12079177796840668,0.0,1.4976595640182495,1.0081442594528198
45,440,449,10,10,2577,2577,0,0.0,2577,0,0.0,0,13.235017700004391,10.88503519997903,1.4793379999973695,2.4260404997694422,20.722406000000774,75.88914938796161,quality,pending,0.0014649601255702536,0.0004967022184978194,0.4627920011194741,-0.002914608314224496,3.35858374139606e-06,0.0,1.0000489114261255,0.0723176881807243,0.0,0.2016802877187729,1.488297939300537,0.2682299315929413,0.008463560603559017,0.02531944215297699,1.4798344373703003,0.27054598927497864,0.9910896420478821,5e-05,-0.29933083057403564,-0.30179235339164734,-0.20179305970668793,-0.2013346254825592,-0.20101027190685272,0.30110064148902893,-0.302854061126709,-0.30274659395217896,-0.20037686824798584,-0.20155563950538635,-0.20428013801574707,0.017986223101615906,0.12079436331987381,0.01798621006309986,0.12083152681589127,0.0,1.4979313611984253,1.0082499980926514
46,450,459,10,10,2966,2966,0,0.0,2966,0,0.0,0,15.543057100003352,12.603907299984712,3.203543699986767,2.906641999979911,24.305983699996432,74.4309007307402,quality,not_promoted,0.0021320413897170667,0.00037226440466103203,0.45048002549942506,-0.0021866273402454373,2.0557214248036812e-06,0.0,0.9999712978271728,0.059579310998162056,0.0,0.16717012226581573,1.5369759798049927,0.22984741628170013,0.007160964887589216,0.021407393738627434,1.5298150777816772,0.23137876391410828,0.9913254380226135,5e-05,-0.299280047416687,-0.30184438824653625,-0.20178170502185822,-0.20136699080467224,-0.20101970434188843,0.30106016993522644,-0.3029240071773529,-0.3029436469078064,-0.20025774836540222,-0.20157727599143982,-0.2044975906610489,0.017986223101615906,0.12074434757232666,0.01798621006309986,0.12079263478517532,0.0,1.4977214336395264,1.0084375143051147
47,460,469,10,10,2643,2643,0,0.0,2643,0,0.0,0,14.187085000005027,10.878744000008737,3.3648788999926182,2.829581299898564,19.390246099996148,78.71382011061348,quality,pending,-0.0058879289620866375,0.0005433254522185529,0.3977198480140595,-0.00959346453947503,1.3617801520754688e-05,0.0,1.000089059273402,0.08003072478320628,0.0,0.20297789573669434,1.423170566558838,0.24766479432582855,0.004931799601763487,0.026363829150795937,1.418238878250122,0.25730568170547485,0.9886685013771057,5e-05,-0.29906582832336426,-0.30190372467041016,-0.20186969637870789,-0.20140938460826874,-0.20116174221038818,0.3008853793144226,-0.3029554486274719,-0.3029475808143616,-0.20016512274742126,-0.2015811651945114,-0.2045430839061737,0.017986223101615906,0.12062852829694748,0.01798621006309986,0.12073316425085068,0.0,1.4978595972061157,1.0087393522262573
48,470,479,10,10,2523,2523,0,0.0,2523,0,0.0,0,13.497362900001463,10.520524700084934,1.9415386999971815,2.7742647997511085,19.618995999997423,76.18591185156183,quality,pending,0.002368168591056019,0.0004374247742816806,0.5048815719783306,-0.0024619346106192095,1.9963109849641114e-06,0.0,1.0000341348350048,0.07298294830834492,0.0,0.17679399251937866,1.5557928085327148,0.24881349503993988,0.009306713938713074,0.023468704894185066,1.5464861392974854,0.24700483679771423,0.9911032915115356,5e-05,-0.2989439368247986,-0.30157744884490967,-0.20164036750793457,-0.20118239521980286,-0.20094984769821167,0.30065852403640747,-0.30288416147232056,-0.30305951833724976,-0.2001798003911972,-0.20156636834144592,-0.2046453058719635,0.017986223101615906,0.12058296799659729,0.01798621006309986,0.12084464728832245,0.0,1.497389793395996,1.009221076965332
49,480,489,10,10,1625,1625,0,0.0,1625,0,0.0,0,8.21167240000068,6.4795313000213355,1.0231177999885404,1.8288145999104017,10.949619300001359,84.8063912100366,quality,pending,-0.0036605094702771078,0.00058427329769564,0.5567091170411843,-0.008935464384893958,6.906656432411532e-07,0.0,0.9999964558161222,0.07149997310569653,0.0,0.15426170825958252,1.418266773223877,0.2350185513496399,0.009550527669489384,0.02850419282913208,1.4087163209915161,0.24813516438007355,0.985289990901947,2.5e-05,-0.2988831400871277,-0.30165547132492065,-0.20168587565422058,-0.2012353539466858,-0.20101802051067352,0.30064499378204346,-0.3029225766658783,-0.3031473457813263,-0.2001841962337494,-0.2016037255525589,-0.2046447992324829,0.017986223101615906,0.12056710571050644,0.01798621006309986,0.12082214653491974,0.0,1.4976165294647217,1.0092405080795288
50,490,499,10,10,2298,2298,0,0.0,2298,0,0.0,0,12.329033900001377,9.659166400044342,1.4370604999858188,2.619820299994899,18.036631300004956,75.67757810882802,quality,not_promoted,-1.2617325410246849e-05,0.0003718815912887092,0.5991096976730559,-0.005817772652436461,2.3467373279196914e-07,0.0,0.9999973202745119,0.06036998603182534,0.0,0.19516000151634216,1.5258464813232422,0.22990170121192932,0.013546084985136986,0.021311001852154732,1.5123002529144287,0.22493764758110046,0.9914073944091797,2.5e-05,-0.29885295033454895,-0.3017584979534149,-0.20177844166755676,-0.20131027698516846,-0.20108506083488464,0.3005736172199249,-0.3031221926212311,-0.3033800721168518,-0.20018340647220612,-0.20168083906173706,-0.20480597019195557,0.017986223101615906,0.1205720454454422,0.01798621006309986,0.12088750302791595,0.0,1.4976873397827148,1.0096584558486938
