update_id,instance_id,preference_key,w_flow,w_cost,w_variance,terminated,truncated,terminal_reason,maximum_worker_fatigue,schedule_violation_count,production_defer_shield_masked_count,production_defer_shield_reason_counts,production_defer_shield_max_risk,production_defer_shield_max_wait_ticks,production_defer_shield_max_work_lower_bound_ticks,production_defer_shield_min_deadline_slack_ticks,pass,action_trace_sha256
5,validation_machine_bottleneck_2000008,0_0_1,0.0,0.0,1.0,True,False,completed,0.2868,0,2,"{""no_state_progress"": 2}",1.0,71,1099,428,True,6b23a10e312c0e7a4e15cd93d6a269e17a96b12cfdac7c7a4e478c051642a0f8
5,validation_fatigue_bottleneck_2000011,0_0_1,0.0,0.0,1.0,True,False,completed,0.40861834980000006,0,0,{},0.4356609574000878,74,960,723,True,5258ecb3417f09b3e59bf657fa850ffa191ff1f25e13728e2c9ce0ac7a26293f
5,validation_machine_bottleneck_2000008,0_0.2_0.8,0.0,0.2,0.8,True,False,completed,0.2868,0,2,"{""no_state_progress"": 2}",1.0,71,1099,428,True,6b23a10e312c0e7a4e15cd93d6a269e17a96b12cfdac7c7a4e478c051642a0f8
5,validation_fatigue_bottleneck_2000011,0_0.2_0.8,0.0,0.2,0.8,True,False,completed,0.40861834980000006,0,0,{},0.4356609574000878,74,960,723,True,5258ecb3417f09b3e59bf657fa850ffa191ff1f25e13728e2c9ce0ac7a26293f
5,validation_machine_bottleneck_2000014,0_0.6_0.4,0.0,0.6,0.4,True,False,completed,0.24380000000000007,0,0,{},0.5642317380352645,75,1045,432,True,b061ee89120287a47f7245a4dd72bc92da1965dd3739b881cc135fa7d33cb188
5,validation_machine_bottleneck_2000014,0.2_0_0.8,0.2,0.0,0.8,True,False,completed,0.24380000000000007,0,0,{},0.5299910474485229,56,1045,476,True,53bed9dbe3d0c26487bb40fab334793ac8599417234c25418eefb363b875a082
5,validation_machine_bottleneck_2000014,0.2_0.2_0.6,0.2,0.2,0.6,True,False,completed,0.24380000000000007,0,0,{},0.5299910474485229,56,1045,476,True,53bed9dbe3d0c26487bb40fab334793ac8599417234c25418eefb363b875a082
5,validation_machine_bottleneck_2000014,0.2_0.4_0.4,0.2,0.4,0.4,True,False,completed,0.24380000000000007,0,0,{},0.5299910474485229,56,1045,476,True,53bed9dbe3d0c26487bb40fab334793ac8599417234c25418eefb363b875a082
5,validation_machine_bottleneck_2000014,0.2_0.6_0.2,0.2,0.6,0.2,True,False,completed,0.24380000000000007,0,0,{},0.5299910474485229,56,1045,476,True,53bed9dbe3d0c26487bb40fab334793ac8599417234c25418eefb363b875a082
5,validation_machine_bottleneck_2000014,0.2_0.8_0,0.2,0.8,0.0,True,False,completed,0.24380000000000007,0,0,{},0.5642317380352645,75,1045,432,True,b061ee89120287a47f7245a4dd72bc92da1965dd3739b881cc135fa7d33cb188
10,validation_machine_bottleneck_2000008,0_0_1,0.0,0.0,1.0,True,False,completed,0.24187956009999997,0,0,{},0.5612052730696798,82,1099,355,True,7c9c7868551f47f6304a4984560fda81ee3408bceb0ed581b819cb6fe1b6fb8b
10,validation_fatigue_bottleneck_2000011,0_0_1,0.0,0.0,1.0,True,False,completed,0.40861834980000006,0,0,{},0.4356609574000878,87,960,694,True,8b914e48fed40b6b72bec08339dcf4f63361fb2830e1536a0ae3e606cbba3d2d
10,validation_machine_bottleneck_2000008,0_0.2_0.8,0.0,0.2,0.8,True,False,completed,0.24187956009999997,0,0,{},0.5602636534839924,83,1099,354,True,c0384cb477c5b9b2c93552c20bb6ccdbdff382ded1fcab392b8c7903442148b9
10,validation_fatigue_bottleneck_2000011,0_0.2_0.8,0.0,0.2,0.8,True,False,completed,0.40861834980000006,0,2,"{""no_state_progress"": 2}",1.0,99,960,587,True,1026ecc1b770f16ec3236a5df20007e899d7bd6279b6f5a548904241b094e483
10,validation_machine_bottleneck_2000014,0_0.6_0.4,0.0,0.6,0.4,True,False,completed,0.24380000000000007,0,2,"{""no_state_progress"": 2}",1.0,54,1045,411,True,65aea4e4bc1fdea84c80201a4d87df207bd7088ef76d0f4f80efa89d97a17eb5
10,validation_machine_bottleneck_2000014,0.2_0_0.8,0.2,0.0,0.8,True,False,completed,0.24380000000000007,0,2,"{""no_state_progress"": 2}",1.0,54,1045,411,True,65aea4e4bc1fdea84c80201a4d87df207bd7088ef76d0f4f80efa89d97a17eb5
10,validation_machine_bottleneck_2000014,0.2_0.2_0.6,0.2,0.2,0.6,True,False,completed,0.24380000000000007,0,2,"{""no_state_progress"": 2}",1.0,82,1045,374,True,49981547972e9fc7cebd30422c849786a1652c6bf1a7e6d1ee83a1a314302027
10,validation_machine_bottleneck_2000014,0.2_0.4_0.4,0.2,0.4,0.4,True,False,completed,0.24380000000000007,0,0,{},0.5642317380352645,75,1045,432,True,b061ee89120287a47f7245a4dd72bc92da1965dd3739b881cc135fa7d33cb188
10,validation_machine_bottleneck_2000014,0.2_0.6_0.2,0.2,0.6,0.2,True,False,completed,0.24380000000000007,0,0,{},0.5642317380352645,75,1045,432,True,b061ee89120287a47f7245a4dd72bc92da1965dd3739b881cc135fa7d33cb188
10,validation_machine_bottleneck_2000014,0.2_0.8_0,0.2,0.8,0.0,True,False,completed,0.24380000000000007,0,0,{},0.5642317380352645,75,1045,432,True,b061ee89120287a47f7245a4dd72bc92da1965dd3739b881cc135fa7d33cb188
15,validation_machine_bottleneck_2000008,0_0_1,0.0,0.0,1.0,True,False,completed,0.24187956009999997,0,4,"{""no_state_progress"": 4}",1.0,71,1099,240,True,b4a804dae9d1ae9131279b2b2dc66c21fe782ed6cb42a10a66a846931451b939
15,validation_fatigue_bottleneck_2000011,0_0_1,0.0,0.0,1.0,True,False,completed,0.49571847700000005,0,0,{},0.4356609574000878,78,960,698,True,fe3ddf2e98b127790530d50ef6e4833a5bed3114c201e61f1fcec8c62a40804d
15,validation_machine_bottleneck_2000008,0_0.2_0.8,0.0,0.2,0.8,True,False,completed,0.24187956009999997,0,4,"{""no_state_progress"": 4}",1.0,71,1099,240,True,b4a804dae9d1ae9131279b2b2dc66c21fe782ed6cb42a10a66a846931451b939
15,validation_fatigue_bottleneck_2000011,0_0.2_0.8,0.0,0.2,0.8,True,False,completed,0.49571847700000005,0,0,{},0.4356609574000878,78,960,698,True,28a524dd3a9a5ef9f6e59ff05d5a4432712236d2f130c6680655c66c622f6a2f
15,validation_machine_bottleneck_2000014,0_0.6_0.4,0.0,0.6,0.4,True,False,completed,0.1849203661,0,0,{},0.5655362053162236,67,1045,448,True,2a80cc5f15c8b91787e1004269c16c3a715dd32e425e73881681ed670a59bf2b
15,validation_machine_bottleneck_2000014,0.2_0_0.8,0.2,0.0,0.8,True,False,completed,0.1849203661,0,0,{},0.5655362053162236,67,1045,448,True,9cf9da76b4bccde05aff432631efb532859da5664f0806b9a725925f828df8c5
15,validation_machine_bottleneck_2000014,0.2_0.2_0.6,0.2,0.2,0.6,True,False,completed,0.1849203661,0,0,{},0.5655362053162236,67,1045,448,True,9cf9da76b4bccde05aff432631efb532859da5664f0806b9a725925f828df8c5
15,validation_machine_bottleneck_2000014,0.2_0.4_0.4,0.2,0.4,0.4,True,False,completed,0.1849203661,0,0,{},0.5655362053162236,70,1045,445,True,951e265e2c5af016ff1b4d4670aa181216cfa4d0d9a355f15c5558d0bf5e84c4
15,validation_machine_bottleneck_2000014,0.2_0.6_0.2,0.2,0.6,0.2,True,False,completed,0.1849203661,0,2,"{""no_state_progress"": 2}",1.0,57,1045,398,True,e8855f4f27a86f70e46ce7a13347d85a28f87cedc9bd4c6838cf3ed72094c270
15,validation_machine_bottleneck_2000014,0.2_0.8_0,0.2,0.8,0.0,True,False,completed,0.24380000000000007,0,2,"{""no_state_progress"": 2}",1.0,54,1045,411,True,f62886ca0a22812e4b8b8897f144ba457d7a6ffed36112bad809e03b5b53e7d6
20,validation_machine_bottleneck_2000008,0_0_1,0.0,0.0,1.0,True,False,completed,0.24187956009999997,0,0,{},0.5592760180995475,71,1099,433,True,9ba21837430ad0160a2c5b57b7cf7d4e1d5d7eed9af5cf2be47173e939b228cb
20,validation_fatigue_bottleneck_2000011,0_0_1,0.0,0.0,1.0,True,False,completed,0.492118477,0,0,{},0.4356609574000878,85,960,811,True,77b9248ba38d1b7f194f39a80c0ab73144d89e708d26bed56ef1e20d29f1bd1c
20,validation_machine_bottleneck_2000008,0_0.2_0.8,0.0,0.2,0.8,True,False,completed,0.24187956009999997,0,0,{},0.5457038391224863,71,1099,446,True,44c1b7db4fc20b66f0a976bdf5b23e217e3cc042a5c34898eebb80993ddff27c
20,validation_fatigue_bottleneck_2000011,0_0.2_0.8,0.0,0.2,0.8,True,False,completed,0.49571847700000005,0,0,{},0.4356609574000878,76,960,675,True,901cc7d65bbbf417b29391f375f9558c6f7f57cb67b596e1d83efca1f97d0320
20,validation_machine_bottleneck_2000014,0_0.6_0.4,0.0,0.6,0.4,True,False,completed,0.1534174634,0,2,"{""no_state_progress"": 2}",1.0,114,1045,298,True,117b7456f7cca62c47e8dd4fddbbb9bd4c80c7b6be92fd09e04fbc66ddcbb3b9
20,validation_machine_bottleneck_2000014,0.2_0_0.8,0.2,0.0,0.8,True,False,completed,0.1849203661,0,0,{},0.5655362053162236,58,1045,457,True,d5ec8fa4efd4f2924d9eb1502f2e1d933ece1e29ec7fd3f431b0f88a5df106b7
20,validation_machine_bottleneck_2000014,0.2_0.2_0.6,0.2,0.2,0.6,True,False,completed,0.1849203661,0,0,{},0.5655362053162236,58,1045,457,True,d5ec8fa4efd4f2924d9eb1502f2e1d933ece1e29ec7fd3f431b0f88a5df106b7
20,validation_machine_bottleneck_2000014,0.2_0.4_0.4,0.2,0.4,0.4,True,False,completed,0.1849203661,0,0,{},0.5655362053162236,67,1045,448,True,9cf9da76b4bccde05aff432631efb532859da5664f0806b9a725925f828df8c5
20,validation_machine_bottleneck_2000014,0.2_0.6_0.2,0.2,0.6,0.2,True,False,completed,0.1849203661,0,0,{},0.5655362053162236,70,1045,445,True,ba619adbbf5713d39163cca139d75db4c1ffe40550c06fe95ff75a6c6f799b32
20,validation_machine_bottleneck_2000014,0.2_0.8_0,0.2,0.8,0.0,True,False,completed,0.1849203661,0,0,{},0.5655362053162236,70,1045,445,True,951e265e2c5af016ff1b4d4670aa181216cfa4d0d9a355f15c5558d0bf5e84c4
25,validation_machine_bottleneck_2000008,0_0_1,0.0,0.0,1.0,True,False,completed,0.23467956009999996,0,2,"{""no_state_progress"": 2}",1.0,68,1099,415,True,0234b4aee3b8bb1c076212afdec802397625103685b5fa6a9c61af8f8091c464
25,validation_fatigue_bottleneck_2000011,0_0_1,0.0,0.0,1.0,True,False,completed,0.5394877637000001,0,0,{},0.4340080971659919,71,962,645,True,3873b78cea0934820a4d57dbd5a52aaf480e59c96a69115d7ba9ff70a4776dd8
25,validation_machine_bottleneck_2000008,0_0.2_0.8,0.0,0.2,0.8,True,False,completed,0.23467956009999996,0,2,"{""no_state_progress"": 2}",1.0,68,1099,415,True,0234b4aee3b8bb1c076212afdec802397625103685b5fa6a9c61af8f8091c464
25,validation_fatigue_bottleneck_2000011,0_0.2_0.8,0.0,0.2,0.8,True,False,completed,0.492118477,0,0,{},0.4356609574000878,70,960,849,True,ce877bbd5f6efc3444dfd81f18522de0a8cf4bb7a35a3809428ebe9057ac5d91
25,validation_machine_bottleneck_2000014,0_0.6_0.4,0.0,0.6,0.4,True,False,completed,0.1534174634,0,2,"{""no_state_progress"": 2}",1.0,46,1045,428,True,417fd53ea9f02fb5d5f4dad3144d5952d4f869c25acb33ef1be53cc209c29b4d
25,validation_machine_bottleneck_2000014,0.2_0_0.8,0.2,0.0,0.8,True,False,completed,0.1534174634,0,2,"{""no_state_progress"": 2}",1.0,114,1045,298,True,2d82d728bcac9d008333e007401800717113cd3996373539e1a78672c19537dd
25,validation_machine_bottleneck_2000014,0.2_0.2_0.6,0.2,0.2,0.6,True,False,completed,0.1534174634,0,2,"{""no_state_progress"": 2}",1.0,114,1045,298,True,2d82d728bcac9d008333e007401800717113cd3996373539e1a78672c19537dd
25,validation_machine_bottleneck_2000014,0.2_0.4_0.4,0.2,0.4,0.4,True,False,completed,0.1534174634,0,2,"{""no_state_progress"": 2}",1.0,114,1045,298,True,2d82d728bcac9d008333e007401800717113cd3996373539e1a78672c19537dd
25,validation_machine_bottleneck_2000014,0.2_0.6_0.2,0.2,0.6,0.2,True,False,completed,0.1534174634,0,2,"{""no_state_progress"": 2}",1.0,127,1045,285,True,90381e85cce121d3abfa80a11f5583169322214b0ad3d610cb28855921896ac9
25,validation_machine_bottleneck_2000014,0.2_0.8_0,0.2,0.8,0.0,True,False,completed,0.1849203661,0,0,{},0.5655362053162236,67,1045,448,True,2a80cc5f15c8b91787e1004269c16c3a715dd32e425e73881681ed670a59bf2b
30,validation_machine_bottleneck_2000008,0_0_1,0.0,0.0,1.0,True,False,completed,0.23467956009999996,0,2,"{""no_state_progress"": 2}",1.0,68,1099,383,True,843166ba80e73afe4e8c78fea5a669ea5292974e294b17a33f02cb677354c51e
30,validation_fatigue_bottleneck_2000011,0_0_1,0.0,0.0,1.0,True,False,completed,0.5394877637000001,0,0,{},0.4340080971659919,71,962,645,True,625230ab2d9c8ff7e47ac1fdd225ff507cb53fa5c440b0b34b27dad2cc3ece97
30,validation_machine_bottleneck_2000008,0_0.2_0.8,0.0,0.2,0.8,True,False,completed,0.23467956009999996,0,2,"{""no_state_progress"": 2}",1.0,68,1099,415,True,0234b4aee3b8bb1c076212afdec802397625103685b5fa6a9c61af8f8091c464
30,validation_fatigue_bottleneck_2000011,0_0.2_0.8,0.0,0.2,0.8,True,False,completed,0.5394877637000001,0,0,{},0.4340080971659919,71,962,645,True,5ecb19d15e50d682b3a200a1638a3302626b0c07632f264521497dd16f5a88ba
30,validation_machine_bottleneck_2000014,0_0.6_0.4,0.0,0.6,0.4,True,False,completed,0.1534174634,0,2,"{""no_state_progress"": 2}",1.0,46,1045,428,True,417fd53ea9f02fb5d5f4dad3144d5952d4f869c25acb33ef1be53cc209c29b4d
30,validation_machine_bottleneck_2000014,0.2_0_0.8,0.2,0.0,0.8,True,False,completed,0.1534174634,0,2,"{""no_state_progress"": 2}",1.0,114,1045,298,True,2d82d728bcac9d008333e007401800717113cd3996373539e1a78672c19537dd
30,validation_machine_bottleneck_2000014,0.2_0.2_0.6,0.2,0.2,0.6,True,False,completed,0.1534174634,0,2,"{""no_state_progress"": 2}",1.0,114,1045,298,True,2d82d728bcac9d008333e007401800717113cd3996373539e1a78672c19537dd
30,validation_machine_bottleneck_2000014,0.2_0.4_0.4,0.2,0.4,0.4,True,False,completed,0.1534174634,0,2,"{""no_state_progress"": 2}",1.0,114,1045,298,True,2d82d728bcac9d008333e007401800717113cd3996373539e1a78672c19537dd
30,validation_machine_bottleneck_2000014,0.2_0.6_0.2,0.2,0.6,0.2,True,False,completed,0.1534174634,0,2,"{""no_state_progress"": 2}",1.0,127,1045,285,True,90381e85cce121d3abfa80a11f5583169322214b0ad3d610cb28855921896ac9
30,validation_machine_bottleneck_2000014,0.2_0.8_0,0.2,0.8,0.0,True,False,completed,0.1534174634,0,2,"{""no_state_progress"": 2}",1.0,127,1045,285,True,90381e85cce121d3abfa80a11f5583169322214b0ad3d610cb28855921896ac9
35,validation_machine_bottleneck_2000008,0_0_1,0.0,0.0,1.0,True,False,completed,0.23467956009999996,0,0,{},0.5581395348837209,80,1099,415,True,ff50ba07676a411bdaa68bcdeb36777f28eb4e2d3603efb61b1b342dac480c7c
35,validation_fatigue_bottleneck_2000011,0_0_1,0.0,0.0,1.0,True,False,completed,0.43221847700000005,0,0,{},0.4353620613060862,127,962,611,True,2b00972de7c0e5e8bb9b166fcef08b5df1ea5eec7895cc2ce40beba0b05fd756
35,validation_machine_bottleneck_2000008,0_0.2_0.8,0.0,0.2,0.8,True,False,completed,0.23467956009999996,0,4,"{""no_state_progress"": 4}",1.0,81,1099,287,True,6435d7a17dd25e15548f1fcdfc1a5fec5530866404f700571f1524d0b520be6a
35,validation_fatigue_bottleneck_2000011,0_0.2_0.8,0.0,0.2,0.8,True,False,completed,0.43221847700000005,0,0,{},0.4353620613060862,102,962,575,True,84fd1d9fc7ec287abe248d69131b08953260516dcf44af9d5287b69c9d8db5c7
35,validation_machine_bottleneck_2000014,0_0.6_0.4,0.0,0.6,0.4,True,False,completed,0.1534174634,0,0,{},0.5706472196900638,83,1045,438,True,cf34c1bc35bb95eb30f5044bdff4f6dd7d19d1aecd0dee11b565e89beca53213
35,validation_machine_bottleneck_2000014,0.2_0_0.8,0.2,0.0,0.8,True,False,completed,0.1534174634,0,4,"{""no_state_progress"": 4}",1.0,46,1045,401,True,fa93b27d5aeb863b7ddc2fb35200ee9c05efcd85baaa102a23a8886ebea63b5c
35,validation_machine_bottleneck_2000014,0.2_0.2_0.6,0.2,0.2,0.6,True,False,completed,0.1534174634,0,2,"{""no_state_progress"": 2}",1.0,58,1045,447,True,50e6c0b0f31b7d3a759e41c5fdcff8decd9ea34e1707324cffceb75e62f3bf97
35,validation_machine_bottleneck_2000014,0.2_0.4_0.4,0.2,0.4,0.4,True,False,completed,0.1534174634,0,2,"{""no_state_progress"": 2}",1.0,114,1045,298,True,2d82d728bcac9d008333e007401800717113cd3996373539e1a78672c19537dd
35,validation_machine_bottleneck_2000014,0.2_0.6_0.2,0.2,0.6,0.2,True,False,completed,0.1534174634,0,2,"{""no_state_progress"": 2}",1.0,114,1045,298,True,117b7456f7cca62c47e8dd4fddbbb9bd4c80c7b6be92fd09e04fbc66ddcbb3b9
35,validation_machine_bottleneck_2000014,0.2_0.8_0,0.2,0.8,0.0,True,False,completed,0.1534174634,0,2,"{""no_state_progress"": 2}",1.0,127,1045,285,True,90381e85cce121d3abfa80a11f5583169322214b0ad3d610cb28855921896ac9
40,validation_machine_bottleneck_2000008,0_0_1,0.0,0.0,1.0,True,False,completed,0.23467956009999996,0,6,"{""no_state_progress"": 6}",1.0,68,1099,209,True,3b39ce8c91cb5b3c511fdef739d78154104cf99524e4a42085d25d712c148ced
40,validation_fatigue_bottleneck_2000011,0_0_1,0.0,0.0,1.0,True,False,completed,0.42921847700000004,0,2,"{""no_state_progress"": 2}",1.0,65,962,540,True,f0ee78dbf4432962865115dc843dca3a8df7175fd7eecfd41938703cd242752a
40,validation_machine_bottleneck_2000008,0_0.2_0.8,0.0,0.2,0.8,True,False,completed,0.23467956009999996,0,0,{},0.5794481446241675,79,1099,442,True,9f7dcfbd116df0bd108144dbefdd9679493224d29c32027e8d99b67bcb06e5c3
40,validation_fatigue_bottleneck_2000011,0_0.2_0.8,0.0,0.2,0.8,True,False,completed,0.43221847700000005,0,0,{},0.4353620613060862,82,962,658,True,59c8e4326ee1a2715ff9ed0b64d5c6a39c85fd6ed6e286c1ebe7923cbc4e7d9b
40,validation_machine_bottleneck_2000014,0_0.6_0.4,0.0,0.6,0.4,True,False,completed,0.1504174634,0,0,{},0.5360730593607306,77,1045,404,True,c70e1129148124b4a2221ae23f95220b0215696f68b6ea065ac2cf984d206a70
40,validation_machine_bottleneck_2000014,0.2_0_0.8,0.2,0.0,0.8,True,False,completed,0.1534174634,0,0,{},0.5706472196900638,94,1045,409,True,c7768a55e1999891859313ae792f7083e27e44f5c0a02b8ec598b10e0eea75c5
40,validation_machine_bottleneck_2000014,0.2_0.2_0.6,0.2,0.2,0.6,True,False,completed,0.1534174634,0,4,"{""no_state_progress"": 4}",1.0,46,1045,401,True,6e8df693e3cad06d9b5dcceb759422babe2ddff1f01d21b6b1e7076c19b0cc3f
40,validation_machine_bottleneck_2000014,0.2_0.4_0.4,0.2,0.4,0.4,True,False,completed,0.1534174634,0,2,"{""no_state_progress"": 2}",1.0,58,1045,447,True,50e6c0b0f31b7d3a759e41c5fdcff8decd9ea34e1707324cffceb75e62f3bf97
40,validation_machine_bottleneck_2000014,0.2_0.6_0.2,0.2,0.6,0.2,True,False,completed,0.1534174634,0,2,"{""no_state_progress"": 2}",1.0,114,1045,298,True,117b7456f7cca62c47e8dd4fddbbb9bd4c80c7b6be92fd09e04fbc66ddcbb3b9
40,validation_machine_bottleneck_2000014,0.2_0.8_0,0.2,0.8,0.0,True,False,completed,0.1534174634,0,2,"{""no_state_progress"": 2}",1.0,127,1045,285,True,90381e85cce121d3abfa80a11f5583169322214b0ad3d610cb28855921896ac9
45,validation_machine_bottleneck_2000008,0_0_1,0.0,0.0,1.0,True,False,completed,0.23467956009999996,0,0,{},0.5477064220183486,97,1099,330,True,71c7ba202e2c0f16722637aba1886b53e398297f5ec2156430b94d4e29ce1a58
45,validation_fatigue_bottleneck_2000011,0_0_1,0.0,0.0,1.0,True,False,completed,0.39301834980000006,0,0,{},0.48234280792420325,120,962,494,True,bd59810d39a4ea2b217def6b9fad9a9a8ca338e609a912410f1e4d4251007b9e
45,validation_machine_bottleneck_2000008,0_0.2_0.8,0.0,0.2,0.8,True,False,completed,0.23467956009999996,0,6,"{""no_state_progress"": 6}",1.0,68,1099,209,True,9b48a21db7f0073d09df27dfe3c6f448b89ffefaed10a8ae0c41b8d0b9ef7d03
45,validation_fatigue_bottleneck_2000011,0_0.2_0.8,0.0,0.2,0.8,True,False,completed,0.42921847700000004,0,0,{},0.47163420829805247,67,962,597,True,c2ae914d355327d151de8a09bbf57d7582a837721e829dbdb6ec59fe02989e0e
45,validation_machine_bottleneck_2000014,0_0.6_0.4,0.0,0.6,0.4,True,False,completed,0.1484250057,0,0,{},0.5301530153015301,87,1045,452,True,08eb1b8c58970b0aed11370b77e612edc1078de0e1d66350350349958c4bd613
45,validation_machine_bottleneck_2000014,0.2_0_0.8,0.2,0.0,0.8,True,False,completed,0.1534174634,0,0,{},0.5706472196900638,94,1045,409,True,c7768a55e1999891859313ae792f7083e27e44f5c0a02b8ec598b10e0eea75c5
45,validation_machine_bottleneck_2000014,0.2_0.2_0.6,0.2,0.2,0.6,True,False,completed,0.1534174634,0,4,"{""no_state_progress"": 4}",1.0,46,1045,401,True,b70601f34884f1c1615efd844492b0ac24a03899db19d66dc61d291ac1b209da
45,validation_machine_bottleneck_2000014,0.2_0.4_0.4,0.2,0.4,0.4,True,False,completed,0.1534174634,0,2,"{""no_state_progress"": 2}",1.0,58,1045,447,True,27777adbe561ad1811a3ca93c2f571c4dda5d846f4cc6a34adca34bdff882f2b
45,validation_machine_bottleneck_2000014,0.2_0.6_0.2,0.2,0.6,0.2,True,False,completed,0.1534174634,0,2,"{""no_state_progress"": 2}",1.0,114,1045,298,True,2d82d728bcac9d008333e007401800717113cd3996373539e1a78672c19537dd
45,validation_machine_bottleneck_2000014,0.2_0.8_0,0.2,0.8,0.0,True,False,completed,0.1534174634,0,2,"{""no_state_progress"": 2}",1.0,127,1045,285,True,90381e85cce121d3abfa80a11f5583169322214b0ad3d610cb28855921896ac9
50,validation_machine_bottleneck_2000008,0_0_1,0.0,0.0,1.0,True,False,completed,0.23467956009999996,0,0,{},0.5276292335115864,86,1099,370,True,a34c855081a0058b8e58564368b10cf30cd25f7b67fd11c3ec3d091ee3bb999a
50,validation_fatigue_bottleneck_2000011,0_0_1,0.0,0.0,1.0,True,False,completed,0.39301834980000006,0,0,{},0.48234280792420325,120,962,494,True,bd59810d39a4ea2b217def6b9fad9a9a8ca338e609a912410f1e4d4251007b9e
50,validation_machine_bottleneck_2000008,0_0.2_0.8,0.0,0.2,0.8,True,False,completed,0.23467956009999996,0,6,"{""no_state_progress"": 6}",1.0,68,1099,209,True,9b48a21db7f0073d09df27dfe3c6f448b89ffefaed10a8ae0c41b8d0b9ef7d03
50,validation_fatigue_bottleneck_2000011,0_0.2_0.8,0.0,0.2,0.8,True,False,completed,0.42921847700000004,0,0,{},0.47163420829805247,67,962,597,True,c2ae914d355327d151de8a09bbf57d7582a837721e829dbdb6ec59fe02989e0e
50,validation_machine_bottleneck_2000014,0_0.6_0.4,0.0,0.6,0.4,True,False,completed,0.1484250057,0,0,{},0.5218554861730598,44,1045,514,True,8e38127db794b4b8ece3f13fd7c9d9828d9efdcf8dc5a8e7e5eca2bdc79c1370
50,validation_machine_bottleneck_2000014,0.2_0_0.8,0.2,0.0,0.8,True,False,completed,0.1534174634,0,0,{},0.5706472196900638,94,1045,409,True,c7768a55e1999891859313ae792f7083e27e44f5c0a02b8ec598b10e0eea75c5
50,validation_machine_bottleneck_2000014,0.2_0.2_0.6,0.2,0.2,0.6,True,False,completed,0.1534174634,0,4,"{""no_state_progress"": 4}",1.0,46,1045,401,True,b70601f34884f1c1615efd844492b0ac24a03899db19d66dc61d291ac1b209da
50,validation_machine_bottleneck_2000014,0.2_0.4_0.4,0.2,0.4,0.4,True,False,completed,0.1534174634,0,2,"{""no_state_progress"": 2}",1.0,58,1045,447,True,27777adbe561ad1811a3ca93c2f571c4dda5d846f4cc6a34adca34bdff882f2b
50,validation_machine_bottleneck_2000014,0.2_0.6_0.2,0.2,0.6,0.2,True,False,completed,0.1534174634,0,2,"{""no_state_progress"": 2}",1.0,114,1045,298,True,117b7456f7cca62c47e8dd4fddbbb9bd4c80c7b6be92fd09e04fbc66ddcbb3b9
50,validation_machine_bottleneck_2000014,0.2_0.8_0,0.2,0.8,0.0,True,False,completed,0.1534174634,0,2,"{""no_state_progress"": 2}",1.0,127,1045,285,True,90381e85cce121d3abfa80a11f5583169322214b0ad3d610cb28855921896ac9
55,validation_machine_bottleneck_2000008,0_0_1,0.0,0.0,1.0,True,False,completed,0.23467956009999996,0,0,{},0.5477064220183486,112,1099,344,True,6d313bc1f90b6549052ffec7d333617152c68ea2163f065a49a99e6696f40e7f
55,validation_fatigue_bottleneck_2000011,0_0_1,0.0,0.0,1.0,True,False,completed,0.39301834980000006,0,2,"{""no_state_progress"": 2}",1.0,91,962,543,True,bfa3cd70dc17d3fd064dc7fad81641c3d146eb8e99649b893a44cf902b140aba
55,validation_machine_bottleneck_2000008,0_0.2_0.8,0.0,0.2,0.8,True,False,completed,0.23467956009999996,0,0,{},0.5705950991831972,77,1099,368,True,16d6859e96273779c8fc26f069bf11420c83d7b2e8cbb772651e88576f4653fb
55,validation_fatigue_bottleneck_2000011,0_0.2_0.8,0.0,0.2,0.8,True,False,completed,0.42921847700000004,0,0,{},0.4375832963127499,86,962,593,True,e20d673c6460ae0c7f52400776cc597dce65bec9a230619991705ebdf9873d24
55,validation_machine_bottleneck_2000014,0_0.6_0.4,0.0,0.6,0.4,True,False,completed,0.1484250057,0,0,{},0.5301530153015301,87,1045,452,True,1eb14e19bbac929f51991a5515ba0945ed20554521c4eae5321f7816cedcdb1d
55,validation_machine_bottleneck_2000014,0.2_0_0.8,0.2,0.0,0.8,True,False,completed,0.1534174634,0,0,{},0.5706472196900638,83,1045,438,True,4c692d7bb3939a90ab0e50a76f4645f4830d48861f00c00524ae35fa3650d7d9
55,validation_machine_bottleneck_2000014,0.2_0.2_0.6,0.2,0.2,0.6,True,False,completed,0.1534174634,0,0,{},0.5706472196900638,94,1045,409,True,c7768a55e1999891859313ae792f7083e27e44f5c0a02b8ec598b10e0eea75c5
55,validation_machine_bottleneck_2000014,0.2_0.4_0.4,0.2,0.4,0.4,True,False,completed,0.1534174634,0,0,{},0.5273200346921075,74,1045,472,True,62b5436e82c6985f6fc55b8dd8d745bf03d2bceaf9ba10c4fdf514e0c6923e64
55,validation_machine_bottleneck_2000014,0.2_0.6_0.2,0.2,0.6,0.2,True,False,completed,0.1534174634,0,2,"{""no_state_progress"": 2}",1.0,58,1045,447,True,50e6c0b0f31b7d3a759e41c5fdcff8decd9ea34e1707324cffceb75e62f3bf97
55,validation_machine_bottleneck_2000014,0.2_0.8_0,0.2,0.8,0.0,True,False,completed,0.1534174634,0,2,"{""no_state_progress"": 2}",1.0,127,1045,285,True,90381e85cce121d3abfa80a11f5583169322214b0ad3d610cb28855921896ac9
60,validation_machine_bottleneck_2000008,0_0_1,0.0,0.0,1.0,True,False,completed,0.23467956009999996,0,0,{},0.5477064220183486,83,1099,366,True,f6698054a3212a1fa2cd451e9fcc9d5f6ee0268d0ec7c0fe1baacd224b7fd974
60,validation_fatigue_bottleneck_2000011,0_0_1,0.0,0.0,1.0,True,False,completed,0.39301834980000006,0,0,{},0.48234280792420325,120,962,494,True,bd59810d39a4ea2b217def6b9fad9a9a8ca338e609a912410f1e4d4251007b9e
60,validation_machine_bottleneck_2000008,0_0.2_0.8,0.0,0.2,0.8,True,False,completed,0.23467956009999996,0,0,{},0.5705950991831972,77,1099,368,True,16d6859e96273779c8fc26f069bf11420c83d7b2e8cbb772651e88576f4653fb
60,validation_fatigue_bottleneck_2000011,0_0.2_0.8,0.0,0.2,0.8,True,False,completed,0.42921847700000004,0,0,{},0.4488255033557047,119,962,560,True,f502f321a00ce2f77e038397541ea0ddc9038743194aba67d75a813ef75b051c
60,validation_machine_bottleneck_2000014,0_0.6_0.4,0.0,0.6,0.4,True,False,completed,0.1484250057,0,0,{},0.5301530153015301,87,1045,452,True,1eb14e19bbac929f51991a5515ba0945ed20554521c4eae5321f7816cedcdb1d
60,validation_machine_bottleneck_2000014,0.2_0_0.8,0.2,0.0,0.8,True,False,completed,0.1534174634,0,0,{},0.5706472196900638,83,1045,438,True,4c692d7bb3939a90ab0e50a76f4645f4830d48861f00c00524ae35fa3650d7d9
60,validation_machine_bottleneck_2000014,0.2_0.2_0.6,0.2,0.2,0.6,True,False,completed,0.1534174634,0,0,{},0.5706472196900638,94,1045,409,True,c7768a55e1999891859313ae792f7083e27e44f5c0a02b8ec598b10e0eea75c5
60,validation_machine_bottleneck_2000014,0.2_0.4_0.4,0.2,0.4,0.4,True,False,completed,0.1534174634,0,0,{},0.5273200346921075,74,1045,472,True,62b5436e82c6985f6fc55b8dd8d745bf03d2bceaf9ba10c4fdf514e0c6923e64
60,validation_machine_bottleneck_2000014,0.2_0.6_0.2,0.2,0.6,0.2,True,False,completed,0.1534174634,0,2,"{""no_state_progress"": 2}",1.0,58,1045,447,True,50e6c0b0f31b7d3a759e41c5fdcff8decd9ea34e1707324cffceb75e62f3bf97
60,validation_machine_bottleneck_2000014,0.2_0.8_0,0.2,0.8,0.0,True,False,completed,0.1534174634,0,2,"{""no_state_progress"": 2}",1.0,127,1045,285,True,90381e85cce121d3abfa80a11f5583169322214b0ad3d610cb28855921896ac9
65,validation_machine_bottleneck_2000008,0_0_1,0.0,0.0,1.0,True,False,completed,0.23467956009999996,0,0,{},0.5477064220183486,68,1099,391,True,a08ad3ab36fbd3b92e7033fddd9fa4a708fb9f7e889be5cd1e5543ab26d214ca
65,validation_fatigue_bottleneck_2000011,0_0_1,0.0,0.0,1.0,True,False,completed,0.39301834980000006,0,2,"{""no_state_progress"": 2}",1.0,100,962,543,True,ce46217466dce2d2e3128e55cafa39b92285c3011d26e35dd1cc2fe81eb113f4
65,validation_machine_bottleneck_2000008,0_0.2_0.8,0.0,0.2,0.8,True,False,completed,0.23467956009999996,0,0,{},0.5614657210401891,107,1099,310,True,31059099e6a4af63af215ad9a46db21d6af209b232bdb07723f70beb637ba521
65,validation_fatigue_bottleneck_2000011,0_0.2_0.8,0.0,0.2,0.8,True,False,completed,0.39301834980000006,0,0,{},0.48234280792420325,120,962,494,True,bd59810d39a4ea2b217def6b9fad9a9a8ca338e609a912410f1e4d4251007b9e
65,validation_machine_bottleneck_2000014,0_0.6_0.4,0.0,0.6,0.4,True,False,completed,0.1484250057,0,0,{},0.5328947368421053,96,1045,414,True,239b70cb016e130aac881a8aca4e41f57f2a2f8e6c808638993aee2decbf7858
65,validation_machine_bottleneck_2000014,0.2_0_0.8,0.2,0.0,0.8,True,False,completed,0.1534174634,0,0,{},0.5706472196900638,83,1045,438,True,4c692d7bb3939a90ab0e50a76f4645f4830d48861f00c00524ae35fa3650d7d9
65,validation_machine_bottleneck_2000014,0.2_0.2_0.6,0.2,0.2,0.6,True,False,completed,0.1534174634,0,0,{},0.5706472196900638,94,1045,409,True,c7768a55e1999891859313ae792f7083e27e44f5c0a02b8ec598b10e0eea75c5
65,validation_machine_bottleneck_2000014,0.2_0.4_0.4,0.2,0.4,0.4,True,False,completed,0.1534174634,0,2,"{""no_state_progress"": 2}",1.0,46,1045,428,True,a06240de03dd2224921d713c1332f671b4520069eaed841eeaa05e13a7b61075
65,validation_machine_bottleneck_2000014,0.2_0.6_0.2,0.2,0.6,0.2,True,False,completed,0.1534174634,0,2,"{""no_state_progress"": 2}",1.0,58,1045,447,True,27777adbe561ad1811a3ca93c2f571c4dda5d846f4cc6a34adca34bdff882f2b
65,validation_machine_bottleneck_2000014,0.2_0.8_0,0.2,0.8,0.0,True,False,completed,0.15900000000000006,0,2,"{""no_state_progress"": 2}",1.0,114,1045,298,True,8f872813e2cd33362776d7a54157f8dd2bcc7531ae9b963a9983feb452228f65
70,validation_machine_bottleneck_2000008,0_0_1,0.0,0.0,1.0,True,False,completed,0.23467956009999996,0,0,{},0.5276292335115864,83,1099,347,True,dd6096eb1f04c03f3202aaba3baa6a4e1f89896b791f11e5385b0c8fbe29cced
70,validation_fatigue_bottleneck_2000011,0_0_1,0.0,0.0,1.0,True,False,completed,0.39301834980000006,0,0,{},0.48234280792420325,120,962,494,True,bd59810d39a4ea2b217def6b9fad9a9a8ca338e609a912410f1e4d4251007b9e
70,validation_machine_bottleneck_2000008,0_0.2_0.8,0.0,0.2,0.8,True,False,completed,0.23467956009999996,0,4,"{""no_state_progress"": 4}",1.0,68,1099,321,True,7311636beb0fc61d7092753e29925f8fb9ad94b7b84addd5b7dc56b073f06097
70,validation_fatigue_bottleneck_2000011,0_0.2_0.8,0.0,0.2,0.8,True,False,completed,0.42921847700000004,0,0,{},0.47163420829805247,67,962,597,True,c2ae914d355327d151de8a09bbf57d7582a837721e829dbdb6ec59fe02989e0e
70,validation_machine_bottleneck_2000014,0_0.6_0.4,0.0,0.6,0.4,True,False,completed,0.1484250057,0,0,{},0.5328947368421053,96,1045,414,True,239b70cb016e130aac881a8aca4e41f57f2a2f8e6c808638993aee2decbf7858
70,validation_machine_bottleneck_2000014,0.2_0_0.8,0.2,0.0,0.8,True,False,completed,0.1534174634,0,0,{},0.5706472196900638,94,1045,409,True,c7768a55e1999891859313ae792f7083e27e44f5c0a02b8ec598b10e0eea75c5
70,validation_machine_bottleneck_2000014,0.2_0.2_0.6,0.2,0.2,0.6,True,False,completed,0.1534174634,0,4,"{""no_state_progress"": 4}",1.0,46,1045,401,True,b70601f34884f1c1615efd844492b0ac24a03899db19d66dc61d291ac1b209da
70,validation_machine_bottleneck_2000014,0.2_0.4_0.4,0.2,0.4,0.4,True,False,completed,0.1534174634,0,0,{},0.5273200346921075,74,1045,472,True,62b5436e82c6985f6fc55b8dd8d745bf03d2bceaf9ba10c4fdf514e0c6923e64
70,validation_machine_bottleneck_2000014,0.2_0.6_0.2,0.2,0.6,0.2,True,False,completed,0.1534174634,0,2,"{""no_state_progress"": 2}",1.0,58,1045,447,True,50e6c0b0f31b7d3a759e41c5fdcff8decd9ea34e1707324cffceb75e62f3bf97
70,validation_machine_bottleneck_2000014,0.2_0.8_0,0.2,0.8,0.0,True,False,completed,0.15900000000000006,0,2,"{""no_state_progress"": 2}",1.0,114,1045,298,True,8f872813e2cd33362776d7a54157f8dd2bcc7531ae9b963a9983feb452228f65
75,validation_machine_bottleneck_2000008,0_0_1,0.0,0.0,1.0,True,False,completed,0.22147956009999997,0,0,{},0.5136821891502641,68,1099,566,True,2ca17b6dfa08936f9d8e3053f83109ac427d535434e4b46659c6fedf9df1915a
75,validation_fatigue_bottleneck_2000011,0_0_1,0.0,0.0,1.0,True,False,completed,0.39301834980000006,0,2,"{""no_state_progress"": 2}",1.0,100,962,543,True,ce46217466dce2d2e3128e55cafa39b92285c3011d26e35dd1cc2fe81eb113f4
75,validation_machine_bottleneck_2000008,0_0.2_0.8,0.0,0.2,0.8,True,False,completed,0.23467956009999996,0,0,{},0.5477064220183486,112,1099,344,True,6d313bc1f90b6549052ffec7d333617152c68ea2163f065a49a99e6696f40e7f
75,validation_fatigue_bottleneck_2000011,0_0.2_0.8,0.0,0.2,0.8,True,False,completed,0.39301834980000006,0,0,{},0.48234280792420325,120,962,494,True,bd59810d39a4ea2b217def6b9fad9a9a8ca338e609a912410f1e4d4251007b9e
75,validation_machine_bottleneck_2000014,0_0.6_0.4,0.0,0.6,0.4,True,False,completed,0.1484250057,0,0,{},0.5328947368421053,96,1045,414,True,239b70cb016e130aac881a8aca4e41f57f2a2f8e6c808638993aee2decbf7858
75,validation_machine_bottleneck_2000014,0.2_0_0.8,0.2,0.0,0.8,True,False,completed,0.1534174634,0,0,{},0.5305084745762711,70,1045,475,True,c802c0e18e1566674a7435e224fb6e0ce969a56fdfcac9858bc3cc6b3da37d40
75,validation_machine_bottleneck_2000014,0.2_0.2_0.6,0.2,0.2,0.6,True,False,completed,0.1534174634,0,0,{},0.5706472196900638,94,1045,409,True,c7768a55e1999891859313ae792f7083e27e44f5c0a02b8ec598b10e0eea75c5
75,validation_machine_bottleneck_2000014,0.2_0.4_0.4,0.2,0.4,0.4,True,False,completed,0.1534174634,0,4,"{""no_state_progress"": 4}",1.0,46,1045,401,True,b70601f34884f1c1615efd844492b0ac24a03899db19d66dc61d291ac1b209da
75,validation_machine_bottleneck_2000014,0.2_0.6_0.2,0.2,0.6,0.2,True,False,completed,0.1534174634,0,0,{},0.5273200346921075,74,1045,472,True,62b5436e82c6985f6fc55b8dd8d745bf03d2bceaf9ba10c4fdf514e0c6923e64
75,validation_machine_bottleneck_2000014,0.2_0.8_0,0.2,0.8,0.0,True,False,completed,0.1534174634,0,0,{},0.5273200346921075,74,1045,472,True,62b5436e82c6985f6fc55b8dd8d745bf03d2bceaf9ba10c4fdf514e0c6923e64
80,validation_machine_bottleneck_2000008,0_0_1,0.0,0.0,1.0,True,False,completed,0.22147956009999997,0,4,"{""no_state_progress"": 4}",1.0,77,1099,324,True,1e8f2cacf6afa9b76871c6adb35aa1d37d81de1d14537c87037f7cf6387d84d6
80,validation_fatigue_bottleneck_2000011,0_0_1,0.0,0.0,1.0,True,False,completed,0.39301834980000006,0,2,"{""no_state_progress"": 2}",1.0,74,962,531,True,0776ce4d6908f12f2ae3bbd5cc1cb4d29e701a4c32b0e863dc0332332036fce6
80,validation_machine_bottleneck_2000008,0_0.2_0.8,0.0,0.2,0.8,True,False,completed,0.22147956009999997,0,0,{},0.5136821891502641,68,1099,566,True,c583e4463faef096064ff9ce7f1f01391d934bd269b9fc3ce392ffc0a9eaa4d6
80,validation_fatigue_bottleneck_2000011,0_0.2_0.8,0.0,0.2,0.8,True,False,completed,0.39301834980000006,0,2,"{""no_state_progress"": 2}",1.0,91,962,543,True,79ec30f038e0dbda36205b533318d2bff4338efd71a0cbf3f111a32c06e905df
80,validation_machine_bottleneck_2000014,0_0.6_0.4,0.0,0.6,0.4,True,False,completed,0.1484250057,0,0,{},0.5292598967297762,62,1045,449,True,d1f8530d93277cbab5af468231e8b42c57fded34abf23c691debfb23efd5d207
80,validation_machine_bottleneck_2000014,0.2_0_0.8,0.2,0.0,0.8,True,False,completed,0.1534174634,0,0,{},0.5305084745762711,70,1045,475,True,c802c0e18e1566674a7435e224fb6e0ce969a56fdfcac9858bc3cc6b3da37d40
80,validation_machine_bottleneck_2000014,0.2_0.2_0.6,0.2,0.2,0.6,True,False,completed,0.1534174634,0,0,{},0.5706472196900638,83,1045,438,True,4c692d7bb3939a90ab0e50a76f4645f4830d48861f00c00524ae35fa3650d7d9
80,validation_machine_bottleneck_2000014,0.2_0.4_0.4,0.2,0.4,0.4,True,False,completed,0.1534174634,0,0,{},0.5706472196900638,83,1045,438,True,4c692d7bb3939a90ab0e50a76f4645f4830d48861f00c00524ae35fa3650d7d9
80,validation_machine_bottleneck_2000014,0.2_0.6_0.2,0.2,0.6,0.2,True,False,completed,0.1534174634,0,4,"{""no_state_progress"": 4}",1.0,46,1045,401,True,b70601f34884f1c1615efd844492b0ac24a03899db19d66dc61d291ac1b209da
80,validation_machine_bottleneck_2000014,0.2_0.8_0,0.2,0.8,0.0,True,False,completed,0.1534174634,0,0,{},0.5273200346921075,74,1045,472,True,62b5436e82c6985f6fc55b8dd8d745bf03d2bceaf9ba10c4fdf514e0c6923e64
85,validation_machine_bottleneck_2000008,0_0_1,0.0,0.0,1.0,True,False,completed,0.2032685644,0,0,{},0.516559337626495,71,1099,533,True,bbb25b5547c0a56f6e3c822cf350e4fa72231bd529996a0edcd5a8c23c3dbddb
85,validation_fatigue_bottleneck_2000011,0_0_1,0.0,0.0,1.0,True,False,completed,0.39301834980000006,0,0,{},0.48225108225108226,87,962,540,True,a0324256e15fd04f00e439e66a0e21303d27ded3c87cea1082faa0f602331b36
85,validation_machine_bottleneck_2000008,0_0.2_0.8,0.0,0.2,0.8,True,False,completed,0.21050000000000002,0,2,"{""no_state_progress"": 2}",1.0,68,1099,461,True,3d5d9108c6fc4386e5b507a36852f88d8df749eda39978d4e589f768bcb3834d
85,validation_fatigue_bottleneck_2000011,0_0.2_0.8,0.0,0.2,0.8,True,False,completed,0.39301834980000006,0,2,"{""no_state_progress"": 2}",1.0,77,962,525,True,32e2cd2c5b54577beaf9dffa8f209a85857180251ca37448fe18c1480e898f32
85,validation_machine_bottleneck_2000014,0_0.6_0.4,0.0,0.6,0.4,True,False,completed,0.1484250057,0,0,{},0.5292598967297762,62,1045,449,True,d1f8530d93277cbab5af468231e8b42c57fded34abf23c691debfb23efd5d207
85,validation_machine_bottleneck_2000014,0.2_0_0.8,0.2,0.0,0.8,True,False,completed,0.1504174634,0,0,{},0.5453720508166969,92,1045,374,True,c4fa2257480afb484675b6032139d7f7f7aa604dfe7aec55f434c183006a4e6a
85,validation_machine_bottleneck_2000014,0.2_0.2_0.6,0.2,0.2,0.6,True,False,completed,0.1534174634,0,0,{},0.5305084745762711,70,1045,475,True,c802c0e18e1566674a7435e224fb6e0ce969a56fdfcac9858bc3cc6b3da37d40
85,validation_machine_bottleneck_2000014,0.2_0.4_0.4,0.2,0.4,0.4,True,False,completed,0.1534174634,0,0,{},0.5706472196900638,83,1045,438,True,cf34c1bc35bb95eb30f5044bdff4f6dd7d19d1aecd0dee11b565e89beca53213
85,validation_machine_bottleneck_2000014,0.2_0.6_0.2,0.2,0.6,0.2,True,False,completed,0.1534174634,0,0,{},0.5706472196900638,83,1045,438,True,cf34c1bc35bb95eb30f5044bdff4f6dd7d19d1aecd0dee11b565e89beca53213
85,validation_machine_bottleneck_2000014,0.2_0.8_0,0.2,0.8,0.0,True,False,completed,0.1534174634,0,4,"{""no_state_progress"": 4}",1.0,46,1045,401,True,b70601f34884f1c1615efd844492b0ac24a03899db19d66dc61d291ac1b209da
90,validation_machine_bottleneck_2000008,0_0_1,0.0,0.0,1.0,True,False,completed,0.1756685644,0,0,{},0.517274472168906,68,1099,550,True,f10eae38bddc33e0592bb33622e2fa9a4c91185be65ef8abd88d4732686ff483
90,validation_fatigue_bottleneck_2000011,0_0_1,0.0,0.0,1.0,True,False,completed,0.39301834980000006,0,0,{},0.46203037569944044,68,962,523,True,6123d5efdb0c0133fea237947e6ebfbf94ad2a3d1a622613419c15ceb1e9add5
90,validation_machine_bottleneck_2000008,0_0.2_0.8,0.0,0.2,0.8,True,False,completed,0.1756685644,0,0,{},0.517274472168906,68,1099,550,True,fc672df3c11a3b47259e20eeff6b1d688dfe136120629d36c6230203dedb7ac3
90,validation_fatigue_bottleneck_2000011,0_0.2_0.8,0.0,0.2,0.8,True,False,completed,0.39301834980000006,0,0,{},0.46203037569944044,68,962,523,True,e2cccdf25e94a7b734f38eb7ec85827e96b797258952357b5c52849cf006b44d
90,validation_machine_bottleneck_2000014,0_0.6_0.4,0.0,0.6,0.4,True,False,completed,0.1484250057,0,0,{},0.5645161290322581,87,1045,366,True,4431f957c0e16a75aa8aa2ae2e3c0db53dc61ba25864487b5f29c86de59abeb0
90,validation_machine_bottleneck_2000014,0.2_0_0.8,0.2,0.0,0.8,True,False,completed,0.1484250057,0,2,"{""no_state_progress"": 2}",1.0,108,1045,439,True,48401b0ac4fe8fe654d91db94fbe1292db85d2692dc70f5a593986f78f3fe8c3
90,validation_machine_bottleneck_2000014,0.2_0.2_0.6,0.2,0.2,0.6,True,False,completed,0.1484250057,0,2,"{""no_state_progress"": 2}",1.0,108,1045,439,True,94c5770dc9fe91afee8e55a7c1a1cfe72814e85afec9f26e04a7bc9467e79487
90,validation_machine_bottleneck_2000014,0.2_0.4_0.4,0.2,0.4,0.4,True,False,completed,0.1504174634,0,0,{},0.5453720508166969,92,1045,374,True,c4fa2257480afb484675b6032139d7f7f7aa604dfe7aec55f434c183006a4e6a
90,validation_machine_bottleneck_2000014,0.2_0.6_0.2,0.2,0.6,0.2,True,False,completed,0.1534174634,0,0,{},0.5706472196900638,83,1045,438,True,cf34c1bc35bb95eb30f5044bdff4f6dd7d19d1aecd0dee11b565e89beca53213
90,validation_machine_bottleneck_2000014,0.2_0.8_0,0.2,0.8,0.0,True,False,completed,0.1534174634,0,4,"{""no_state_progress"": 4}",1.0,46,1045,401,True,da9208a2a7fbe41e6c5ab72c80a7a8d3655d97425032dfbb68287bebad2b314d
95,validation_machine_bottleneck_2000008,0_0_1,0.0,0.0,1.0,True,False,completed,0.1756685644,0,2,"{""no_state_progress"": 2}",1.0,70,1099,456,True,af4c79fde826ad5e2e992d363781335bc3582dfc2a9c27e68bea1a51a0af67bc
95,validation_fatigue_bottleneck_2000011,0_0_1,0.0,0.0,1.0,True,False,completed,0.2859700129,0,0,{},0.49742268041237114,73,962,506,True,e5f53d251f379c9ae7796edda118c5386d07655122fbc476a8986d39310f32c7
95,validation_machine_bottleneck_2000008,0_0.2_0.8,0.0,0.2,0.8,True,False,completed,0.1756685644,0,0,{},0.517274472168906,68,1099,550,True,f10eae38bddc33e0592bb33622e2fa9a4c91185be65ef8abd88d4732686ff483
95,validation_fatigue_bottleneck_2000011,0_0.2_0.8,0.0,0.2,0.8,True,False,completed,0.2859700129,0,0,{},0.4881889763779528,66,962,508,True,fa816b1bdcfa296eed58a337c479a6d43505788b60585cc033f6599cafabe7be
95,validation_machine_bottleneck_2000014,0_0.6_0.4,0.0,0.6,0.4,True,False,completed,0.1484250057,0,0,{},0.508347245409015,78,1045,435,True,8e698d0b24d1855d27febb1ea475383007167fa91d7aa41c0a16d21f6db67007
95,validation_machine_bottleneck_2000014,0.2_0_0.8,0.2,0.0,0.8,True,False,completed,0.1484250057,0,2,"{""no_state_progress"": 2}",1.0,109,1045,438,True,899daeebf2b1055e03f6e34780858db190d587ada7555955d6ff88ade8fc8377
95,validation_machine_bottleneck_2000014,0.2_0.2_0.6,0.2,0.2,0.6,True,False,completed,0.1484250057,0,2,"{""no_state_progress"": 2}",1.0,109,1045,438,True,899daeebf2b1055e03f6e34780858db190d587ada7555955d6ff88ade8fc8377
95,validation_machine_bottleneck_2000014,0.2_0.4_0.4,0.2,0.4,0.4,True,False,completed,0.1504174634,0,0,{},0.5453720508166969,92,1045,374,True,c4fa2257480afb484675b6032139d7f7f7aa604dfe7aec55f434c183006a4e6a
95,validation_machine_bottleneck_2000014,0.2_0.6_0.2,0.2,0.6,0.2,True,False,completed,0.1534174634,0,0,{},0.5285106382978724,77,1045,404,True,3bfe59212bfa0730efac1fab3b03e5aacb264b08364c22a44551161ffc1ec1af
95,validation_machine_bottleneck_2000014,0.2_0.8_0,0.2,0.8,0.0,True,False,completed,0.1534174634,0,4,"{""no_state_progress"": 4}",1.0,46,1045,401,True,bcceb436e6e23af2a8b7e3761cd0dd23af52fd7eb26e28a154d114766d76cb90
100,validation_machine_bottleneck_2000008,0_0_1,0.0,0.0,1.0,True,False,completed,0.1756685644,0,2,"{""no_state_progress"": 2}",1.0,68,1099,460,True,909490545068720459056561ad64f29bf39f58ab5a1ae83cb7bd411301059d24
100,validation_fatigue_bottleneck_2000011,0_0_1,0.0,0.0,1.0,True,False,completed,0.2859700129,0,0,{},0.5032497678737233,114,962,411,True,bf58b5b41a4a1a3e8a5ac641eccd033f08ebf4e4b5ee5d9116c78d6281370b9b
100,validation_machine_bottleneck_2000008,0_0.2_0.8,0.0,0.2,0.8,True,False,completed,0.1756685644,0,2,"{""no_state_progress"": 2}",1.0,70,1099,456,True,af4c79fde826ad5e2e992d363781335bc3582dfc2a9c27e68bea1a51a0af67bc
100,validation_fatigue_bottleneck_2000011,0_0.2_0.8,0.0,0.2,0.8,True,False,completed,0.2859700129,0,0,{},0.4917319408181027,72,962,535,True,82b78c1cbffc2db6bf40bd4fe939a39b0007bbbb2fb541a77c24655241ed9562
100,validation_machine_bottleneck_2000014,0_0.6_0.4,0.0,0.6,0.4,True,False,completed,0.1434240308,0,2,"{""no_state_progress"": 2}",1.0,64,1045,367,True,9113d86606734725073462bdb9dd985eed4b6e9f1568fffbc5db61d0b689f98e
100,validation_machine_bottleneck_2000014,0.2_0_0.8,0.2,0.0,0.8,True,False,completed,0.1484250057,0,0,{},0.5249569707401033,96,1045,420,True,59b327b6031b7fd816c8fef89f75e603bb8e65e5a476bbdb42aba88b430d5bc9
100,validation_machine_bottleneck_2000014,0.2_0.2_0.6,0.2,0.2,0.6,True,False,completed,0.1484250057,0,0,{},0.5249569707401033,96,1045,420,True,59b327b6031b7fd816c8fef89f75e603bb8e65e5a476bbdb42aba88b430d5bc9
100,validation_machine_bottleneck_2000014,0.2_0.4_0.4,0.2,0.4,0.4,True,False,completed,0.1484250057,0,2,"{""no_state_progress"": 2}",1.0,109,1045,438,True,899daeebf2b1055e03f6e34780858db190d587ada7555955d6ff88ade8fc8377
100,validation_machine_bottleneck_2000014,0.2_0.6_0.2,0.2,0.6,0.2,True,False,completed,0.1484250057,0,0,{},0.5218554861730598,68,1045,483,True,825fde8533c99511e714180a193ebee2ebe77c4de5ba726d8b302b4560bb5a96
100,validation_machine_bottleneck_2000014,0.2_0.8_0,0.2,0.8,0.0,True,False,completed,0.1534174634,0,0,{},0.5305084745762711,70,1045,475,True,c802c0e18e1566674a7435e224fb6e0ce969a56fdfcac9858bc3cc6b3da37d40
105,validation_machine_bottleneck_2000008,0_0_1,0.0,0.0,1.0,True,False,completed,0.14892699269999998,0,0,{},0.5259326660600546,79,1099,534,True,ba1d09863760c30ad6c8d7117663cab7f35bbca52a07dbe610bf35f8435587ba
105,validation_fatigue_bottleneck_2000011,0_0_1,0.0,0.0,1.0,True,False,completed,0.2829700129,0,0,{},0.5034602076124568,85,962,501,True,fbb2f417121cee43d6597fde8b8185cd7dc4f2fe8e9611f0102c7b46ef6b67c0
105,validation_machine_bottleneck_2000008,0_0.2_0.8,0.0,0.2,0.8,True,False,completed,0.1756685644,0,2,"{""no_state_progress"": 2}",1.0,68,1099,460,True,909490545068720459056561ad64f29bf39f58ab5a1ae83cb7bd411301059d24
105,validation_fatigue_bottleneck_2000011,0_0.2_0.8,0.0,0.2,0.8,True,False,completed,0.2859700129,0,0,{},0.5027985074626866,87,962,420,True,50b01d8ef1541c01da19d28bb2e00e440830799cd3937695d0a0957e031caa60
105,validation_machine_bottleneck_2000014,0_0.6_0.4,0.0,0.6,0.4,True,False,completed,0.1434240308,0,4,"{""no_state_progress"": 4}",1.0,64,1045,280,True,fcc30726454e9fb3abfe12ffc84bb53baf7e5ffd1c5b810de24282eecb83e871
105,validation_machine_bottleneck_2000014,0.2_0_0.8,0.2,0.0,0.8,True,False,completed,0.1484250057,0,0,{},0.5249569707401033,99,1045,417,True,d788e8b53c1ec51b4cbbf9c2b37e2d9e289c1982b4cff96918d3f618ef1c76b1
105,validation_machine_bottleneck_2000014,0.2_0.2_0.6,0.2,0.2,0.6,True,False,completed,0.1484250057,0,0,{},0.5249569707401033,96,1045,420,True,59b327b6031b7fd816c8fef89f75e603bb8e65e5a476bbdb42aba88b430d5bc9
105,validation_machine_bottleneck_2000014,0.2_0.4_0.4,0.2,0.4,0.4,True,False,completed,0.1484250057,0,0,{},0.5328947368421053,96,1045,414,True,239b70cb016e130aac881a8aca4e41f57f2a2f8e6c808638993aee2decbf7858
105,validation_machine_bottleneck_2000014,0.2_0.6_0.2,0.2,0.6,0.2,True,False,completed,0.1484250057,0,2,"{""no_state_progress"": 2}",1.0,68,1045,478,True,4a9c0c32fdb7641c2e4847004a258037f2dc714de7af55c5c1b8e3db0a03e558
105,validation_machine_bottleneck_2000014,0.2_0.8_0,0.2,0.8,0.0,True,False,completed,0.1484250057,0,0,{},0.5218554861730598,68,1045,483,True,825fde8533c99511e714180a193ebee2ebe77c4de5ba726d8b302b4560bb5a96
110,validation_machine_bottleneck_2000008,0_0_1,0.0,0.0,1.0,True,False,completed,0.1756685644,0,0,{},0.517274472168906,68,1099,529,True,d7cd6fc500df46f2c5ffac057ad9c310912351f60440259af0fb1e5ce346a280
110,validation_fatigue_bottleneck_2000011,0_0_1,0.0,0.0,1.0,True,False,completed,0.2829700129,0,0,{},0.5544910179640719,88,962,372,True,9d0435a058f1266d50b0bbe52f92929da289db2bf508f0ac7c0ba409bbdc980f
110,validation_machine_bottleneck_2000008,0_0.2_0.8,0.0,0.2,0.8,True,False,completed,0.1756685644,0,2,"{""no_state_progress"": 2}",1.0,68,1099,460,True,909490545068720459056561ad64f29bf39f58ab5a1ae83cb7bd411301059d24
110,validation_fatigue_bottleneck_2000011,0_0.2_0.8,0.0,0.2,0.8,True,False,completed,0.2829700129,0,0,{},0.4751131221719457,80,962,400,True,2976ed966765375ed7bc8c85e031ece3c0bce5100e983ae6c0a0c4c7a46e972a
110,validation_machine_bottleneck_2000014,0_0.6_0.4,0.0,0.6,0.4,True,False,completed,0.14350000000000004,0,0,{},0.5276595744680851,64,1045,493,True,c96ac55bc6ace132cb5741e9a3a7dc30d9cfee3694c8552e8b36a97ce4db96e8
110,validation_machine_bottleneck_2000014,0.2_0_0.8,0.2,0.0,0.8,True,False,completed,0.1484250057,0,0,{},0.5249569707401033,96,1045,420,True,86e00c3862a7b44e3e07a1e71bd07fd3bba1f86422f3ae08437c35d207a42c5c
110,validation_machine_bottleneck_2000014,0.2_0.2_0.6,0.2,0.2,0.6,True,False,completed,0.1484250057,0,0,{},0.5249569707401033,96,1045,420,True,59b327b6031b7fd816c8fef89f75e603bb8e65e5a476bbdb42aba88b430d5bc9
110,validation_machine_bottleneck_2000014,0.2_0.4_0.4,0.2,0.4,0.4,True,False,completed,0.1484250057,0,0,{},0.5328947368421053,96,1045,414,True,239b70cb016e130aac881a8aca4e41f57f2a2f8e6c808638993aee2decbf7858
110,validation_machine_bottleneck_2000014,0.2_0.6_0.2,0.2,0.6,0.2,True,False,completed,0.1484250057,0,0,{},0.5328947368421053,96,1045,414,True,239b70cb016e130aac881a8aca4e41f57f2a2f8e6c808638993aee2decbf7858
110,validation_machine_bottleneck_2000014,0.2_0.8_0,0.2,0.8,0.0,True,False,completed,0.1484250057,0,0,{},0.5328947368421053,96,1045,414,True,239b70cb016e130aac881a8aca4e41f57f2a2f8e6c808638993aee2decbf7858
115,validation_machine_bottleneck_2000008,0_0_1,0.0,0.0,1.0,True,False,completed,0.1477269927,0,0,{},0.5335586673104781,71,1099,499,True,1b045fcad0ab3033732a8ac570559a583f601bb24d61444f4dad3667055194d4
115,validation_fatigue_bottleneck_2000011,0_0_1,0.0,0.0,1.0,True,False,completed,0.2829700129,0,4,"{""no_state_progress"": 4}",1.0,84,962,320,True,3588ff8b5fe3f17899258e28c7a43b4a7411fa5e3d8b19a29d2a44988fcdb4da
115,validation_machine_bottleneck_2000008,0_0.2_0.8,0.0,0.2,0.8,True,False,completed,0.1477269927,0,0,{},0.5335586673104781,71,1099,555,True,0e39127b6073d83ca7567b4f62e6ded853b0170a22362970baec56347f5891dc
115,validation_fatigue_bottleneck_2000011,0_0.2_0.8,0.0,0.2,0.8,True,False,completed,0.2829700129,0,0,{},0.5688622754491018,100,962,360,True,583cc80564a2e7b2936a54b8cb6a45718a75e559aa81d5cb7ce14854a5a42fae
115,validation_machine_bottleneck_2000014,0_0.6_0.4,0.0,0.6,0.4,True,False,completed,0.14350000000000004,0,4,"{""no_state_progress"": 4}",1.0,102,1045,139,True,9f20c2d6ed4fe8b83650213c71bbca43fb3ae8eaec075b498c2f6c85db0ba8b5
115,validation_machine_bottleneck_2000014,0.2_0_0.8,0.2,0.0,0.8,True,False,completed,0.1484250057,0,0,{},0.5249569707401033,96,1045,420,True,6a75ce75368076c38bcbbf9e9f3c53dafc6f4a1a9ed0820a562dda27ad973257
115,validation_machine_bottleneck_2000014,0.2_0.2_0.6,0.2,0.2,0.6,True,False,completed,0.1484250057,0,0,{},0.5249569707401033,96,1045,420,True,86e00c3862a7b44e3e07a1e71bd07fd3bba1f86422f3ae08437c35d207a42c5c
115,validation_machine_bottleneck_2000014,0.2_0.4_0.4,0.2,0.4,0.4,True,False,completed,0.1484250057,0,0,{},0.5249569707401033,96,1045,420,True,86e00c3862a7b44e3e07a1e71bd07fd3bba1f86422f3ae08437c35d207a42c5c
115,validation_machine_bottleneck_2000014,0.2_0.6_0.2,0.2,0.6,0.2,True,False,completed,0.1484250057,0,0,{},0.5249569707401033,96,1045,420,True,59b327b6031b7fd816c8fef89f75e603bb8e65e5a476bbdb42aba88b430d5bc9
115,validation_machine_bottleneck_2000014,0.2_0.8_0,0.2,0.8,0.0,True,False,completed,0.1484250057,0,0,{},0.5328947368421053,96,1045,414,True,239b70cb016e130aac881a8aca4e41f57f2a2f8e6c808638993aee2decbf7858
120,validation_machine_bottleneck_2000008,0_0_1,0.0,0.0,1.0,True,False,completed,0.1477269927,0,6,"{""no_state_progress"": 6}",1.0,75,1099,167,True,66c4b3410e5b4b7cc61e20f1004c976fe13b2cf56ffb2d432983554272ed0587
120,validation_fatigue_bottleneck_2000011,0_0_1,0.0,0.0,1.0,True,False,completed,0.32328776369999995,0,2,"{""no_state_progress"": 2}",1.0,79,962,389,True,eb1cf9928b3d25af4d81c5b1b04f19732fe1463a451fd6080eeda444d6e2f91e
120,validation_machine_bottleneck_2000008,0_0.2_0.8,0.0,0.2,0.8,True,False,completed,0.1477269927,0,6,"{""no_state_progress"": 6}",1.0,71,1099,176,True,97ce08310951b20b60fd944d0158e85d4ccb85c3881bf8041bd5e7defee15d49
120,validation_fatigue_bottleneck_2000011,0_0.2_0.8,0.0,0.2,0.8,True,False,completed,0.32328776369999995,0,2,"{""no_state_progress"": 2}",1.0,79,962,389,True,eb1cf9928b3d25af4d81c5b1b04f19732fe1463a451fd6080eeda444d6e2f91e
120,validation_machine_bottleneck_2000014,0_0.6_0.4,0.0,0.6,0.4,True,False,completed,0.14350000000000004,0,2,"{""no_state_progress"": 2}",1.0,68,1045,395,True,b4d406a48b19cb1339be293a13e710a390976aff9f521c0f63fe8e661ead5917
120,validation_machine_bottleneck_2000014,0.2_0_0.8,0.2,0.0,0.8,True,False,completed,0.1484250057,0,2,"{""no_state_progress"": 2}",1.0,95,1045,395,True,270ca385aa7e67bda9a51165163709189fa202fbcc6576836811aa93e37534c0
120,validation_machine_bottleneck_2000014,0.2_0.2_0.6,0.2,0.2,0.6,True,False,completed,0.1484250057,0,2,"{""no_state_progress"": 2}",1.0,95,1045,395,True,270ca385aa7e67bda9a51165163709189fa202fbcc6576836811aa93e37534c0
120,validation_machine_bottleneck_2000014,0.2_0.4_0.4,0.2,0.4,0.4,True,False,completed,0.1484250057,0,2,"{""no_state_progress"": 2}",1.0,95,1045,395,True,270ca385aa7e67bda9a51165163709189fa202fbcc6576836811aa93e37534c0
120,validation_machine_bottleneck_2000014,0.2_0.6_0.2,0.2,0.6,0.2,True,False,completed,0.1484250057,0,0,{},0.5292598967297762,62,1045,449,True,d1f8530d93277cbab5af468231e8b42c57fded34abf23c691debfb23efd5d207
120,validation_machine_bottleneck_2000014,0.2_0.8_0,0.2,0.8,0.0,True,False,completed,0.1484250057,0,0,{},0.5292598967297762,62,1045,449,True,d1f8530d93277cbab5af468231e8b42c57fded34abf23c691debfb23efd5d207
125,validation_machine_bottleneck_2000008,0_0_1,0.0,0.0,1.0,True,False,completed,0.1477269927,0,6,"{""no_state_progress"": 6}",1.0,75,1099,167,True,66c4b3410e5b4b7cc61e20f1004c976fe13b2cf56ffb2d432983554272ed0587
125,validation_fatigue_bottleneck_2000011,0_0_1,0.0,0.0,1.0,True,False,completed,0.32328776369999995,0,2,"{""no_state_progress"": 2}",1.0,79,962,389,True,eb1cf9928b3d25af4d81c5b1b04f19732fe1463a451fd6080eeda444d6e2f91e
125,validation_machine_bottleneck_2000008,0_0.2_0.8,0.0,0.2,0.8,True,False,completed,0.1477269927,0,6,"{""no_state_progress"": 6}",1.0,71,1099,176,True,97ce08310951b20b60fd944d0158e85d4ccb85c3881bf8041bd5e7defee15d49
125,validation_fatigue_bottleneck_2000011,0_0.2_0.8,0.0,0.2,0.8,True,False,completed,0.2950877637,0,0,{},0.5152963671128107,85,962,381,True,c529bab838c94f3500d9d7196f77425605ff26c24d6ebf1989436e3f98dc56f7
125,validation_machine_bottleneck_2000014,0_0.6_0.4,0.0,0.6,0.4,True,False,completed,0.1434240308,0,0,{},0.6271356783919598,85,1045,323,True,1445f8b07dfef17690c3d49dbd2af1931bd1836bba52e3ff8974a8924fa98504
125,validation_machine_bottleneck_2000014,0.2_0_0.8,0.2,0.0,0.8,True,False,completed,0.1484250057,0,2,"{""no_state_progress"": 2}",1.0,95,1045,395,True,270ca385aa7e67bda9a51165163709189fa202fbcc6576836811aa93e37534c0
125,validation_machine_bottleneck_2000014,0.2_0.2_0.6,0.2,0.2,0.6,True,False,completed,0.1484250057,0,2,"{""no_state_progress"": 2}",1.0,95,1045,395,True,270ca385aa7e67bda9a51165163709189fa202fbcc6576836811aa93e37534c0
125,validation_machine_bottleneck_2000014,0.2_0.4_0.4,0.2,0.4,0.4,True,False,completed,0.1484250057,0,0,{},0.5292598967297762,95,1045,415,True,ec16fa39763e955b1f185e9074f824f34f39c924f0fc29373f4455e1209814f5
125,validation_machine_bottleneck_2000014,0.2_0.6_0.2,0.2,0.6,0.2,True,False,completed,0.1484250057,0,0,{},0.5292598967297762,95,1045,415,True,ec16fa39763e955b1f185e9074f824f34f39c924f0fc29373f4455e1209814f5
125,validation_machine_bottleneck_2000014,0.2_0.8_0,0.2,0.8,0.0,True,False,completed,0.1484250057,0,0,{},0.5292598967297762,62,1045,449,True,d1f8530d93277cbab5af468231e8b42c57fded34abf23c691debfb23efd5d207
130,validation_machine_bottleneck_2000008,0_0_1,0.0,0.0,1.0,True,False,completed,0.1477269927,0,6,"{""no_state_progress"": 6}",1.0,75,1099,167,True,5dce0364c8817b09003dd3b95e1d95e8eb9bcf4bb0767c143f9342cf8f6b85a3
130,validation_fatigue_bottleneck_2000011,0_0_1,0.0,0.0,1.0,True,False,completed,0.2950877637,0,0,{},0.5656350053361793,85,962,407,True,31bba2c5129d38fbe085762a0010d37fa93a4e688622e6f502b211501b8e1fe6
130,validation_machine_bottleneck_2000008,0_0.2_0.8,0.0,0.2,0.8,True,False,completed,0.1477269927,0,6,"{""no_state_progress"": 6}",1.0,75,1099,167,True,5dce0364c8817b09003dd3b95e1d95e8eb9bcf4bb0767c143f9342cf8f6b85a3
130,validation_fatigue_bottleneck_2000011,0_0.2_0.8,0.0,0.2,0.8,True,False,completed,0.2950877637,0,0,{},0.5656350053361793,85,962,407,True,31bba2c5129d38fbe085762a0010d37fa93a4e688622e6f502b211501b8e1fe6
130,validation_machine_bottleneck_2000014,0_0.6_0.4,0.0,0.6,0.4,True,False,completed,0.1434240308,0,0,{},0.6271356783919598,85,1045,323,True,1445f8b07dfef17690c3d49dbd2af1931bd1836bba52e3ff8974a8924fa98504
130,validation_machine_bottleneck_2000014,0.2_0_0.8,0.2,0.0,0.8,True,False,completed,0.1484250057,0,2,"{""no_state_progress"": 2}",1.0,95,1045,395,True,270ca385aa7e67bda9a51165163709189fa202fbcc6576836811aa93e37534c0
130,validation_machine_bottleneck_2000014,0.2_0.2_0.6,0.2,0.2,0.6,True,False,completed,0.1484250057,0,2,"{""no_state_progress"": 2}",1.0,95,1045,395,True,270ca385aa7e67bda9a51165163709189fa202fbcc6576836811aa93e37534c0
130,validation_machine_bottleneck_2000014,0.2_0.4_0.4,0.2,0.4,0.4,True,False,completed,0.1484250057,0,0,{},0.5292598967297762,95,1045,415,True,ec16fa39763e955b1f185e9074f824f34f39c924f0fc29373f4455e1209814f5
130,validation_machine_bottleneck_2000014,0.2_0.6_0.2,0.2,0.6,0.2,True,False,completed,0.1484250057,0,0,{},0.5292598967297762,95,1045,415,True,ec16fa39763e955b1f185e9074f824f34f39c924f0fc29373f4455e1209814f5
130,validation_machine_bottleneck_2000014,0.2_0.8_0,0.2,0.8,0.0,True,False,completed,0.1484250057,0,0,{},0.5292598967297762,62,1045,449,True,d1f8530d93277cbab5af468231e8b42c57fded34abf23c691debfb23efd5d207
135,validation_machine_bottleneck_2000008,0_0_1,0.0,0.0,1.0,True,False,completed,0.1477269927,0,4,"{""no_state_progress"": 4}",1.0,71,1099,189,True,37ba10f5d78abd0443ef3503de5233852ea2a7a3588aeaf79d962452db7db5f0
135,validation_fatigue_bottleneck_2000011,0_0_1,0.0,0.0,1.0,True,False,completed,0.2883700129,0,0,{},0.5156695156695157,66,962,482,True,701e0537920e138d45c90b2d25b9ff4df030747d6d4ab6cab61ae95c59bee0a4
135,validation_machine_bottleneck_2000008,0_0.2_0.8,0.0,0.2,0.8,True,False,completed,0.1477269927,0,2,"{""no_state_progress"": 2}",1.0,120,1099,161,True,585e9ace6d0e880e4dd7f321ac620359b6847da7f31d87641a4eeb1201e5ebb8
135,validation_fatigue_bottleneck_2000011,0_0.2_0.8,0.0,0.2,0.8,True,False,completed,0.2883700129,0,0,{},0.5156695156695157,66,962,482,True,701e0537920e138d45c90b2d25b9ff4df030747d6d4ab6cab61ae95c59bee0a4
135,validation_machine_bottleneck_2000014,0_0.6_0.4,0.0,0.6,0.4,True,False,completed,0.1434240308,0,0,{},0.5511669658886894,78,1045,430,True,47ef4c1f7389925707f271220677ff15bf8a27e0f809e21e60be735f958662ed
135,validation_machine_bottleneck_2000014,0.2_0_0.8,0.2,0.0,0.8,True,False,completed,0.1484250057,0,2,"{""no_state_progress"": 2}",1.0,95,1045,395,True,270ca385aa7e67bda9a51165163709189fa202fbcc6576836811aa93e37534c0
135,validation_machine_bottleneck_2000014,0.2_0.2_0.6,0.2,0.2,0.6,True,False,completed,0.1484250057,0,2,"{""no_state_progress"": 2}",1.0,95,1045,395,True,270ca385aa7e67bda9a51165163709189fa202fbcc6576836811aa93e37534c0
135,validation_machine_bottleneck_2000014,0.2_0.4_0.4,0.2,0.4,0.4,True,False,completed,0.1484250057,0,0,{},0.5645161290322581,87,1045,365,True,f93f6f500398f59880841b464320928de4b6d70b51ff126922e4d26452af6b7a
135,validation_machine_bottleneck_2000014,0.2_0.6_0.2,0.2,0.6,0.2,True,False,completed,0.1484250057,0,0,{},0.5280289330922242,46,1045,473,True,fc5906d5c96b427faab282a09736a3f809499e3dcac14fab4c77389578e2b21c
135,validation_machine_bottleneck_2000014,0.2_0.8_0,0.2,0.8,0.0,True,False,completed,0.1484250057,0,2,"{""no_state_progress"": 2}",1.0,102,1045,437,True,2c652b7ebdffed6d7f4c65e10c215e90142c9cdaf28cb0870ad7f98f36c3bd84
140,validation_machine_bottleneck_2000008,0_0_1,0.0,0.0,1.0,True,False,completed,0.1477269927,0,6,"{""no_state_progress"": 6}",1.0,75,1099,167,True,5dce0364c8817b09003dd3b95e1d95e8eb9bcf4bb0767c143f9342cf8f6b85a3
140,validation_fatigue_bottleneck_2000011,0_0_1,0.0,0.0,1.0,True,False,completed,0.2950877637,0,0,{},0.5656350053361793,85,962,407,True,31bba2c5129d38fbe085762a0010d37fa93a4e688622e6f502b211501b8e1fe6
140,validation_machine_bottleneck_2000008,0_0.2_0.8,0.0,0.2,0.8,True,False,completed,0.1477269927,0,6,"{""no_state_progress"": 6}",1.0,71,1099,233,True,8a6d53433de92a331ae9460cd855fdad6653d5ba17a26aaf1b6028e3c7833963
140,validation_fatigue_bottleneck_2000011,0_0.2_0.8,0.0,0.2,0.8,True,False,completed,0.2950877637,0,0,{},0.5656350053361793,85,962,407,True,31bba2c5129d38fbe085762a0010d37fa93a4e688622e6f502b211501b8e1fe6
140,validation_machine_bottleneck_2000014,0_0.6_0.4,0.0,0.6,0.4,True,False,completed,0.1434240308,0,0,{},0.6271356783919598,85,1045,323,True,1445f8b07dfef17690c3d49dbd2af1931bd1836bba52e3ff8974a8924fa98504
140,validation_machine_bottleneck_2000014,0.2_0_0.8,0.2,0.0,0.8,True,False,completed,0.1484250057,0,2,"{""no_state_progress"": 2}",1.0,95,1045,395,True,270ca385aa7e67bda9a51165163709189fa202fbcc6576836811aa93e37534c0
140,validation_machine_bottleneck_2000014,0.2_0.2_0.6,0.2,0.2,0.6,True,False,completed,0.1484250057,0,2,"{""no_state_progress"": 2}",1.0,95,1045,395,True,270ca385aa7e67bda9a51165163709189fa202fbcc6576836811aa93e37534c0
140,validation_machine_bottleneck_2000014,0.2_0.4_0.4,0.2,0.4,0.4,True,False,completed,0.1484250057,0,2,"{""no_state_progress"": 2}",1.0,95,1045,395,True,270ca385aa7e67bda9a51165163709189fa202fbcc6576836811aa93e37534c0
140,validation_machine_bottleneck_2000014,0.2_0.6_0.2,0.2,0.6,0.2,True,False,completed,0.1484250057,0,0,{},0.5292598967297762,95,1045,415,True,ec16fa39763e955b1f185e9074f824f34f39c924f0fc29373f4455e1209814f5
140,validation_machine_bottleneck_2000014,0.2_0.8_0,0.2,0.8,0.0,True,False,completed,0.1484250057,0,0,{},0.5645161290322581,87,1045,365,True,f93f6f500398f59880841b464320928de4b6d70b51ff126922e4d26452af6b7a
145,validation_machine_bottleneck_2000008,0_0_1,0.0,0.0,1.0,True,False,completed,0.1477269927,0,6,"{""no_state_progress"": 6}",1.0,71,1099,176,True,97ce08310951b20b60fd944d0158e85d4ccb85c3881bf8041bd5e7defee15d49
145,validation_fatigue_bottleneck_2000011,0_0_1,0.0,0.0,1.0,True,False,completed,0.32328776369999995,0,2,"{""no_state_progress"": 2}",1.0,79,962,389,True,eb1cf9928b3d25af4d81c5b1b04f19732fe1463a451fd6080eeda444d6e2f91e
145,validation_machine_bottleneck_2000008,0_0.2_0.8,0.0,0.2,0.8,True,False,completed,0.1477269927,0,6,"{""no_state_progress"": 6}",1.0,71,1099,176,True,97ce08310951b20b60fd944d0158e85d4ccb85c3881bf8041bd5e7defee15d49
145,validation_fatigue_bottleneck_2000011,0_0.2_0.8,0.0,0.2,0.8,True,False,completed,0.32328776369999995,0,2,"{""no_state_progress"": 2}",1.0,79,962,389,True,11e3b6f940edb78fe8af31dcb563fa78ac88b8d2b4dfde30f44f162a498e0729
145,validation_machine_bottleneck_2000014,0_0.6_0.4,0.0,0.6,0.4,True,False,completed,0.1434240308,0,2,"{""no_state_progress"": 2}",1.0,72,1045,298,True,ff403bca6132cd3178cf59e5f0f51a33522a520c4379cd4c0af3c25cd722f2c4
145,validation_machine_bottleneck_2000014,0.2_0_0.8,0.2,0.0,0.8,True,False,completed,0.1484250057,0,2,"{""no_state_progress"": 2}",1.0,95,1045,395,True,270ca385aa7e67bda9a51165163709189fa202fbcc6576836811aa93e37534c0
145,validation_machine_bottleneck_2000014,0.2_0.2_0.6,0.2,0.2,0.6,True,False,completed,0.1484250057,0,2,"{""no_state_progress"": 2}",1.0,95,1045,395,True,270ca385aa7e67bda9a51165163709189fa202fbcc6576836811aa93e37534c0
145,validation_machine_bottleneck_2000014,0.2_0.4_0.4,0.2,0.4,0.4,True,False,completed,0.1484250057,0,0,{},0.5292598967297762,95,1045,415,True,ec16fa39763e955b1f185e9074f824f34f39c924f0fc29373f4455e1209814f5
145,validation_machine_bottleneck_2000014,0.2_0.6_0.2,0.2,0.6,0.2,True,False,completed,0.1484250057,0,0,{},0.5292598967297762,62,1045,449,True,d1f8530d93277cbab5af468231e8b42c57fded34abf23c691debfb23efd5d207
145,validation_machine_bottleneck_2000014,0.2_0.8_0,0.2,0.8,0.0,True,False,completed,0.1484250057,0,0,{},0.5292598967297762,62,1045,449,True,d1f8530d93277cbab5af468231e8b42c57fded34abf23c691debfb23efd5d207
150,validation_machine_bottleneck_2000008,0_0_1,0.0,0.0,1.0,True,False,completed,0.1477269927,0,6,"{""no_state_progress"": 6}",1.0,75,1099,167,True,5dce0364c8817b09003dd3b95e1d95e8eb9bcf4bb0767c143f9342cf8f6b85a3
150,validation_fatigue_bottleneck_2000011,0_0_1,0.0,0.0,1.0,True,False,completed,0.2950877637,0,0,{},0.5656350053361793,85,962,407,True,31bba2c5129d38fbe085762a0010d37fa93a4e688622e6f502b211501b8e1fe6
150,validation_machine_bottleneck_2000008,0_0.2_0.8,0.0,0.2,0.8,True,False,completed,0.1477269927,0,6,"{""no_state_progress"": 6}",1.0,71,1099,176,True,97ce08310951b20b60fd944d0158e85d4ccb85c3881bf8041bd5e7defee15d49
150,validation_fatigue_bottleneck_2000011,0_0.2_0.8,0.0,0.2,0.8,True,False,completed,0.2950877637,0,0,{},0.5656350053361793,85,962,407,True,31bba2c5129d38fbe085762a0010d37fa93a4e688622e6f502b211501b8e1fe6
150,validation_machine_bottleneck_2000014,0_0.6_0.4,0.0,0.6,0.4,True,False,completed,0.1434240308,0,0,{},0.6271356783919598,85,1045,323,True,1445f8b07dfef17690c3d49dbd2af1931bd1836bba52e3ff8974a8924fa98504
150,validation_machine_bottleneck_2000014,0.2_0_0.8,0.2,0.0,0.8,True,False,completed,0.1484250057,0,2,"{""no_state_progress"": 2}",1.0,95,1045,395,True,270ca385aa7e67bda9a51165163709189fa202fbcc6576836811aa93e37534c0
150,validation_machine_bottleneck_2000014,0.2_0.2_0.6,0.2,0.2,0.6,True,False,completed,0.1484250057,0,2,"{""no_state_progress"": 2}",1.0,95,1045,395,True,270ca385aa7e67bda9a51165163709189fa202fbcc6576836811aa93e37534c0
150,validation_machine_bottleneck_2000014,0.2_0.4_0.4,0.2,0.4,0.4,True,False,completed,0.1484250057,0,0,{},0.5292598967297762,95,1045,415,True,ec16fa39763e955b1f185e9074f824f34f39c924f0fc29373f4455e1209814f5
150,validation_machine_bottleneck_2000014,0.2_0.6_0.2,0.2,0.6,0.2,True,False,completed,0.1484250057,0,0,{},0.5292598967297762,62,1045,449,True,d1f8530d93277cbab5af468231e8b42c57fded34abf23c691debfb23efd5d207
150,validation_machine_bottleneck_2000014,0.2_0.8_0,0.2,0.8,0.0,True,False,completed,0.1484250057,0,0,{},0.5292598967297762,62,1045,449,True,d1f8530d93277cbab5af468231e8b42c57fded34abf23c691debfb23efd5d207
155,validation_machine_bottleneck_2000008,0_0_1,0.0,0.0,1.0,True,False,completed,0.1477269927,0,6,"{""no_state_progress"": 6}",1.0,75,1099,167,True,5dce0364c8817b09003dd3b95e1d95e8eb9bcf4bb0767c143f9342cf8f6b85a3
155,validation_fatigue_bottleneck_2000011,0_0_1,0.0,0.0,1.0,True,False,completed,0.2950877637,0,0,{},0.5656350053361793,85,962,407,True,31bba2c5129d38fbe085762a0010d37fa93a4e688622e6f502b211501b8e1fe6
155,validation_machine_bottleneck_2000008,0_0.2_0.8,0.0,0.2,0.8,True,False,completed,0.1477269927,0,6,"{""no_state_progress"": 6}",1.0,71,1099,176,True,97ce08310951b20b60fd944d0158e85d4ccb85c3881bf8041bd5e7defee15d49
155,validation_fatigue_bottleneck_2000011,0_0.2_0.8,0.0,0.2,0.8,True,False,completed,0.2950877637,0,0,{},0.5656350053361793,85,962,407,True,31bba2c5129d38fbe085762a0010d37fa93a4e688622e6f502b211501b8e1fe6
155,validation_machine_bottleneck_2000014,0_0.6_0.4,0.0,0.6,0.4,True,False,completed,0.1434240308,0,0,{},0.6271356783919598,85,1045,323,True,1445f8b07dfef17690c3d49dbd2af1931bd1836bba52e3ff8974a8924fa98504
155,validation_machine_bottleneck_2000014,0.2_0_0.8,0.2,0.0,0.8,True,False,completed,0.1484250057,0,2,"{""no_state_progress"": 2}",1.0,95,1045,395,True,270ca385aa7e67bda9a51165163709189fa202fbcc6576836811aa93e37534c0
155,validation_machine_bottleneck_2000014,0.2_0.2_0.6,0.2,0.2,0.6,True,False,completed,0.1484250057,0,2,"{""no_state_progress"": 2}",1.0,95,1045,395,True,270ca385aa7e67bda9a51165163709189fa202fbcc6576836811aa93e37534c0
155,validation_machine_bottleneck_2000014,0.2_0.4_0.4,0.2,0.4,0.4,True,False,completed,0.1484250057,0,0,{},0.5292598967297762,95,1045,415,True,ec16fa39763e955b1f185e9074f824f34f39c924f0fc29373f4455e1209814f5
155,validation_machine_bottleneck_2000014,0.2_0.6_0.2,0.2,0.6,0.2,True,False,completed,0.1484250057,0,0,{},0.5292598967297762,62,1045,449,True,d1f8530d93277cbab5af468231e8b42c57fded34abf23c691debfb23efd5d207
155,validation_machine_bottleneck_2000014,0.2_0.8_0,0.2,0.8,0.0,True,False,completed,0.1484250057,0,0,{},0.5292598967297762,62,1045,449,True,d1f8530d93277cbab5af468231e8b42c57fded34abf23c691debfb23efd5d207
160,validation_machine_bottleneck_2000008,0_0_1,0.0,0.0,1.0,True,False,completed,0.1477269927,0,6,"{""no_state_progress"": 6}",1.0,71,1099,176,True,97ce08310951b20b60fd944d0158e85d4ccb85c3881bf8041bd5e7defee15d49
160,validation_fatigue_bottleneck_2000011,0_0_1,0.0,0.0,1.0,True,False,completed,0.32328776369999995,0,2,"{""no_state_progress"": 2}",1.0,79,962,389,True,eb1cf9928b3d25af4d81c5b1b04f19732fe1463a451fd6080eeda444d6e2f91e
160,validation_machine_bottleneck_2000008,0_0.2_0.8,0.0,0.2,0.8,True,False,completed,0.1477269927,0,6,"{""no_state_progress"": 6}",1.0,71,1099,176,True,97ce08310951b20b60fd944d0158e85d4ccb85c3881bf8041bd5e7defee15d49
160,validation_fatigue_bottleneck_2000011,0_0.2_0.8,0.0,0.2,0.8,True,False,completed,0.2950877637,0,0,{},0.5152963671128107,85,962,381,True,c529bab838c94f3500d9d7196f77425605ff26c24d6ebf1989436e3f98dc56f7
160,validation_machine_bottleneck_2000014,0_0.6_0.4,0.0,0.6,0.4,True,False,completed,0.1434240308,0,0,{},0.6271356783919598,85,1045,323,True,1445f8b07dfef17690c3d49dbd2af1931bd1836bba52e3ff8974a8924fa98504
160,validation_machine_bottleneck_2000014,0.2_0_0.8,0.2,0.0,0.8,True,False,completed,0.1484250057,0,2,"{""no_state_progress"": 2}",1.0,95,1045,395,True,270ca385aa7e67bda9a51165163709189fa202fbcc6576836811aa93e37534c0
160,validation_machine_bottleneck_2000014,0.2_0.2_0.6,0.2,0.2,0.6,True,False,completed,0.1484250057,0,2,"{""no_state_progress"": 2}",1.0,95,1045,395,True,270ca385aa7e67bda9a51165163709189fa202fbcc6576836811aa93e37534c0
160,validation_machine_bottleneck_2000014,0.2_0.4_0.4,0.2,0.4,0.4,True,False,completed,0.1484250057,0,0,{},0.5292598967297762,95,1045,415,True,ec16fa39763e955b1f185e9074f824f34f39c924f0fc29373f4455e1209814f5
160,validation_machine_bottleneck_2000014,0.2_0.6_0.2,0.2,0.6,0.2,True,False,completed,0.1484250057,0,0,{},0.5292598967297762,62,1045,449,True,d1f8530d93277cbab5af468231e8b42c57fded34abf23c691debfb23efd5d207
160,validation_machine_bottleneck_2000014,0.2_0.8_0,0.2,0.8,0.0,True,False,completed,0.1484250057,0,0,{},0.5292598967297762,62,1045,449,True,d1f8530d93277cbab5af468231e8b42c57fded34abf23c691debfb23efd5d207
165,validation_machine_bottleneck_2000008,0_0_1,0.0,0.0,1.0,True,False,completed,0.1477269927,0,4,"{""no_state_progress"": 4}",1.0,71,1099,189,True,6a1123d68145f80c1c4d0704d68a7cfcdc4c9b1009100004edd6521cacdac05a
165,validation_fatigue_bottleneck_2000011,0_0_1,0.0,0.0,1.0,True,False,completed,0.2950877637,0,0,{},0.5656350053361793,85,962,407,True,31bba2c5129d38fbe085762a0010d37fa93a4e688622e6f502b211501b8e1fe6
165,validation_machine_bottleneck_2000008,0_0.2_0.8,0.0,0.2,0.8,True,False,completed,0.1477269927,0,6,"{""no_state_progress"": 6}",1.0,71,1099,233,True,44209f5a39aca4a6d36dc4cf583580224bbc2716ea6790f066c8f019ceca5474
165,validation_fatigue_bottleneck_2000011,0_0.2_0.8,0.0,0.2,0.8,True,False,completed,0.2883700129,0,2,"{""no_state_progress"": 2}",1.0,99,962,405,True,bd5c66cd1aa32d1a16ee546655823928115047de66641e230287d6fcf53b1d26
165,validation_machine_bottleneck_2000014,0_0.6_0.4,0.0,0.6,0.4,True,False,completed,0.1434240308,0,0,{},0.6271356783919598,85,1045,323,True,1445f8b07dfef17690c3d49dbd2af1931bd1836bba52e3ff8974a8924fa98504
165,validation_machine_bottleneck_2000014,0.2_0_0.8,0.2,0.0,0.8,True,False,completed,0.1484250057,0,2,"{""no_state_progress"": 2}",1.0,95,1045,395,True,270ca385aa7e67bda9a51165163709189fa202fbcc6576836811aa93e37534c0
165,validation_machine_bottleneck_2000014,0.2_0.2_0.6,0.2,0.2,0.6,True,False,completed,0.1484250057,0,2,"{""no_state_progress"": 2}",1.0,95,1045,395,True,270ca385aa7e67bda9a51165163709189fa202fbcc6576836811aa93e37534c0
165,validation_machine_bottleneck_2000014,0.2_0.4_0.4,0.2,0.4,0.4,True,False,completed,0.1484250057,0,2,"{""no_state_progress"": 2}",1.0,95,1045,395,True,270ca385aa7e67bda9a51165163709189fa202fbcc6576836811aa93e37534c0
165,validation_machine_bottleneck_2000014,0.2_0.6_0.2,0.2,0.6,0.2,True,False,completed,0.1484250057,0,0,{},0.5292598967297762,95,1045,415,True,ec16fa39763e955b1f185e9074f824f34f39c924f0fc29373f4455e1209814f5
165,validation_machine_bottleneck_2000014,0.2_0.8_0,0.2,0.8,0.0,True,False,completed,0.1484250057,0,0,{},0.5645161290322581,87,1045,365,True,f93f6f500398f59880841b464320928de4b6d70b51ff126922e4d26452af6b7a
170,validation_machine_bottleneck_2000008,0_0_1,0.0,0.0,1.0,True,False,completed,0.1477269927,0,2,"{""no_state_progress"": 2}",1.0,108,1099,146,True,5226bdd91adbf4b4a68736ad01306933bdea264204c90f48bee5228db2d6bedd
170,validation_fatigue_bottleneck_2000011,0_0_1,0.0,0.0,1.0,True,False,completed,0.2883700129,0,0,{},0.5090047393364929,65,962,439,True,b27916eed0c60e13481ed59a771d307cf3a07f5ebe518799935c238658b78cb0
170,validation_machine_bottleneck_2000008,0_0.2_0.8,0.0,0.2,0.8,True,False,completed,0.1477269927,0,2,"{""no_state_progress"": 2}",1.0,120,1099,161,True,50716439d63acbe8ae44a35b8e481234bd1e83a64ab060f0a2370782886718e4
170,validation_fatigue_bottleneck_2000011,0_0.2_0.8,0.0,0.2,0.8,True,False,completed,0.2883700129,0,2,"{""no_state_progress"": 2}",1.0,88,962,413,True,623a63357a5dfcc6e3234c11c940d0d13be2518d9d7e9a7bb7853a3077ef5dc4
170,validation_machine_bottleneck_2000014,0_0.6_0.4,0.0,0.6,0.4,True,False,completed,0.1434240308,0,0,{},0.5511669658886894,78,1045,430,True,47ef4c1f7389925707f271220677ff15bf8a27e0f809e21e60be735f958662ed
170,validation_machine_bottleneck_2000014,0.2_0_0.8,0.2,0.0,0.8,True,False,completed,0.1484250057,0,2,"{""no_state_progress"": 2}",1.0,95,1045,395,True,270ca385aa7e67bda9a51165163709189fa202fbcc6576836811aa93e37534c0
170,validation_machine_bottleneck_2000014,0.2_0.2_0.6,0.2,0.2,0.6,True,False,completed,0.1484250057,0,2,"{""no_state_progress"": 2}",1.0,95,1045,395,True,270ca385aa7e67bda9a51165163709189fa202fbcc6576836811aa93e37534c0
170,validation_machine_bottleneck_2000014,0.2_0.4_0.4,0.2,0.4,0.4,True,False,completed,0.1484250057,0,0,{},0.5645161290322581,87,1045,365,True,f93f6f500398f59880841b464320928de4b6d70b51ff126922e4d26452af6b7a
170,validation_machine_bottleneck_2000014,0.2_0.6_0.2,0.2,0.6,0.2,True,False,completed,0.1484250057,0,0,{},0.5645161290322581,87,1045,365,True,f93f6f500398f59880841b464320928de4b6d70b51ff126922e4d26452af6b7a
170,validation_machine_bottleneck_2000014,0.2_0.8_0,0.2,0.8,0.0,True,False,completed,0.1484250057,0,0,{},0.5645161290322581,87,1045,365,True,f93f6f500398f59880841b464320928de4b6d70b51ff126922e4d26452af6b7a
175,validation_machine_bottleneck_2000008,0_0_1,0.0,0.0,1.0,True,False,completed,0.1477269927,0,2,"{""no_state_progress"": 2}",1.0,83,1099,206,True,48d749771010e8f10e37aa606d42f84af862af1e7fa55bfd598ba8532e1b1f5d
175,validation_fatigue_bottleneck_2000011,0_0_1,0.0,0.0,1.0,True,False,completed,0.2883700129,0,0,{},0.5013574660633484,70,962,538,True,2abe032ce8b15ebba685d6648e4e55020c1349ff56552026d9cf236560b5a44c
175,validation_machine_bottleneck_2000008,0_0.2_0.8,0.0,0.2,0.8,True,False,completed,0.1477269927,0,2,"{""no_state_progress"": 2}",1.0,83,1099,206,True,48d749771010e8f10e37aa606d42f84af862af1e7fa55bfd598ba8532e1b1f5d
175,validation_fatigue_bottleneck_2000011,0_0.2_0.8,0.0,0.2,0.8,True,False,completed,0.2883700129,0,0,{},0.5013574660633484,70,962,538,True,2abe032ce8b15ebba685d6648e4e55020c1349ff56552026d9cf236560b5a44c
175,validation_machine_bottleneck_2000014,0_0.6_0.4,0.0,0.6,0.4,True,False,completed,0.1434240308,0,0,{},0.6271356783919598,85,1045,323,True,3198b82273eab85fd60278889795e4b1e636b1ca7077ea4f644e6966cde6c78a
175,validation_machine_bottleneck_2000014,0.2_0_0.8,0.2,0.0,0.8,True,False,completed,0.1484250057,0,2,"{""no_state_progress"": 2}",1.0,95,1045,395,True,270ca385aa7e67bda9a51165163709189fa202fbcc6576836811aa93e37534c0
175,validation_machine_bottleneck_2000014,0.2_0.2_0.6,0.2,0.2,0.6,True,False,completed,0.1484250057,0,0,{},0.5645161290322581,87,1045,365,True,f93f6f500398f59880841b464320928de4b6d70b51ff126922e4d26452af6b7a
175,validation_machine_bottleneck_2000014,0.2_0.4_0.4,0.2,0.4,0.4,True,False,completed,0.1484250057,0,0,{},0.5645161290322581,87,1045,365,True,f93f6f500398f59880841b464320928de4b6d70b51ff126922e4d26452af6b7a
175,validation_machine_bottleneck_2000014,0.2_0.6_0.2,0.2,0.6,0.2,True,False,completed,0.1484250057,0,0,{},0.5645161290322581,87,1045,365,True,f93f6f500398f59880841b464320928de4b6d70b51ff126922e4d26452af6b7a
175,validation_machine_bottleneck_2000014,0.2_0.8_0,0.2,0.8,0.0,True,False,completed,0.1484250057,0,0,{},0.5645161290322581,87,1045,365,True,f93f6f500398f59880841b464320928de4b6d70b51ff126922e4d26452af6b7a
180,validation_machine_bottleneck_2000008,0_0_1,0.0,0.0,1.0,True,False,completed,0.1477269927,0,2,"{""no_state_progress"": 2}",1.0,83,1099,206,True,48d749771010e8f10e37aa606d42f84af862af1e7fa55bfd598ba8532e1b1f5d
180,validation_fatigue_bottleneck_2000011,0_0_1,0.0,0.0,1.0,True,False,completed,0.2883700129,0,0,{},0.5013574660633484,70,962,538,True,2abe032ce8b15ebba685d6648e4e55020c1349ff56552026d9cf236560b5a44c
180,validation_machine_bottleneck_2000008,0_0.2_0.8,0.0,0.2,0.8,True,False,completed,0.1477269927,0,2,"{""no_state_progress"": 2}",1.0,83,1099,206,True,48d749771010e8f10e37aa606d42f84af862af1e7fa55bfd598ba8532e1b1f5d
180,validation_fatigue_bottleneck_2000011,0_0.2_0.8,0.0,0.2,0.8,True,False,completed,0.2883700129,0,0,{},0.5013574660633484,70,962,538,True,09be895d6fa6bf222f7e5aaac413bdce2cc0da396144559f13428ee9e7a365ed
180,validation_machine_bottleneck_2000014,0_0.6_0.4,0.0,0.6,0.4,True,False,completed,0.1434240308,0,0,{},0.5511669658886894,78,1045,430,True,47ef4c1f7389925707f271220677ff15bf8a27e0f809e21e60be735f958662ed
180,validation_machine_bottleneck_2000014,0.2_0_0.8,0.2,0.0,0.8,True,False,completed,0.1484250057,0,2,"{""no_state_progress"": 2}",1.0,95,1045,395,True,270ca385aa7e67bda9a51165163709189fa202fbcc6576836811aa93e37534c0
180,validation_machine_bottleneck_2000014,0.2_0.2_0.6,0.2,0.2,0.6,True,False,completed,0.1484250057,0,0,{},0.5645161290322581,87,1045,365,True,f93f6f500398f59880841b464320928de4b6d70b51ff126922e4d26452af6b7a
180,validation_machine_bottleneck_2000014,0.2_0.4_0.4,0.2,0.4,0.4,True,False,completed,0.1484250057,0,0,{},0.5645161290322581,87,1045,365,True,f93f6f500398f59880841b464320928de4b6d70b51ff126922e4d26452af6b7a
180,validation_machine_bottleneck_2000014,0.2_0.6_0.2,0.2,0.6,0.2,True,False,completed,0.1484250057,0,0,{},0.5645161290322581,87,1045,365,True,f93f6f500398f59880841b464320928de4b6d70b51ff126922e4d26452af6b7a
180,validation_machine_bottleneck_2000014,0.2_0.8_0,0.2,0.8,0.0,True,False,completed,0.1484250057,0,0,{},0.5645161290322581,87,1045,365,True,f93f6f500398f59880841b464320928de4b6d70b51ff126922e4d26452af6b7a
185,validation_machine_bottleneck_2000008,0_0_1,0.0,0.0,1.0,True,False,completed,0.1477269927,0,2,"{""no_state_progress"": 2}",1.0,83,1099,206,True,48d749771010e8f10e37aa606d42f84af862af1e7fa55bfd598ba8532e1b1f5d
185,validation_fatigue_bottleneck_2000011,0_0_1,0.0,0.0,1.0,True,False,completed,0.2883700129,0,0,{},0.5013574660633484,70,962,538,True,09be895d6fa6bf222f7e5aaac413bdce2cc0da396144559f13428ee9e7a365ed
185,validation_machine_bottleneck_2000008,0_0.2_0.8,0.0,0.2,0.8,True,False,completed,0.1477269927,0,2,"{""no_state_progress"": 2}",1.0,83,1099,206,True,48d749771010e8f10e37aa606d42f84af862af1e7fa55bfd598ba8532e1b1f5d
185,validation_fatigue_bottleneck_2000011,0_0.2_0.8,0.0,0.2,0.8,True,False,completed,0.2883700129,0,0,{},0.5013574660633484,70,962,538,True,09be895d6fa6bf222f7e5aaac413bdce2cc0da396144559f13428ee9e7a365ed
185,validation_machine_bottleneck_2000014,0_0.6_0.4,0.0,0.6,0.4,True,False,completed,0.14350000000000004,0,0,{},0.5582222222222222,74,1045,475,True,4f095288dab2f25ae34deaaaac9b41a20777e4cddea26dd10a34135caca296dc
185,validation_machine_bottleneck_2000014,0.2_0_0.8,0.2,0.0,0.8,True,False,completed,0.1484250057,0,0,{},0.5645161290322581,87,1045,365,True,f93f6f500398f59880841b464320928de4b6d70b51ff126922e4d26452af6b7a
185,validation_machine_bottleneck_2000014,0.2_0.2_0.6,0.2,0.2,0.6,True,False,completed,0.1484250057,0,0,{},0.5645161290322581,87,1045,365,True,f93f6f500398f59880841b464320928de4b6d70b51ff126922e4d26452af6b7a
185,validation_machine_bottleneck_2000014,0.2_0.4_0.4,0.2,0.4,0.4,True,False,completed,0.1484250057,0,0,{},0.5280289330922242,46,1045,473,True,fc5906d5c96b427faab282a09736a3f809499e3dcac14fab4c77389578e2b21c
185,validation_machine_bottleneck_2000014,0.2_0.6_0.2,0.2,0.6,0.2,True,False,completed,0.1484250057,0,0,{},0.5280289330922242,46,1045,473,True,fc5906d5c96b427faab282a09736a3f809499e3dcac14fab4c77389578e2b21c
185,validation_machine_bottleneck_2000014,0.2_0.8_0,0.2,0.8,0.0,True,False,completed,0.1484250057,0,0,{},0.5528888888888889,71,1045,467,True,8e3ca9acfa451892c2643b28fc7abe51504a82bdeb118c2765c6f70deef5bddc
190,validation_machine_bottleneck_2000008,0_0_1,0.0,0.0,1.0,True,False,completed,0.1477269927,0,2,"{""no_state_progress"": 2}",1.0,83,1099,206,True,5d52eace381f49fee0f858d4f256ddfe8cedadc7b1517e3ba6771289b9d7e965
190,validation_fatigue_bottleneck_2000011,0_0_1,0.0,0.0,1.0,True,False,completed,0.2883700129,0,0,{},0.5013574660633484,70,962,538,True,2abe032ce8b15ebba685d6648e4e55020c1349ff56552026d9cf236560b5a44c
190,validation_machine_bottleneck_2000008,0_0.2_0.8,0.0,0.2,0.8,True,False,completed,0.1477269927,0,2,"{""no_state_progress"": 2}",1.0,83,1099,206,True,58f7f24c7a300034319d946f9fa9d3cef7fd45ad64c7d10af2ead0fbc14504ea
190,validation_fatigue_bottleneck_2000011,0_0.2_0.8,0.0,0.2,0.8,True,False,completed,0.2883700129,0,0,{},0.5156695156695157,66,962,482,True,701e0537920e138d45c90b2d25b9ff4df030747d6d4ab6cab61ae95c59bee0a4
190,validation_machine_bottleneck_2000014,0_0.6_0.4,0.0,0.6,0.4,True,False,completed,0.1434240308,0,4,"{""no_state_progress"": 4}",1.0,109,1045,128,True,5b26a0e54a75079ef7b0bd764c598fdd221531896b61155c8d11a881bde5cd9a
190,validation_machine_bottleneck_2000014,0.2_0_0.8,0.2,0.0,0.8,True,False,completed,0.1484250057,0,2,"{""no_state_progress"": 2}",1.0,95,1045,395,True,270ca385aa7e67bda9a51165163709189fa202fbcc6576836811aa93e37534c0
190,validation_machine_bottleneck_2000014,0.2_0.2_0.6,0.2,0.2,0.6,True,False,completed,0.1484250057,0,2,"{""no_state_progress"": 2}",1.0,95,1045,395,True,270ca385aa7e67bda9a51165163709189fa202fbcc6576836811aa93e37534c0
190,validation_machine_bottleneck_2000014,0.2_0.4_0.4,0.2,0.4,0.4,True,False,completed,0.1484250057,0,0,{},0.5645161290322581,87,1045,365,True,f93f6f500398f59880841b464320928de4b6d70b51ff126922e4d26452af6b7a
190,validation_machine_bottleneck_2000014,0.2_0.6_0.2,0.2,0.6,0.2,True,False,completed,0.1484250057,0,0,{},0.5645161290322581,87,1045,365,True,f93f6f500398f59880841b464320928de4b6d70b51ff126922e4d26452af6b7a
190,validation_machine_bottleneck_2000014,0.2_0.8_0,0.2,0.8,0.0,True,False,completed,0.1484250057,0,2,"{""no_state_progress"": 2}",1.0,59,1045,452,True,7e6426039d879c1137666737c4e4fae0a55a39fcd370dfa06fa6c3f71d93c4cd
195,validation_machine_bottleneck_2000008,0_0_1,0.0,0.0,1.0,True,False,completed,0.1477269927,0,2,"{""no_state_progress"": 2}",1.0,83,1099,206,True,48d749771010e8f10e37aa606d42f84af862af1e7fa55bfd598ba8532e1b1f5d
195,validation_fatigue_bottleneck_2000011,0_0_1,0.0,0.0,1.0,True,False,completed,0.2883700129,0,0,{},0.5013574660633484,70,962,538,True,09be895d6fa6bf222f7e5aaac413bdce2cc0da396144559f13428ee9e7a365ed
195,validation_machine_bottleneck_2000008,0_0.2_0.8,0.0,0.2,0.8,True,False,completed,0.1477269927,0,2,"{""no_state_progress"": 2}",1.0,83,1099,206,True,48d749771010e8f10e37aa606d42f84af862af1e7fa55bfd598ba8532e1b1f5d
195,validation_fatigue_bottleneck_2000011,0_0.2_0.8,0.0,0.2,0.8,True,False,completed,0.2883700129,0,0,{},0.5013574660633484,70,962,538,True,09be895d6fa6bf222f7e5aaac413bdce2cc0da396144559f13428ee9e7a365ed
195,validation_machine_bottleneck_2000014,0_0.6_0.4,0.0,0.6,0.4,True,False,completed,0.14350000000000004,0,0,{},0.5582222222222222,100,1045,423,True,d163b67f60eac2bda5df885419cbcfcf1a661bb78a41603ae0dd1db7c9745114
195,validation_machine_bottleneck_2000014,0.2_0_0.8,0.2,0.0,0.8,True,False,completed,0.1484250057,0,2,"{""no_state_progress"": 2}",1.0,95,1045,395,True,270ca385aa7e67bda9a51165163709189fa202fbcc6576836811aa93e37534c0
195,validation_machine_bottleneck_2000014,0.2_0.2_0.6,0.2,0.2,0.6,True,False,completed,0.1484250057,0,0,{},0.5645161290322581,87,1045,365,True,f93f6f500398f59880841b464320928de4b6d70b51ff126922e4d26452af6b7a
195,validation_machine_bottleneck_2000014,0.2_0.4_0.4,0.2,0.4,0.4,True,False,completed,0.1484250057,0,0,{},0.5280289330922242,46,1045,473,True,fc5906d5c96b427faab282a09736a3f809499e3dcac14fab4c77389578e2b21c
195,validation_machine_bottleneck_2000014,0.2_0.6_0.2,0.2,0.6,0.2,True,False,completed,0.1484250057,0,0,{},0.5280289330922242,46,1045,473,True,fc5906d5c96b427faab282a09736a3f809499e3dcac14fab4c77389578e2b21c
195,validation_machine_bottleneck_2000014,0.2_0.8_0,0.2,0.8,0.0,True,False,completed,0.1484250057,0,2,"{""no_state_progress"": 2}",1.0,102,1045,437,True,2c652b7ebdffed6d7f4c65e10c215e90142c9cdaf28cb0870ad7f98f36c3bd84
200,validation_machine_bottleneck_2000008,0_0_1,0.0,0.0,1.0,True,False,completed,0.1477269927,0,4,"{""no_state_progress"": 4}",1.0,71,1099,189,True,6a1123d68145f80c1c4d0704d68a7cfcdc4c9b1009100004edd6521cacdac05a
200,validation_fatigue_bottleneck_2000011,0_0_1,0.0,0.0,1.0,True,False,completed,0.2883700129,0,2,"{""no_state_progress"": 2}",1.0,88,962,413,True,623a63357a5dfcc6e3234c11c940d0d13be2518d9d7e9a7bb7853a3077ef5dc4
200,validation_machine_bottleneck_2000008,0_0.2_0.8,0.0,0.2,0.8,True,False,completed,0.1477269927,0,2,"{""no_state_progress"": 2}",1.0,120,1099,161,True,50716439d63acbe8ae44a35b8e481234bd1e83a64ab060f0a2370782886718e4
200,validation_fatigue_bottleneck_2000011,0_0.2_0.8,0.0,0.2,0.8,True,False,completed,0.2883700129,0,2,"{""no_state_progress"": 2}",1.0,99,962,405,True,bd5c66cd1aa32d1a16ee546655823928115047de66641e230287d6fcf53b1d26
200,validation_machine_bottleneck_2000014,0_0.6_0.4,0.0,0.6,0.4,True,False,completed,0.1434240308,0,0,{},0.5511669658886894,78,1045,430,True,47ef4c1f7389925707f271220677ff15bf8a27e0f809e21e60be735f958662ed
200,validation_machine_bottleneck_2000014,0.2_0_0.8,0.2,0.0,0.8,True,False,completed,0.1484250057,0,2,"{""no_state_progress"": 2}",1.0,95,1045,395,True,270ca385aa7e67bda9a51165163709189fa202fbcc6576836811aa93e37534c0
200,validation_machine_bottleneck_2000014,0.2_0.2_0.6,0.2,0.2,0.6,True,False,completed,0.1484250057,0,2,"{""no_state_progress"": 2}",1.0,95,1045,395,True,270ca385aa7e67bda9a51165163709189fa202fbcc6576836811aa93e37534c0
200,validation_machine_bottleneck_2000014,0.2_0.4_0.4,0.2,0.4,0.4,True,False,completed,0.1484250057,0,0,{},0.5292598967297762,95,1045,415,True,ec16fa39763e955b1f185e9074f824f34f39c924f0fc29373f4455e1209814f5
200,validation_machine_bottleneck_2000014,0.2_0.6_0.2,0.2,0.6,0.2,True,False,completed,0.1484250057,0,0,{},0.5645161290322581,87,1045,365,True,f93f6f500398f59880841b464320928de4b6d70b51ff126922e4d26452af6b7a
200,validation_machine_bottleneck_2000014,0.2_0.8_0,0.2,0.8,0.0,True,False,completed,0.1484250057,0,0,{},0.5645161290322581,87,1045,365,True,f93f6f500398f59880841b464320928de4b6d70b51ff126922e4d26452af6b7a
