"item","value","status"
"cleanup_date","2026-10-03","complete"
"deleted_result_files","1723","complete"
"deleted_result_bytes","14150969960","complete"
"deleted_checkpoints","670","complete"
"retained_original_csv_files","745","sha256_verified"
"retained_original_csv_bytes","495933027","sha256_verified"
"runs_summary_rows","199","complete"
"remaining_result_source_modules","8","retained"
"removed_historical_test_files","2","current_checks_migrated"
"removed_historical_baseline_files","4","complete"
"blocked_directories","0","resolved"
"test_cases_collected","293","complete"
"full_suite_initial_passed","287","complete"
"full_suite_initial_failed","3","resolved_after_recheck"
"test_cases_skipped","3","historical_archive_and_slow_tests"
"failed_case_recheck_passed","3","complete"
"validated_test_cases_total","290","full_suite_plus_recheck"
"updated_stale_penalty_assertions","2","configuration_based"
"temporary_path_length_issue","260_chars","resolved_with_shorter_path"
"acl_change_approval","user_authorized","completed_in_administrator_process"
"previously_restricted_directories","17","cleaned_csv_retained"
"previously_restricted_directory_bytes","599103391","measured"
"additional_deleted_files","255","complete"
"additional_deleted_bytes","599020174","complete"
"additional_retained_csv_files","24","sha256_verified"
