"path","bytes","sha256"
"C:\Users\chenz\Desktop\fatigue_aware_reconfigurable_assembly_scheduling\result\audits\merge_main_20260929\test_episode_csv_row_reconstru0\episodes.csv","1056","ae4458ad7b18e5cd963540f04fd77bbb4a49bd1de8620e49f87837dc4a619c87"
"C:\Users\chenz\Desktop\fatigue_aware_reconfigurable_assembly_scheduling\result\audits\merge_main_20260929\test_evaluation_writes_complet0\reconfigurations.csv","1863","8471311d616b030ccede3eb8b4f1b6b310da9585accfe7b89f764635eaf5ca6a"
"C:\Users\chenz\Desktop\fatigue_aware_reconfigurable_assembly_scheduling\result\audits\merge_main_20260929\test_evaluation_writes_complet0\schedule.csv","3129","042f514bb8c061f5956ce92f36523a4aa52a86551f5b3a91573acb88492231df"
"C:\Users\chenz\Desktop\fatigue_aware_reconfigurable_assembly_scheduling\result\audits\merge_main_20260929\test_fixed_validation_evaluati0\instance_metrics.csv","6875","019c2b811b6b694bdb21b9c5194d870d05a289f4d297eaf97d469a464105d683"
"C:\Users\chenz\Desktop\fatigue_aware_reconfigurable_assembly_scheduling\result\audits\merge_main_20260929\test_fixed_validation_evaluati0\reconfigurations.csv","8693","ffad06a5013daf7669c94465efb0b192850556e040d169b01c52653777b9bf0b"
"C:\Users\chenz\Desktop\fatigue_aware_reconfigurable_assembly_scheduling\result\audits\merge_main_20260929\test_fixed_validation_evaluati0\schedule.csv","12786","92e67c3a81b192ef684a9ee15b6ed804473f064e61cb12aa46e1f0c5cf1cd553"
"C:\Users\chenz\Desktop\fatigue_aware_reconfigurable_assembly_scheduling\result\audits\merge_main_20260929\test_analysis_filters_invalid_0\audit\instance_metrics.csv","2436","3ba51d2c4004c6450979ee93f1b9c4566f4778739725eac6f4a0cff7d98a926d"
"C:\Users\chenz\Desktop\fatigue_aware_reconfigurable_assembly_scheduling\result\audits\merge_main_20260929\test_analysis_filters_invalid_0\out\aggregate_candidates.csv","1232","69ef3467d09048a26e80fbe57f11e0f47093109b6beeafc39c53f5ec43775860"
"C:\Users\chenz\Desktop\fatigue_aware_reconfigurable_assembly_scheduling\result\audits\merge_main_20260929\test_analysis_filters_invalid_0\out\candidates.csv","4623","290e23fe5ddd845c3debef4b3fcc152c4d51a91da79dc571f0723f50a668df0e"
"C:\Users\chenz\Desktop\fatigue_aware_reconfigurable_assembly_scheduling\result\audits\merge_main_20260929\test_analysis_filters_invalid_0\out\instance_summary.csv","917","a31d4b511dfd9a4bdbe0674a6151d04e9dfe2a417dcaeb94bdce135b68f9bd88"
"C:\Users\chenz\Desktop\fatigue_aware_reconfigurable_assembly_scheduling\result\audits\merge_main_20260929\test_analysis_filters_invalid_0\out\pareto_front.csv","2327","a2beea7ef457a2d2fb0c113f9f23c9526aa0d1b2616e5511d920213bfffcce63"
"C:\Users\chenz\Desktop\fatigue_aware_reconfigurable_assembly_scheduling\result\audits\merge_main_20260929\test_analysis_rejects_manifest0\audit\instance_metrics.csv","2311","be0cf996ccfb7babd2c2dbea8baaabce513a3ae58fff6f5b1e6a87a081e5c598"
"C:\Users\chenz\Desktop\fatigue_aware_reconfigurable_assembly_scheduling\result\audits\merge_main_20260929\test_analysis_rejects_missing_0\audit\instance_metrics.csv","1796","e4b1b36ee8c2a8e3f409da55aa4652fdf4da3df4286e4e0a1894d5306676f4ef"
"C:\Users\chenz\Desktop\fatigue_aware_reconfigurable_assembly_scheduling\result\audits\merge_main_20260929\test_end_to_end_analysis_write0\audit\instance_metrics.csv","2311","be0cf996ccfb7babd2c2dbea8baaabce513a3ae58fff6f5b1e6a87a081e5c598"
"C:\Users\chenz\Desktop\fatigue_aware_reconfigurable_assembly_scheduling\result\audits\merge_main_20260929\test_end_to_end_analysis_write0\out\aggregate_candidates.csv","1232","69ef3467d09048a26e80fbe57f11e0f47093109b6beeafc39c53f5ec43775860"
"C:\Users\chenz\Desktop\fatigue_aware_reconfigurable_assembly_scheduling\result\audits\merge_main_20260929\test_end_to_end_analysis_write0\out\candidates.csv","4623","290e23fe5ddd845c3debef4b3fcc152c4d51a91da79dc571f0723f50a668df0e"
"C:\Users\chenz\Desktop\fatigue_aware_reconfigurable_assembly_scheduling\result\audits\merge_main_20260929\test_end_to_end_analysis_write0\out\instance_summary.csv","917","a31d4b511dfd9a4bdbe0674a6151d04e9dfe2a417dcaeb94bdce135b68f9bd88"
"C:\Users\chenz\Desktop\fatigue_aware_reconfigurable_assembly_scheduling\result\audits\merge_main_20260929\test_end_to_end_analysis_write0\out\pareto_front.csv","2327","a2beea7ef457a2d2fb0c113f9f23c9526aa0d1b2616e5511d920213bfffcce63"
"C:\Users\chenz\Desktop\fatigue_aware_reconfigurable_assembly_scheduling\result\audits\merge_main_20260929\test_update_budget_and_validat0\update_budget_smoke\final_sampled_instance_metrics.csv","5251","3e1dee3c0ef2203019e4e502a296932d5eddf0e404fc5260c307d1e30d432bc7"
"C:\Users\chenz\Desktop\fatigue_aware_reconfigurable_assembly_scheduling\result\audits\merge_main_20260929\test_update_budget_and_validat0\update_budget_smoke\sampled_validation_instance_metrics.csv","7594","21d5af5162770a395dae1ef61867d40e2bbfe7a423f1a3cc1a5364fa76243003"
"C:\Users\chenz\Desktop\fatigue_aware_reconfigurable_assembly_scheduling\result\audits\merge_main_20260929\test_update_budget_and_validat0\update_budget_smoke\train_log.csv","1926","338c6a18f21d1eff0f68cb3f2200f5c4c8bc31dc7f6b4102398809f6e3e237ba"
"C:\Users\chenz\Desktop\fatigue_aware_reconfigurable_assembly_scheduling\result\audits\merge_main_20260929\test_update_budget_and_validat0\update_budget_smoke\update_log.csv","5563","4dbf926c63861c518046ee21df36165c81cae8485f36655e0c6237436a6ad8a2"
"C:\Users\chenz\Desktop\fatigue_aware_reconfigurable_assembly_scheduling\result\audits\merge_main_20260929\test_update_budget_and_validat0\update_budget_smoke\validation_log.csv","1369","d68acee21030aace3d15c2a3fd479051319e2bb3440b61fd513043b76309af1d"
"C:\Users\chenz\Desktop\fatigue_aware_reconfigurable_assembly_scheduling\result\audits\merge_main_20260929\test_training_exception_traceb0\runs\failed_terminal_log\failure_partial.csv","60","bcafbf8ee2c6c39269d421acee2dce4709ca0ccb572f4db987747f1ad679e481"
