"directory","files","bytes","mib","extensions","checkpoint_files","retained_csv_files","deleted_files","deleted_bytes","status","error"
".pytest_tmp\graph_network_audit_20261001","1","4591905","4.379",".pt=1","1","0","1","4591905","removed",""
".pytest_tmp\legal_candidate_final_20261001","2","16558937","15.792",".pt=2","2","0","2","16558937","removed",""
".pytest_tmp\legal_candidate_initial_20261001","1","4591905","4.379",".pt=1","1","0","1","4591905","removed",""
".pytest_tmp\legal_candidate_regression_20261001","2","16558937","15.792",".pt=2","2","0","2","16558937","removed",""
".pytest_tmp\legal_candidate_scatter_20261001","2","16558937","15.792",".pt=2","2","0","2","16558937","removed",""
".pytest_tmp\penalty5_20260929","11","27361","0.026",".csv=3;.json=8","0","0","11","27361","removed",""
".pytest_tmp\time_context_initial_20261001","4","5793224","5.525",".pt=4","4","0","4","5793224","removed",""
".pytest_tmp\time_context_model_20261001","4","1195847","1.14",".csv=1;.pt=3","3","0","4","1195847","removed",""
".pytest_tmp\uniform_penalty5_20260929","9","9208662","8.782",".csv=1;.json=6;.pt=2","2","0","9","9208662","removed",""
".pytest_cache\p6-diagnosis-basetemp","14","3917052","3.736",".csv=3;.json=4;.pt=7","7","0","14","3917052","removed",""
".pytest_cache\p6-final-basetemp","119","382814654","365.081",".csv=26;.json=40;.log=1;.pt=52","52","0","119","382814654","removed",""
".pytest_cache\t6a","8","24239581","23.117",".json=2;.pt=6","6","0","8","24239581","removed",""
".pytest_cache\t6b","10","28839070","27.503",".csv=1;.json=2;.pt=7","7","0","10","28839070","removed",""
".pytest_cache\t6c","3","1194791","1.139",".pt=3","3","0","3","1194791","removed",""
".pytest_cache\t6d","3","1194791","1.139",".pt=3","3","0","3","1194791","removed",""
".pytest_cache\t6e","7","27644279","26.364",".csv=1;.json=2;.pt=4","4","0","7","27644279","removed",""
"result\audits\merge_main_20260929","79","54173458","51.664",".csv=24;.json=37;.jsonl=1;.log=4;.md=2;.pdf=2;.png=2;.pt=7","7","24","55","54090241","csv_retained",""
