run,experiment_name,objective_name,preference,seed,episodes,configured_episodes,reward_mode,terminal_failure_penalty,flow_scale,cost_scale,variance_scale,normalization_manifest_sha256,validation_dataset_manifest_sha256,elapsed_seconds,best_episode,best_validation_completion_rate,best_validation_quality,final_dataset,final_dataset_manifest_sha256,final_instance_count,final_sampled_completion_rate,final_sampled_quality,final_completed_mean_flow_time,final_completed_mean_cost,final_completed_mean_variance,summary_available
20260727_180749_train_parallel,fatigue_aware_reconfigurable_assembly_mvp,,,11,1000,1000,,,,,,,,,630,0.15,,,,,,,,,,True
20260730_041735_train_parallel,fatigue_aware_reconfigurable_assembly_mvp,,,11,2000,2000,hierarchical_constrained_v1,,,,,,,,,,,,,,,,,,,True
20260823_215521_train_parallel,v7_e2_7_e1_warmstart_safe_gate_v1,,,11,2000,2000,hierarchical_constrained_v1,,,,,,a06eeb9529928683c53debde1f8dcc313f45077e8d9bc8792eab7e3d808baf44,,,,,,,,,,,,,True
20260824_143355_train_smoke_parallel,v7_e2_7_e1_warmstart_safe_gate_v2,,,11,10,2000,hierarchical_constrained_v1,,,,,,deb8e8f4f9c6428bb2c9aa72b6000262de45c4733111f0558c1cf077e9d7de35,,,,,,,,,,,,,True
20260824_144709_train_smoke_parallel,v7_e2_7_e1_warmstart_safe_gate_v2,,,11,10,2000,hierarchical_constrained_v1,,,,,,deb8e8f4f9c6428bb2c9aa72b6000262de45c4733111f0558c1cf077e9d7de35,,,,,,,,,,,,,True
ablation_eval_neutral_flow_smoke_20260929,ablation_neutral_flow_seed11,,"[1.0,0.0,0.0]",11,,1000,single_stage_progress_quality_failure_v2,5.0,1200.0,1000.0,50.0,,,,,,,,,,,,,,,False
ablation_eval_old_flow_smoke_20260929,e1_single_flow_relative_worker_time,,"[1.0,0.0,0.0]",11,,1000,single_stage_progress_quality_failure_v2,5.0,1200.0,1000.0,50.0,,,,,,,,,,,,,,,False
ablation_smoke_neutral_cost_20260929_164255,ablation_neutral_cost_seed11,cost,"[0.0,1.0,0.0]",11,2,1000,single_stage_progress_quality_failure_v2,5.0,1200.0,1000.0,50.0,,e0ce378b914ff37a884c9468e6086674a9f6c0f4eac66dee3e1e6bda4ccadd12,45.8140300999803,2,1.0,0.5178164655010834,validation,,1,1.0,0.5118355008389602,1049.5,1048.4898056261807,106.45583333333337,True
ablation_smoke_neutral_flow_20260929_164202,ablation_neutral_flow_seed11,flow,"[1.0,0.0,0.0]",11,2,1000,single_stage_progress_quality_failure_v2,5.0,1200.0,1000.0,50.0,,e0ce378b914ff37a884c9468e6086674a9f6c0f4eac66dee3e1e6bda4ccadd12,52.12522760001593,2,1.0,0.4661209236108022,validation,,1,1.0,0.48489010989010983,1129.6000000000001,1339.4466953833105,69.34138888888889,True
ablation_smoke_neutral_variance_20260929_164736,ablation_neutral_variance_seed11,variance,"[0.0,0.0,1.0]",11,2,1000,single_stage_progress_quality_failure_v2,5.0,1200.0,1000.0,50.0,,e0ce378b914ff37a884c9468e6086674a9f6c0f4eac66dee3e1e6bda4ccadd12,45.76498919998994,2,1.0,0.7394449888757486,validation,,1,1.0,0.6697738501250273,1032.3,1000.325144974,101.4113888888889,True
ablation_smoke_no_graph_20260929_163345,ablation_no_graph_seed11,,"[0.3333333333333333,0.3333333333333333,0.3333333333333334]",11,2,2000,single_stage_progress_quality_failure_v2,5.0,1152.2093959731544,386.674652792805,4.937746913580247,23d85a70311feed66d679dd7e5a51b055a76984584350dd9fbbf0fc29554557b,e0ce378b914ff37a884c9468e6086674a9f6c0f4eac66dee3e1e6bda4ccadd12,57.05639789998531,2,0.0,inf,validation,,1,1.0,0.7439640893528691,1085.7,1284.2474742717004,123.69222222222221,True
ablation_smoke_shared_head_20260929_163442,ablation_shared_head_seed11,,"[0.3333333333333333,0.3333333333333333,0.3333333333333334]",11,2,2000,single_stage_progress_quality_failure_v2,5.0,1152.2093959731544,386.674652792805,4.937746913580247,23d85a70311feed66d679dd7e5a51b055a76984584350dd9fbbf0fc29554557b,e0ce378b914ff37a884c9468e6086674a9f6c0f4eac66dee3e1e6bda4ccadd12,67.94504319998669,2,0.0,inf,validation,,1,1.0,0.7314248415320718,1088.2666666666669,1313.66471785449,121.67231481481481,True
acceptance_heuristic,fatigue_aware_reconfigurable_assembly_mvp,,,11,,4,,,,,,,,,,,,,,,,,,,,False
acceptance_ppo_eval,fatigue_aware_reconfigurable_assembly_mvp,,,11,,4,,,,,,,,,,,,,,,,,,,,False
acceptance_smoke,fatigue_aware_reconfigurable_assembly_mvp,,,11,1,4,,,,,,,,,,,,,,,,,,,,True
audit_20260729_current_smoke,fatigue_aware_reconfigurable_assembly_mvp,,,11,2,700,,,,,,,,,2,0.0,,,,,,,,,,True
audit_20260729_validation_heuristic,fatigue_aware_reconfigurable_assembly_mvp,,,11,,700,,,,,,,,,,,,,,,,,,,,False
codex_e2_7_preflight_fix_smoke_20260823,v7_e2_7_e1_warmstart_safe_gate_v1,,,11,10,2000,hierarchical_constrained_v1,,,,,,deb8e8f4f9c6428bb2c9aa72b6000262de45c4733111f0558c1cf077e9d7de35,,,,,,,,,,,,,True
codex_e2_7_v2_1_smoke_20260824,v7_e2_7_e1_warmstart_safe_gate_v2_1,,,11,,2000,hierarchical_constrained_v1,,,,,,,,,,,,,,,,,,,False
codex_e2_7_v2_1_smoke_r2_20260824,v7_e2_7_e1_warmstart_safe_gate_v2_1,,,11,10,2000,hierarchical_constrained_v1,,,,,,deb8e8f4f9c6428bb2c9aa72b6000262de45c4733111f0558c1cf077e9d7de35,,,,,,,,,,,,,True
codex_e2_7_v2_1_smoke_r3_20260824,v7_e2_7_e1_warmstart_safe_gate_v2_1,,,11,10,2000,hierarchical_constrained_v1,,,,,,deb8e8f4f9c6428bb2c9aa72b6000262de45c4733111f0558c1cf077e9d7de35,,,,,,,,,,,,,True
codex_v7_c0_v6_control_smoke,v7_c0_v6_control,,,11,2,2000,hierarchical_constrained_v1,,,,,,,,,,,,,,,,,,,True
codex_v7_e1_context_exception_smoke,v7_e1_context_exception,,,11,2,2000,hierarchical_constrained_v1,,,,,,,,,,,,,,,,,,,True
codex_v7_e2_commit_set_smoke,v7_e2_commit_set,,,11,2,2000,hierarchical_constrained_v1,,,,,,,,,,,,,,,,,,,True
codex_v7_e3_smoke,v7_e3_future_value,,,11,2,2000,hierarchical_constrained_v1,,,,,,,,,,,,,,,,,,,True
codex_v7_e4_conditional_wait_smoke,v7_e4_conditional_wait,,,11,2,2000,hierarchical_constrained_v1,,,,,,,,,,,,,,,,,,,True
codex_v7_e5_variance_scale_smoke,v7_e5_variance_scale,,,11,2,2000,hierarchical_constrained_v1,,,,,,,,,,,,,,,,,,,True
codex_v7_full_v7_smoke,v7_full,,,11,2,2000,hierarchical_constrained_v1,,,,,,,,,,,,,,,,,,,True
compare_e1_single_cost_old_protocol_greedy_seed11,v7_e1_context_exception,,,11,,2000,hierarchical_constrained_v1,,,,,,,,,,,,,,,,,,,False
compare_e1_single_flow_old_protocol_greedy_seed11,v7_e1_context_exception,,,11,,2000,hierarchical_constrained_v1,,,,,,,,,,,,,,,,,,,False
compare_e1_single_variance_old_protocol_greedy_seed11,v7_e1_context_exception,,,11,,2000,hierarchical_constrained_v1,,,,,,,,,,,,,,,,,,,False
compare_e1_weighted_old_protocol_greedy_seed11,v7_e1_context_exception,,,11,,2000,hierarchical_constrained_v1,,,,,,,,,,,,,,,,,,,False
console_reporter_smoke,e1_single_flow,,"[1.0,0.0,0.0]",11,2,2000,hierarchical_constrained_v1,,1200.0,1000.0,50.0,,e0ce378b914ff37a884c9468e6086674a9f6c0f4eac66dee3e1e6bda4ccadd12,,,,,,,,,,,,,True
cost_v2_seed11_1000,e1_single_cost,cost,"[0.0,1.0,0.0]",11,1000,1000,single_stage_progress_quality_failure_v2,1.0,1152.2093959731544,386.674652792805,4.937746913580247,23d85a70311feed66d679dd7e5a51b055a76984584350dd9fbbf0fc29554557b,5e973c436d14f079fdf8992c8ac772dc4e9efebf1e0477a38e13e7240f457c35,13782.582236399874,960,1.0,0.4636984004283798,test,d42ade3bd2ea6cc328dc4a185e8787d4aa00fc11d7fce67319fd10684c4eccf3,60,0.9833333333333333,0.4791989938969474,1332.9864406779661,410.52635419031276,79.14416666666668,True
e1_2000_seed23_20260815_191459,v7_e1_context_exception,,,23,2000,2000,hierarchical_constrained_v1,,,,,,,,180,1.0,0.4054972902333607,,,,,,,,,True
e1_2000_seed37_20260815_191459,v7_e1_context_exception,,,37,2000,2000,hierarchical_constrained_v1,,,,,,,,80,1.0,0.40376593936904276,,,,,,,,,True
e1_2000_seed53_20260815_191459,v7_e1_context_exception,,,53,2000,2000,hierarchical_constrained_v1,,,,,,,,30,1.0,0.405346529167443,,,,,,,,,True
e1_2000_seed71_20260815_191459,v7_e1_context_exception,,,71,2000,2000,hierarchical_constrained_v1,,,,,,,,220,1.0,0.3995797609028196,,,,,,,,,True
e1_cost_seed11_ep1000,e1_single_cost,cost,"[0.0,1.0,0.0]",11,1000,1000,single_stage_progress_quality_failure_v2,1.0,1200.0,1000.0,50.0,,e0ce378b914ff37a884c9468e6086674a9f6c0f4eac66dee3e1e6bda4ccadd12,38512.36917639966,200,1.0,0.44211492307685696,test,,60,0.9833333333333333,0.4153398088106185,1142.1966101694916,774.7743500208891,40.8620197740113,True
e1_cost_seed11_ep1000_20261002_192049,e1_single_cost,,"[0.0,1.0,0.0]",11,,1000,single_stage_progress_quality_failure_v2,1.0,1089.15,353.27,2.2629,9d4829c467f592d9a319251f0f779e7354cce70e1511d3bc90ab19b78fa4cce3,,,,,,,,,,,,,,False
e1_cost_seed11_ep1000_20261002_192603,e1_single_cost,cost,"[0.0,1.0,0.0]",11,1000,1000,single_stage_progress_quality_failure_v2,1.0,1089.15,353.27,2.2629,9d4829c467f592d9a319251f0f779e7354cce70e1511d3bc90ab19b78fa4cce3,5e973c436d14f079fdf8992c8ac772dc4e9efebf1e0477a38e13e7240f457c35,14914.651429800317,240,1.0,0.5874103502219296,test,d42ade3bd2ea6cc328dc4a185e8787d4aa00fc11d7fce67319fd10684c4eccf3,60,1.0,0.5835426968544317,1187.0383333333334,572.1868995891998,101.86275,True
e1_cost_seed11_ep1000_penalty5_20260929_140255,e1_single_cost,cost,"[0.0,1.0,0.0]",11,1000,1000,single_stage_progress_quality_failure_v2,5.0,1200.0,1000.0,50.0,,e0ce378b914ff37a884c9468e6086674a9f6c0f4eac66dee3e1e6bda4ccadd12,14394.888314099982,640,1.0,0.2884830787387352,test,,60,1.0,0.28332518362737225,1207.6616666666666,412.2367024172024,73.29030092592593,True
e1_cost_seed11_ep1000_rerun_20260928_223621,e1_single_cost,cost,"[0.0,1.0,0.0]",11,1000,1000,single_stage_progress_quality_failure_v2,1.0,1200.0,1000.0,50.0,,e0ce378b914ff37a884c9468e6086674a9f6c0f4eac66dee3e1e6bda4ccadd12,13428.92544079991,1000,1.0,0.2893487992388757,test,,60,1.0,0.26756833246257894,1221.0283333333332,382.9989423518365,40.44785648148149,True
e1_flow_relative_time_seed11_ep1000,e1_single_flow_relative_worker_time,flow,"[1.0,0.0,0.0]",11,1000,1000,single_stage_progress_quality_failure_v2,1.0,1200.0,1000.0,50.0,,e0ce378b914ff37a884c9468e6086674a9f6c0f4eac66dee3e1e6bda4ccadd12,47205.27484790003,960,0.9933333333333333,0.4729075088198785,test,,60,0.9666666666666667,0.4712263906288659,1127.7241379310344,770.4000566882077,24.64843390804598,True
e1_flow_relative_time_seed11_ep1000_penalty5_20260929_140255,e1_single_flow_relative_worker_time,flow,"[1.0,0.0,0.0]",11,1000,1000,single_stage_progress_quality_failure_v2,5.0,1200.0,1000.0,50.0,,e0ce378b914ff37a884c9468e6086674a9f6c0f4eac66dee3e1e6bda4ccadd12,13663.643327199854,720,1.0,0.47931632167782673,test,,60,1.0,0.48062870245825545,1167.8483333333336,753.9396732419112,46.691569444444454,True
e1_flow_relative_time_seed11_ep1000_rerun_20260928_223621,e1_single_flow_relative_worker_time,flow,"[1.0,0.0,0.0]",11,1000,1000,single_stage_progress_quality_failure_v2,1.0,1200.0,1000.0,50.0,,e0ce378b914ff37a884c9468e6086674a9f6c0f4eac66dee3e1e6bda4ccadd12,13763.898860699963,1000,1.0,0.4742549797527758,test,,60,0.95,0.4702420307475295,1119.201754385965,776.5113195867372,32.945472709551666,True
e1_flow_seed11_ep1000,e1_single_flow,flow,"[1.0,0.0,0.0]",11,1000,1000,single_stage_progress_quality_failure_v2,1.0,1200.0,1000.0,50.0,,e0ce378b914ff37a884c9468e6086674a9f6c0f4eac66dee3e1e6bda4ccadd12,47824.43590439996,520,0.9933333333333333,0.4746825119592931,test,,60,0.95,0.47229419089878566,1133.0982456140352,822.349856714416,32.28817251461989,True
e1_flow_seed11_ep1000_20261002_192603,e1_single_flow,flow,"[1.0,0.0,0.0]",11,1000,1000,single_stage_progress_quality_failure_v2,1.0,1089.15,353.27,2.2629,9d4829c467f592d9a319251f0f779e7354cce70e1511d3bc90ab19b78fa4cce3,5e973c436d14f079fdf8992c8ac772dc4e9efebf1e0477a38e13e7240f457c35,19159.737920300104,960,1.0,0.4867608259512103,test,d42ade3bd2ea6cc328dc4a185e8787d4aa00fc11d7fce67319fd10684c4eccf3,60,1.0,0.48740458204534526,1117.4350000000002,800.8355427904557,44.08186111111112,True
e1_mainline_smoke,v7_e1_context_exception,,,11,2,2000,hierarchical_constrained_v1,,,,,,,,,,,,,,,,,,,True
e1_protocol_v2_c0_smoke,v7_c0_v6_control,,,11,2,2000,hierarchical_constrained_v1,,,,,,deb8e8f4f9c6428bb2c9aa72b6000262de45c4733111f0558c1cf077e9d7de35,,,,,,,,,,,,,True
e1_protocol_v2_e1_smoke,v7_e1_context_exception,,,11,2,2000,hierarchical_constrained_v1,,,,,,deb8e8f4f9c6428bb2c9aa72b6000262de45c4733111f0558c1cf077e9d7de35,,,,,,,,,,,,,True
e1_single_cost_seed11_2000_v4_20260901,v7_e1_single_objective,,,11,2000,2000,hierarchical_constrained_v1,,,,,,75a8861d58c8349bc5a923b4a9f405790af6b38a49895b9384efdd054c583b2d,,1580,1.0,0.32798603018359734,,,,,,,,,True
e1_single_cost_seed11_2000_v5_20260909,e1_single_cost,,,11,,2000,hierarchical_constrained_v1,,,,,,,,,,,,,,,,,,,False
e1_single_cost_seed11_20260913_132937,e1_single_cost,,"[0.0,1.0,0.0]",11,2000,2000,hierarchical_constrained_v1,,1200.0,1000.0,50.0,,e0ce378b914ff37a884c9468e6086674a9f6c0f4eac66dee3e1e6bda4ccadd12,,,,,,,,,,,,,True
e1_single_cost_smoke_seed11,v7_e1_single_objective,,,11,2,2000,hierarchical_constrained_v1,,,,,,deb8e8f4f9c6428bb2c9aa72b6000262de45c4733111f0558c1cf077e9d7de35,,,,,,,,,,,,,True
e1_single_flow_20260909_141712,e1_single_flow,,,11,,2000,hierarchical_constrained_v1,,,,,,,,,,,,,,,,,,,False
e1_single_flow_20260909_142322,e1_single_flow,,,11,,2000,hierarchical_constrained_v1,,,,,,,,,,,,,,,,,,,False
e1_single_flow_20260911_222756,e1_single_flow,,"[1.0,0.0,0.0]",11,,2000,hierarchical_constrained_v1,,1200.0,1000.0,50.0,,,,,,,,,,,,,,,False
e1_single_flow_seed11_2000,v7_e1_single_objective,,,11,,2000,hierarchical_constrained_v1,,,,,,,,,,,,,,,,,,,False
e1_single_flow_seed11_2000_temporal_opt_p20,v7_e1_single_objective,,,11,,2000,hierarchical_constrained_v1,,,,,,,,,,,,,,,,,,,False
e1_single_flow_seed11_2000_v4_20260901,v7_e1_single_objective,,,11,2000,2000,hierarchical_constrained_v1,,,,,,75a8861d58c8349bc5a923b4a9f405790af6b38a49895b9384efdd054c583b2d,,1700,1.0,0.3561052885211382,,,,,,,,,True
e1_single_flow_seed11_2000_v5_20260909,e1_single_flow,,,11,,2000,hierarchical_constrained_v1,,,,,,,,,,,,,,,,,,,False
e1_single_flow_seed11_20260913_132937,e1_single_flow,,"[1.0,0.0,0.0]",11,2000,2000,hierarchical_constrained_v1,,1200.0,1000.0,50.0,,e0ce378b914ff37a884c9468e6086674a9f6c0f4eac66dee3e1e6bda4ccadd12,,,,,,,,,,,,,True
e1_single_flow_seed11_20260914_204813,e1_single_flow,,"[1.0,0.0,0.0]",11,2000,2000,hierarchical_constrained_v1,,1200.0,1000.0,50.0,,e0ce378b914ff37a884c9468e6086674a9f6c0f4eac66dee3e1e6bda4ccadd12,,,,,,,,,,,,,True
e1_single_flow_seed11_20260918_140015,e1_single_flow,,"[1.0,0.0,0.0]",11,2000,2000,hierarchical_constrained_v1,,1200.0,1000.0,50.0,,e0ce378b914ff37a884c9468e6086674a9f6c0f4eac66dee3e1e6bda4ccadd12,,,,,,,,,,,,,True
e1_single_flow_seed11_resgate_m2_20260915_220640,e1_single_flow,,"[1.0,0.0,0.0]",11,2000,2000,hierarchical_constrained_v1,,1200.0,1000.0,50.0,,e0ce378b914ff37a884c9468e6086674a9f6c0f4eac66dee3e1e6bda4ccadd12,,,,,,,,,,,,,True
e1_single_flow_smoke_seed11,v7_e1_single_objective,,,11,2,2000,hierarchical_constrained_v1,,,,,,deb8e8f4f9c6428bb2c9aa72b6000262de45c4733111f0558c1cf077e9d7de35,,,,,,,,,,,,,True
e1_single_variance_seed11_2000_v4_20260901,v7_e1_single_objective,,,11,2000,2000,hierarchical_constrained_v1,,,,,,75a8861d58c8349bc5a923b4a9f405790af6b38a49895b9384efdd054c583b2d,,580,1.0,0.35579381842344454,,,,,,,,,True
e1_single_variance_seed11_2000_v5_20260909,e1_single_variance,,,11,,2000,hierarchical_constrained_v1,,,,,,,,,,,,,,,,,,,False
e1_single_variance_seed11_20260913_132937,e1_single_variance,,"[0.0,0.0,1.0]",11,2000,2000,hierarchical_constrained_v1,,1200.0,1000.0,50.0,,e0ce378b914ff37a884c9468e6086674a9f6c0f4eac66dee3e1e6bda4ccadd12,,,,,,,,,,,,,True
e1_single_variance_smoke_seed11,v7_e1_single_objective,,,11,2,2000,hierarchical_constrained_v1,,,,,,deb8e8f4f9c6428bb2c9aa72b6000262de45c4733111f0558c1cf077e9d7de35,,,,,,,,,,,,,True
e1_variance_seed11_ep1000,e1_single_variance,variance,"[0.0,0.0,1.0]",11,1000,1000,single_stage_progress_quality_failure_v2,1.0,1200.0,1000.0,50.0,,e0ce378b914ff37a884c9468e6086674a9f6c0f4eac66dee3e1e6bda4ccadd12,49193.892831599806,840,0.9866666666666667,0.08994986208465135,test,,60,0.9833333333333333,0.09396900798173786,1145.0203389830508,861.9866317084866,5.431431261770246,True
e1_variance_seed11_ep1000_20261002_192603,e1_single_variance,variance,"[0.0,0.0,1.0]",11,1000,1000,single_stage_progress_quality_failure_v2,1.0,1089.15,353.27,2.2629,9d4829c467f592d9a319251f0f779e7354cce70e1511d3bc90ab19b78fa4cce3,5e973c436d14f079fdf8992c8ac772dc4e9efebf1e0477a38e13e7240f457c35,26734.310118500143,880,0.9733333333333334,0.44622591545341145,test,d42ade3bd2ea6cc328dc4a185e8787d4aa00fc11d7fce67319fd10684c4eccf3,60,0.9666666666666667,0.4631745082727061,1427.9293103448276,1189.2561923093283,2.439286398467434,True
e1_variance_seed11_ep1000_penalty5_20260929_140255,e1_single_variance,variance,"[0.0,0.0,1.0]",11,1000,1000,single_stage_progress_quality_failure_v2,5.0,1200.0,1000.0,50.0,,e0ce378b914ff37a884c9468e6086674a9f6c0f4eac66dee3e1e6bda4ccadd12,17724.847784399986,960,1.0,0.09348215692872808,test,,60,0.9833333333333333,0.09873053792246202,1134.2661016949153,772.9454725570922,5.789138418079096,True
e1_variance_seed11_ep1000_rerun_20260928_223621,e1_single_variance,variance,"[0.0,0.0,1.0]",11,1000,1000,single_stage_progress_quality_failure_v2,1.0,1200.0,1000.0,50.0,,e0ce378b914ff37a884c9468e6086674a9f6c0f4eac66dee3e1e6bda4ccadd12,14981.66885960009,560,1.0,0.11064385186018541,test,,60,1.0,0.10788016999771073,1206.7050000000002,517.4240655335984,6.450597222222222,True
e2_5_k1_seed101_r1,v7_e2_5_calibration_k1_seed101,,,101,,500,hierarchical_constrained_v1,,,,,,,,,,,,,,,,,,,False
e2_5_k1_seed101_r2,v7_e2_5_calibration_k1_seed101,,,101,500,500,hierarchical_constrained_v1,,,,,,a06eeb9529928683c53debde1f8dcc313f45077e8d9bc8792eab7e3d808baf44,,,,,,,,,,,,,True
e2_5_k2_seed101_r1,v7_e2_5_calibration_k2_seed101,,,101,500,500,hierarchical_constrained_v1,,,,,,a06eeb9529928683c53debde1f8dcc313f45077e8d9bc8792eab7e3d808baf44,,,,,,,,,,,,,True
e2_5_k3_seed101_r1,v7_e2_5_calibration_k3_seed101,,,101,500,500,hierarchical_constrained_v1,,,,,,a06eeb9529928683c53debde1f8dcc313f45077e8d9bc8792eab7e3d808baf44,,,,,,,,,,,,,True
e2_5_smoke_10,v7_e2_5_safe_monotone_flow_gate,,,11,,10,hierarchical_constrained_v1,,,,,,,,,,,,,,,,,,,False
e2_5_smoke_10b,v7_e2_5_safe_monotone_flow_gate,,,11,,10,hierarchical_constrained_v1,,,,,,,,,,,,,,,,,,,False
e2_7_v2,v7_e2_7_e1_warmstart_safe_gate_v2,,,11,,2000,hierarchical_constrained_v1,,,,,,,,,,,,,,,,,,,False
e2_7_v2_1_seed11,v7_e2_7_e1_warmstart_safe_gate_v2_1,,,11,,2000,hierarchical_constrained_v1,,,,,,,,,,,,,,,,,,,True
e2_preference_smoke_final,v7_e2_preference_conditioned,,,11,2,2000,hierarchical_constrained_v1,,,,,,deb8e8f4f9c6428bb2c9aa72b6000262de45c4733111f0558c1cf077e9d7de35,,,,,,,,,,,,,True
e2_preference_smoke_impl,v7_e2_preference_conditioned,,,11,2,2000,hierarchical_constrained_v1,,,,,,deb8e8f4f9c6428bb2c9aa72b6000262de45c4733111f0558c1cf077e9d7de35,,,,,,,,,,,,,True
final_heuristic,fatigue_aware_reconfigurable_assembly_mvp,,,11,,4,,,,,,,,,,,,,,,,,,,,False
final_smoke,fatigue_aware_reconfigurable_assembly_mvp,,,11,1,4,,,,,,,,,,,,,,,,,,,,True
fix_regression_heuristic,fatigue_aware_reconfigurable_assembly_mvp,,,11,,4,,,,,,,,,,,,,,,,,,,,False
fix_regression_smoke,fatigue_aware_reconfigurable_assembly_mvp,,,11,1,4,,,,,,,,,,,,,,,,,,,,True
flow_failure_v2_seed11_500,e1_single_flow,flow,"[1.0,0.0,0.0]",11,500,500,single_stage_progress_quality_failure_v2,1.0,1200.0,1000.0,50.0,,e0ce378b914ff37a884c9468e6086674a9f6c0f4eac66dee3e1e6bda4ccadd12,27449.091529799858,440,0.9866666666666667,0.47692378780960865,test,,60,0.95,0.4759469915234138,1152.1105263157895,808.7223308406831,77.7631530214425,True
flow_seed11_500_production_temperature,v8_specialist_flow_seed11_500_production_temperature,flow,"[1.0,0.0,0.0]",11,500,500,single_stage_progress_quality_failure_v2,1.0,1200.0,1000.0,50.0,,e0ce378b914ff37a884c9468e6086674a9f6c0f4eac66dee3e1e6bda4ccadd12,184519.71782230004,380,0.9933333333333333,0.481145863567685,test,,60,0.9833333333333333,0.4802359395586822,1170.1457627118646,845.9025061176947,48.3644020715631,True
flow_seed11_500_production_temperature_greedy_test,v8_specialist_flow_seed11_500_production_temperature,,"[1.0,0.0,0.0]",11,,500,single_stage_progress_quality_failure_v2,1.0,1200.0,1000.0,50.0,,,,,,,,,,,,,,,False
flow_seed11_500_production_temperature_heuristic_test,v8_specialist_flow_seed11_500_production_temperature,,"[1.0,0.0,0.0]",11,,500,single_stage_progress_quality_failure_v2,1.0,1200.0,1000.0,50.0,,,,,,,,,,,,,,,False
flow_v2_seed11_1000,e1_single_flow,flow,"[1.0,0.0,0.0]",11,1000,1000,single_stage_progress_quality_failure_v2,1.0,1152.2093959731544,386.674652792805,4.937746913580247,23d85a70311feed66d679dd7e5a51b055a76984584350dd9fbbf0fc29554557b,5e973c436d14f079fdf8992c8ac772dc4e9efebf1e0477a38e13e7240f457c35,18405.59157209983,840,0.9866666666666667,0.4711846220299753,test,d42ade3bd2ea6cc328dc4a185e8787d4aa00fc11d7fce67319fd10684c4eccf3,60,0.9666666666666667,0.47164291506649375,1122.1810344827586,861.6052393550688,34.18312260536399,True
flow_v2_timecontext_seed11_1000,e1_single_flow,flow,"[1.0,0.0,0.0]",11,1000,1000,single_stage_progress_quality_failure_v2,1.0,1200.0,1000.0,50.0,,e0ce378b914ff37a884c9468e6086674a9f6c0f4eac66dee3e1e6bda4ccadd12,51487.769462400116,520,0.9933333333333333,0.4746825119592931,test,,60,0.95,0.47229419089878566,1133.0982456140352,822.349856714416,32.28817251461989,True
generator_online_smoke,fatigue_aware_reconfigurable_assembly_mvp,,,11,2,4,,,,,,,,,,,,,,,,,,,,True
generator_validation_eval,fatigue_aware_reconfigurable_assembly_mvp,,,11,,4,,,,,,,,,,,,,,,,,,,,False
generator_validation_eval_final,fatigue_aware_reconfigurable_assembly_mvp,,,11,,4,,,,,,,,,,,,,,,,,,,,False
graph_observation_heuristic,fatigue_aware_reconfigurable_assembly_mvp,,,11,,4,,,,,,,,,,,,,,,,,,,,False
graph_observation_smoke,fatigue_aware_reconfigurable_assembly_mvp,,,11,1,4,,,,,,,,,,,,,,,,,,,,True
hierarchical_reward_smoke,fatigue_aware_reconfigurable_assembly_mvp,,,11,2,700,hierarchical_constrained_v1,,,,,,,,2,1.0,,,,,,,,,,True
hierarchical_reward_smoke_v2,fatigue_aware_reconfigurable_assembly_mvp,,,11,2,700,hierarchical_constrained_v1,,,,,,,,,,,,,,,,,,,True
lambda0995_forcedcompress_epu20_seed11_1000_20260808,credit_assignment_lambda0995_forced_epu20_seed11,,,11,1000,1000,hierarchical_constrained_v1,,,,,,,,140,1.0,0.3592978727832479,,,,,,,,,True
lambda0995_forcedcompress_epu20_seed11_smoke_20260808,credit_assignment_lambda0995_forced_epu20_seed11,,,11,20,1000,hierarchical_constrained_v1,,,,,,,,,,,,,,,,,,,True
legal_candidate_smoke_20261001,e1_single_flow_relative_worker_time,flow,"[1.0,0.0,0.0]",11,2,1000,single_stage_progress_quality_failure_v2,5.0,1152.2093959731544,386.674652792805,4.937746913580247,23d85a70311feed66d679dd7e5a51b055a76984584350dd9fbbf0fc29554557b,e0ce378b914ff37a884c9468e6086674a9f6c0f4eac66dee3e1e6bda4ccadd12,55.38885229999869,2,1.0,0.48676856406932706,validation,,1,1.0,0.47269944557626614,1032.8999999999999,1048.89346044294,96.00138888888893,True
m1_seed11_1000,fatigue_aware_reconfigurable_assembly_mvp,,,11,,1000,hierarchical_constrained_v1,,,,,,,,,,,,,,,,,,,False
m1_seed11_1000_rerun_20260807_125418,fatigue_aware_reconfigurable_assembly_mvp,,,11,1000,1000,hierarchical_constrained_v1,,,,,,,,170,1.0,0.35140562728030994,,,,,,,,,True
matched_credit_baseline_seed11_1000_20260809,credit_assignment_matched_baseline,,,11,1000,1000,hierarchical_constrained_v1,,,,,,,,90,1.0,0.35647271024877913,,,,,,,,,True
matched_credit_baseline_seed23_1000_20260809,credit_assignment_matched_baseline,,,23,,1000,hierarchical_constrained_v1,,,,,,,,,,,,,,,,,,,False
matched_credit_smoke_baseline_seed11_20260809,credit_assignment_matched_baseline,,,11,10,1000,hierarchical_constrained_v1,,,,,,,,,,,,,,,,,,,True
matched_credit_smoke_treatment_seed11_20260809,credit_assignment_matched_treatment,,,11,20,1000,hierarchical_constrained_v1,,,,,,,,,,,,,,,,,,,True
matching_admission_v1_smoke,fatigue_aware_reconfigurable_assembly_mvp,,,11,2,2000,hierarchical_constrained_v1,,,,,,,,,,,,,,,,,,,True
matching_e1,fatigue_aware_reconfigurable_assembly_mvp,,,11,600,600,hierarchical_constrained_v1,,,,,,,,580,1.0,,,,,,,,,,True
matching_e2,fatigue_aware_reconfigurable_assembly_mvp,,,11,600,600,hierarchical_constrained_v1,,,,,,,,260,1.0,,,,,,,,,,True
matching_e3,fatigue_aware_reconfigurable_assembly_mvp,,,11,600,600,hierarchical_constrained_v1,,,,,,,,370,1.0,,,,,,,,,,True
matching_l11,fatigue_aware_reconfigurable_assembly_mvp,,,11,600,600,hierarchical_constrained_v1,,,,,,,,370,1.0,,,,,,,,,,True
matching_q11,fatigue_aware_reconfigurable_assembly_mvp,,,11,600,600,hierarchical_constrained_v1,,,,,,,,540,1.0,,,,,,,,,,True
matching_q12,fatigue_aware_reconfigurable_assembly_mvp,,,11,600,600,hierarchical_constrained_v1,,,,,,,,570,1.0,,,,,,,,,,True
matching_q13,fatigue_aware_reconfigurable_assembly_mvp,,,11,600,600,hierarchical_constrained_v1,,,,,,,,320,1.0,,,,,,,,,,True
matching_r11,fatigue_aware_reconfigurable_assembly_mvp,,,11,600,600,hierarchical_constrained_v1,,,,,,,,160,1.0,,,,,,,,,,True
matching_s11,fatigue_aware_reconfigurable_assembly_mvp,,,11,600,600,hierarchical_constrained_v1,,,,,,,,580,1.0,,,,,,,,,,True
mo_alns_cli_smoke_20260825,mo_alns_fatigue_aware_smoke,,,11,,2000,hierarchical_constrained_v1,,,,,,,,,,,,,,,,,,,False
mo_alns_full_grid_smoke_20260825,mo_alns_fatigue_aware_smoke,,,11,,2000,hierarchical_constrained_v1,,,,,,,,,,,,,,,,,,,False
mo_alns_parallel_smoke_20260825,mo_alns_fatigue_aware_smoke,,,11,,2000,hierarchical_constrained_v1,,,,,,,,,,,,,,,,,,,False
mo_alns_seed11_e1scale_ood,mo_alns_fatigue_aware_baseline,,,11,,2000,hierarchical_constrained_v1,,,,,,,,,,,,,,,,,,,False
mo_alns_seed11_e1scale_stress,mo_alns_fatigue_aware_baseline,,,11,,2000,hierarchical_constrained_v1,,,,,,,,,,,,,,,,,,,False
mo_alns_seed11_e1scale_test,mo_alns_fatigue_aware_baseline,,,11,,2000,hierarchical_constrained_v1,,,,,,,,,,,,,,,,,,,False
non_delay_ablation_non_delay_off_seed11_600_20260810,non_delay_off_seed11_600,,,11,600,600,hierarchical_constrained_v1,,,,,,,,160,1.0,0.36153093498260636,,,,,,,,,True
non_delay_ablation_non_delay_off_seed11_smoke_20260810,non_delay_off_seed11_600,,,11,,600,hierarchical_constrained_v1,,,,,,,,,,,,,,,,,,,False
non_delay_ablation_non_delay_off_seed11_smoke_20260810_retry1,non_delay_off_seed11_600,,,11,20,600,hierarchical_constrained_v1,,,,,,,,,,,,,,,,,,,True
non_delay_ablation_non_delay_on_seed11_600_20260810,non_delay_on_seed11_600,,,11,600,600,hierarchical_constrained_v1,,,,,,,,380,1.0,0.3499354581562705,,,,,,,,,True
non_delay_ablation_non_delay_on_seed11_smoke_20260810,non_delay_on_seed11_600,,,11,20,600,hierarchical_constrained_v1,,,,,,,,,,,,,,,,,,,True
non_delay_ablation_non_delay_on_seed11_smoke_20260810_retry1,non_delay_on_seed11_600,,,11,20,600,hierarchical_constrained_v1,,,,,,,,,,,,,,,,,,,True
phase2_online_smoke,fatigue_aware_reconfigurable_assembly_mvp,,,11,2,4,,,,,,,,,,,,,,,,,,,,True
phase4_dataset_smoke,fatigue_aware_reconfigurable_assembly_mvp,,,11,2,4,,,,,,,,,2,0.0,,,,,,,,,,True
phase4_ood_ppo,fatigue_aware_reconfigurable_assembly_mvp,,,11,,4,,,,,,,,,,,,,,,,,,,,False
phase4_test_ppo,fatigue_aware_reconfigurable_assembly_mvp,,,11,,4,,,,,,,,,,,,,,,,,,,,False
phase4_validation_heuristic,fatigue_aware_reconfigurable_assembly_mvp,,,11,,4,,,,,,,,,,,,,,,,,,,,False
phase5_hetero_parallel_smoke_verified,fatigue_aware_reconfigurable_assembly_mvp,,,11,2,1000,,,,,,,,,2,0.0,,,,,,,,,,True
phase5_hetero_serial_smoke_verified,fatigue_aware_reconfigurable_assembly_mvp,,,11,2,1000,,,,,,,,,2,0.0,,,,,,,,,,True
phase5_parallel_smoke,fatigue_aware_reconfigurable_assembly_mvp,,,11,2,1000,,,,,,,,,2,0.0,,,,,,,,,,True
phase5_serial_smoke,fatigue_aware_reconfigurable_assembly_mvp,,,11,2,1000,,,,,,,,,2,0.0,,,,,,,,,,True
phase5_validation_serial,fatigue_aware_reconfigurable_assembly_mvp,,,11,,1000,,,,,,,,,,,,,,,,,,,,False
policy_head_v6_compressed_seed11,fatigue_aware_reconfigurable_assembly_mvp,,,11,2000,2000,hierarchical_constrained_v1,,,,,,,,10,1.0,0.37034212081030915,,,,,,,,,True
policy_head_v6_cpu_smoke,fatigue_aware_reconfigurable_assembly_mvp,,,11,2,2000,hierarchical_constrained_v1,,,,,,,,,,,,,,,,,,,True
policy_head_v6_seed11,fatigue_aware_reconfigurable_assembly_mvp,,,11,2000,2000,hierarchical_constrained_v1,,,,,,,,1750,1.0,0.4062457888821433,,,,,,,,,True
policy_head_v6_seed23,fatigue_aware_reconfigurable_assembly_mvp,,,23,2000,2000,hierarchical_constrained_v1,,,,,,,,30,1.0,0.3391802281710047,,,,,,,,,True
policy_head_v6_seed37,fatigue_aware_reconfigurable_assembly_mvp,,,37,2000,2000,hierarchical_constrained_v1,,,,,,,,1130,1.0,0.3611335571076296,,,,,,,,,True
policy_head_v6_seed53,fatigue_aware_reconfigurable_assembly_mvp,,,53,2000,2000,hierarchical_constrained_v1,,,,,,,,60,1.0,0.3390162196934874,,,,,,,,,True
policy_head_v6_seed71,fatigue_aware_reconfigurable_assembly_mvp,,,71,2000,2000,hierarchical_constrained_v1,,,,,,,,10,1.0,0.34839205106904325,,,,,,,,,True
ppo_1000_cpu,fatigue_aware_reconfigurable_assembly_mvp,,,11,,1000,,,,,,,,,,,,,,,,,,,,False
ppo_stability_upgrade_smoke,fatigue_aware_reconfigurable_assembly_mvp,,,11,2,2000,hierarchical_constrained_v1,,,,,,,,,,,,,,,,,,,True
ppo_stability_v2_seed11,fatigue_aware_reconfigurable_assembly_mvp,,,11,2000,2000,hierarchical_constrained_v1,,,,,,,,,,,,,,,,,,,True
preflight_q11,fatigue_aware_reconfigurable_assembly_mvp,,,11,2,600,hierarchical_constrained_v1,,,,,,,,,,,,,,,,,,,True
single_stage_flow_seed11_2000,e1_single_flow,,"[1.0,0.0,0.0]",11,,2000,single_stage_progress_quality_v1,,1200.0,1000.0,50.0,,,,,,,,,,,,,,,False
single_stage_flow_seed11_500_20260922_013711,e1_single_flow,flow,"[1.0,0.0,0.0]",11,500,500,single_stage_progress_quality_v1,,1200.0,1000.0,50.0,,e0ce378b914ff37a884c9468e6086674a9f6c0f4eac66dee3e1e6bda4ccadd12,107896.23419750005,500,0.9733333333333334,0.4746989815705531,test,,60,0.9166666666666666,0.47376651697118577,1138.3,809.7960039774749,38.793873737373744,True
single_stage_flow_smoke_seed11,e1_single_flow,flow,"[1.0,0.0,0.0]",11,2,2000,single_stage_progress_quality_v1,,1200.0,1000.0,50.0,,e0ce378b914ff37a884c9468e6086674a9f6c0f4eac66dee3e1e6bda4ccadd12,361.1279107000446,2,0.6666666666666666,0.5439908708356302,validation,,6,0.8333333333333334,0.528417179165901,1363.6200000000003,1199.0997763399364,113.05011111111116,True
smoke_flow_relative_time_20260927,e1_single_flow_relative_worker_time,flow,"[1.0,0.0,0.0]",11,2,1000,single_stage_progress_quality_failure_v2,1.0,1200.0,1000.0,50.0,,e0ce378b914ff37a884c9468e6086674a9f6c0f4eac66dee3e1e6bda4ccadd12,396.28512170002796,2,0.8333333333333334,0.5330899140876096,validation,,6,0.8333333333333334,0.530135323002376,1382.2599999999998,1151.9412970687986,63.82261111111113,True
temporal_interval_pruning_smoke_20260828,v7_e1_single_objective,,,11,2,2000,hierarchical_constrained_v1,,,,,,deb8e8f4f9c6428bb2c9aa72b6000262de45c4733111f0558c1cf077e9d7de35,,,,,,,,,,,,,True
temporal_vectorized_mask_cache_smoke_20260828,v7_e1_single_objective,,,11,,2000,hierarchical_constrained_v1,,,,,,,,,,,,,,,,,,,False
temporal_vectorized_mask_cache_smoke_r2_20260828,v7_e1_single_objective,,,11,2,2000,hierarchical_constrained_v1,,,,,,deb8e8f4f9c6428bb2c9aa72b6000262de45c4733111f0558c1cf077e9d7de35,,,,,,,,,,,,,True
time_context_universal_smoke_20261001,v8_universal,,"[0.3333333333333333,0.3333333333333333,0.3333333333333334]",11,2,2000,single_stage_progress_quality_failure_v2,5.0,1152.2093959731544,386.674652792805,4.937746913580247,23d85a70311feed66d679dd7e5a51b055a76984584350dd9fbbf0fc29554557b,e0ce378b914ff37a884c9468e6086674a9f6c0f4eac66dee3e1e6bda4ccadd12,120.29676800000016,2,0.0,inf,validation,,1,1.0,0.6674007284449432,1088.3666666666666,1273.9701859895401,63.052592592592596,True
universal_eval_cli_smoke_20260928,v8_universal,,"[0.3333333333333333,0.3333333333333333,0.3333333333333334]",11,,2000,single_stage_progress_quality_failure_v2,1.0,1152.2093959731544,386.674652792805,4.937746913580247,23d85a70311feed66d679dd7e5a51b055a76984584350dd9fbbf0fc29554557b,,,,,,,,,,,,,,False
universal_protocol_smoke_20260928_213749,v8_universal,,"[0.3333333333333333,0.3333333333333333,0.3333333333333334]",11,2,2000,single_stage_progress_quality_failure_v2,1.0,1152.2093959731544,386.674652792805,4.937746913580247,23d85a70311feed66d679dd7e5a51b055a76984584350dd9fbbf0fc29554557b,e0ce378b914ff37a884c9468e6086674a9f6c0f4eac66dee3e1e6bda4ccadd12,438.2273758999945,2,0.0,inf,validation,,1,0.0,inf,1078.5714285714287,1279.4095364347195,74.39888888888889,True
universal_validation_cli_smoke_20260928,v8_universal,,"[0.3333333333333333,0.3333333333333333,0.3333333333333334]",11,,2000,single_stage_progress_quality_failure_v2,1.0,1152.2093959731544,386.674652792805,4.937746913580247,23d85a70311feed66d679dd7e5a51b055a76984584350dd9fbbf0fc29554557b,,,,,,,,,,,,,,False
v7_2000_c0_seed11,v7_c0_v6_control,,,11,2000,2000,hierarchical_constrained_v1,,,,,,,,1750,1.0,0.4062457888821433,,,,,,,,,True
v7_2000_e1_seed11,v7_e1_context_exception,,,11,2000,2000,hierarchical_constrained_v1,,,,,,,,1820,1.0,0.3914978351514719,,,,,,,,,True
v7_2000_e2_1_pareto_seed11,v7_e2_1_preference_pareto,,,11,2000,2000,hierarchical_constrained_v1,,,,,,a06eeb9529928683c53debde1f8dcc313f45077e8d9bc8792eab7e3d808baf44,,,,,,,,,,,,,True
v7_2000_e2_2_hierarchical_seed11,v7_e2_2_hierarchical_preference,,,11,2000,2000,hierarchical_constrained_v1,,,,,,a06eeb9529928683c53debde1f8dcc313f45077e8d9bc8792eab7e3d808baf44,,,,,,,,,,,,,True
v7_2000_e2_3_safe_production_seed11,v7_e2_3_safe_production_preference,,,11,2000,2000,hierarchical_constrained_v1,,,,,,a06eeb9529928683c53debde1f8dcc313f45077e8d9bc8792eab7e3d808baf44,,,,,,,,,,,,,True
v7_2000_e2_4_neutral_gate_seed11,v7_e2_4_neutral_gate_safe_variance,,,11,2000,2000,hierarchical_constrained_v1,,,,,,a06eeb9529928683c53debde1f8dcc313f45077e8d9bc8792eab7e3d808baf44,,,,,,,,,,,,,True
v7_2000_e2_pareto_seed11,v7_e2_preference_conditioned,,,11,2000,2000,hierarchical_constrained_v1,,,,,,a06eeb9529928683c53debde1f8dcc313f45077e8d9bc8792eab7e3d808baf44,,80,1.0,0.4064888445755757,,,,,,,,,True
v7_2000_e2_pareto_seed23,v7_e2_preference_conditioned,,,23,2000,2000,hierarchical_constrained_v1,,,,,,a06eeb9529928683c53debde1f8dcc313f45077e8d9bc8792eab7e3d808baf44,,10,1.0,0.4074371434045404,,,,,,,,,True
v7_2000_e2_pareto_seed37,v7_e2_preference_conditioned,,,37,2000,2000,hierarchical_constrained_v1,,,,,,a06eeb9529928683c53debde1f8dcc313f45077e8d9bc8792eab7e3d808baf44,,1020,0.9833333333333333,0.39650686085569975,,,,,,,,,True
v7_2000_e2_pareto_seed53,v7_e2_preference_conditioned,,,53,2000,2000,hierarchical_constrained_v1,,,,,,a06eeb9529928683c53debde1f8dcc313f45077e8d9bc8792eab7e3d808baf44,,1650,1.0,0.3913673788540202,,,,,,,,,True
v7_2000_e2_pareto_seed71,v7_e2_preference_conditioned,,,71,2000,2000,hierarchical_constrained_v1,,,,,,a06eeb9529928683c53debde1f8dcc313f45077e8d9bc8792eab7e3d808baf44,,120,1.0,0.40401437553367003,,,,,,,,,True
v7_2000_e2_seed11,v7_e2_commit_set,,,11,2000,2000,hierarchical_constrained_v1,,,,,,,,50,1.0,0.41002267987826196,,,,,,,,,True
v7_2000_e3_seed11,v7_e3_future_value,,,11,2000,2000,hierarchical_constrained_v1,,,,,,,,60,0.9833333333333333,0.399566156480144,,,,,,,,,True
v7_2000_e4_seed11,v7_e4_conditional_wait,,,11,2000,2000,hierarchical_constrained_v1,,,,,,,,30,1.0,0.4107876824473437,,,,,,,,,True
v7_2000_e5_seed11,v7_e5_variance_scale,,,11,2000,2000,hierarchical_constrained_v1,,,,,,,,30,1.0,0.4351845372856037,,,,,,,,,True
v7_2000_full_seed11,v7_full,,,11,2000,2000,hierarchical_constrained_v1,,,,,,,,1420,1.0,0.40269583856404184,,,,,,,,,True
v7_e2_1_smoke_seed11,v7_e2_1_preference_pareto,,,11,10,2000,hierarchical_constrained_v1,,,,,,deb8e8f4f9c6428bb2c9aa72b6000262de45c4733111f0558c1cf077e9d7de35,,,,,,,,,,,,,True
v7_e2_6_calibration_l005_seed101,v7_e2_6_calibration_l005_seed101,,,101,500,500,hierarchical_constrained_v1,,,,,,a06eeb9529928683c53debde1f8dcc313f45077e8d9bc8792eab7e3d808baf44,,,,,,,,,,,,,True
v7_e2_6_calibration_l010_seed101,v7_e2_6_calibration_l010_seed101,,,101,500,500,hierarchical_constrained_v1,,,,,,a06eeb9529928683c53debde1f8dcc313f45077e8d9bc8792eab7e3d808baf44,,,,,,,,,,,,,True
v7_e2_6_calibration_l020_seed101,v7_e2_6_calibration_l020_seed101,,,101,500,500,hierarchical_constrained_v1,,,,,,a06eeb9529928683c53debde1f8dcc313f45077e8d9bc8792eab7e3d808baf44,,,,,,,,,,,,,True
v7_e2_7_e1_warmstart_safe_gate_v1_seed11,v7_e2_7_e1_warmstart_safe_gate_v1,,,11,,2000,hierarchical_constrained_v1,,,,,,,,,,,,,,,,,,,False
v7_e2_7_e1_warmstart_safe_gate_v1_smoke,v7_e2_7_e1_warmstart_safe_gate_v1,,,11,,2000,hierarchical_constrained_v1,,,,,,,,,,,,,,,,,,,False
v7_e2_7_e1_warmstart_safe_gate_v1_smoke_r2,v7_e2_7_e1_warmstart_safe_gate_v1,,,11,10,2000,hierarchical_constrained_v1,,,,,,deb8e8f4f9c6428bb2c9aa72b6000262de45c4733111f0558c1cf077e9d7de35,,,,,,,,,,,,,True
v7_e2_7_e1_warmstart_safe_gate_v1_smoke_r3,v7_e2_7_e1_warmstart_safe_gate_v1,,,11,10,2000,hierarchical_constrained_v1,,,,,,deb8e8f4f9c6428bb2c9aa72b6000262de45c4733111f0558c1cf077e9d7de35,,,,,,,,,,,,,True
v8_implementation_smoke,v8_universal,,"[0.3333333333333333,0.3333333333333333,0.3333333333333334]",11,2,2,hierarchical_constrained_v1,,1200.0,1000.0,50.0,,e0ce378b914ff37a884c9468e6086674a9f6c0f4eac66dee3e1e6bda4ccadd12,,,,,,,,,,,,,True
v8_specialist_flow_onehot_smoke_20260914,v8_specialist_flow,,"[1.0,0.0,0.0]",11,2,2000,hierarchical_constrained_v1,,1200.0,1000.0,50.0,,e0ce378b914ff37a884c9468e6086674a9f6c0f4eac66dee3e1e6bda4ccadd12,,,,,,,,,,,,,True
variance_v2_seed11_1000,e1_single_variance,variance,"[0.0,0.0,1.0]",11,1000,1000,single_stage_progress_quality_failure_v2,1.0,1152.2093959731544,386.674652792805,4.937746913580247,23d85a70311feed66d679dd7e5a51b055a76984584350dd9fbbf0fc29554557b,5e973c436d14f079fdf8992c8ac772dc4e9efebf1e0477a38e13e7240f457c35,21456.372326199897,1000,0.9866666666666667,0.30843498453844925,test,d42ade3bd2ea6cc328dc4a185e8787d4aa00fc11d7fce67319fd10684c4eccf3,60,1.0,0.2864329414057186,1221.4766666666667,1019.8369142002377,2.4824675925925925,True
visdom_live_api_test,,,,,,,,,,,,,,,,,,,,,,,,,,False
visdom_live_server_state,,,,,,,,,,,,,,,,,,,,,,,,,,False
visdom_offline_smoke_codex,fatigue_aware_reconfigurable_assembly_mvp,,,11,2,2000,hierarchical_constrained_v1,,,,,,,,,,,,,,,,,,,True
visdom_offline_smoke_final,fatigue_aware_reconfigurable_assembly_mvp,,,11,2,2000,hierarchical_constrained_v1,,,,,,,,,,,,,,,,,,,True
wait_action_eval_smoke_20260908,e1_single_flow,,,11,,2000,hierarchical_constrained_v1,,,,,,,,,,,,,,,,,,,False
wait_action_smoke_20260908_v2,e1_single_flow,,,11,2,1,hierarchical_constrained_v1,,,,,,396987caa01d4b559d90ce7b682dcd5c243eb14190744a99a73960ff99e78a47,,,,,,,,,,,,,True
worker_local_physical_forced_smoke_20260810,credit_assignment_lambda0995_forced_epu20_seed11,,,11,20,1000,hierarchical_constrained_v1,,,,,,,,,,,,,,,,,,,True
