update_id,episode_start,episode_end,episode_count,parallel_envs,transition_count,environment_step_count,forced_action_count,forced_action_ratio,worker_step_command_count,worker_local_physical_forced_action_count,worker_local_physical_forced_share,estimated_worker_step_round_trips_avoided,sampling_wall_time_seconds,policy_inference_time_seconds,generation_time_seconds,environment_step_time_seconds,ppo_update_time_seconds,transitions_per_second,reward_phase,candidate_status,policy_loss,value_loss,entropy,loss,approx_kl,clip_fraction,ratio_mean,gradient_norm,gradient_clipped_fraction,counterfactual_loss,counterfactual_eligible_count,counterfactual_high_flow_commit_flip_count,counterfactual_high_flow_commit_flip_rate,counterfactual_state_scale_mean,counterfactual_state_scale_max,counterfactual_low_flow_identity_violation_count,counterfactual_monotonicity_violation_count,gradient_norm_max,return_mean,return_std,advantage_mean,advantage_std,value_prediction_mean,value_prediction_std,pre_update_explained_variance,learning_rate,policy_head_weight_production_processing_time_norm,policy_head_weight_production_reconfiguration_time_norm,policy_head_weight_production_fixed_reconfiguration_cost_norm,policy_head_weight_production_estimated_labor_cost_norm,policy_head_weight_production_estimated_downtime_cost_norm,policy_head_weight_production_horizon_slack_norm,policy_head_weight_worker_stage_duration_norm,policy_head_weight_worker_projected_fatigue_ratio,policy_head_weight_worker_incremental_labor_cost_norm,policy_head_weight_worker_incremental_downtime_cost_norm,policy_head_weight_worker_incremental_load_variance_norm,policy_head_gate_production_common,policy_head_gate_production_residual,policy_head_gate_worker_common,policy_head_gate_worker_residual,policy_head_preference_action_scale,policy_head_preference_action_scale_production,policy_head_preference_action_scale_worker
1,0,9,10,10,2147,2147,0,0.0,2147,0,0.0,0,20.34486769999785,9.575607900085743,1.7695659000164596,8.884464499875321,19.74096439999994,53.56007066646668,feasibility,not_applicable,0.0005699065650868066,0.03356018941164674,0.9786423409686369,0.007563578800353057,3.479299047124668e-05,0.0,0.9998811737579458,0.6220741985256181,0.5147058823529411,0.0,0.0,0.0,0.0,0.0,0.0,0.0,0.0,1.732870101928711,-0.2163376659154892,0.2422182857990265,0.1575416922569275,0.25760602951049805,-0.3738793730735779,0.04983352869749069,-0.13109254837036133,0.0001,-0.30012431740760803,-0.3000568151473999,-0.20020371675491333,-0.20006391406059265,-0.20003290474414825,0.30001387000083923,-0.29981815814971924,-0.2997141480445862,-0.20013286173343658,-0.19981324672698975,-0.20008371770381927,0.01798621006309986,0.11943697184324265,0.01798621006309986,0.11919187754392624,1.0002816915512085,1.0002816915512085,1.0002816915512085
2,10,19,10,10,1569,1569,0,0.0,1569,0,0.0,0,13.679075100008049,6.634051300061401,1.668347500017262,6.478699799859896,12.306863899997552,60.37880716951047,feasibility,feasibility_best,-0.0012060993164777756,0.06323349133133888,0.8838146436214447,0.021572501007467507,6.535181710205506e-05,0.0,0.9997417235374451,0.8202541410923004,0.7,0.0,0.0,0.0,0.0,0.0,0.0,0.0,0.0,2.142530679702759,0.026019683107733727,0.33535683155059814,0.1335035264492035,0.2670259177684784,-0.10748384147882462,0.1787414848804474,0.3659953474998474,0.0001,-0.30015459656715393,-0.3004153370857239,-0.20036232471466064,-0.20031623542308807,-0.20030245184898376,0.3002086579799652,-0.29973405599594116,-0.29927748441696167,-0.20005083084106445,-0.19971543550491333,-0.19969908893108368,0.01798621006309986,0.11960826814174652,0.01798621006309986,0.11962392926216125,1.0006285905838013,1.0006285905838013,1.0006285905838013
3,20,29,10,10,1779,1779,0,0.0,1779,0,0.0,0,12.281938300002366,7.689876400007051,1.0173962999688229,4.333916400035378,14.687707900011446,65.96304552186112,feasibility,not_applicable,-0.0021400336575295243,0.03621843202771353,0.8645916070256915,0.007323266289729092,0.00026002658134010356,0.0,0.9995597718017442,0.5476129698966231,0.4642857142857143,0.0,0.0,0.0,0.0,0.0,0.0,0.0,0.0,1.4592949151992798,0.27741172909736633,0.3049464821815491,0.14075659215450287,0.20903094112873077,0.13665513694286346,0.17654873430728912,0.5301341414451599,0.0001,-0.3000621795654297,-0.2999851107597351,-0.20007990300655365,-0.20001095533370972,-0.20002834498882294,0.3000752329826355,-0.29977789521217346,-0.29906436800956726,-0.20006369054317474,-0.19970397651195526,-0.19985449314117432,0.01798621006309986,0.11961366981267929,0.01798621006309986,0.11987638473510742,1.0005112886428833,1.0005112886428833,1.0005112886428833
4,30,39,10,10,2132,2132,0,0.0,2132,0,0.0,0,13.044948900002055,9.177718399951118,1.364491199987242,4.260624699949403,17.635890499994275,69.48962419849097,feasibility,not_applicable,-0.0034008115557405878,0.019510353059398338,0.7162831785047755,-0.0008084662532543435,0.0006046523168847404,0.0,1.0002472032518948,0.6000026041532264,0.5441176470588235,0.0,0.0,0.0,0.0,0.0,0.0,0.0,0.0,2.0354909896850586,0.4463399052619934,0.2818065881729126,0.1445550173521042,0.1446727216243744,0.30178484320640564,0.2115676999092102,0.7364451885223389,0.0001,-0.2994789481163025,-0.30039840936660767,-0.20048454403877258,-0.20030055940151215,-0.2003217190504074,0.299930214881897,-0.29940491914749146,-0.2988203465938568,-0.20017476379871368,-0.19943904876708984,-0.20009620487689972,0.01798621006309986,0.11955570429563522,0.01798621006309986,0.12016501277685165,0.9999967813491821,0.9999967813491821,0.9999967813491821
5,40,49,10,10,2173,2173,0,0.0,2173,0,0.0,0,12.408865599994897,9.39636500008055,2.4326867000054335,3.2168973997759167,18.081442300011986,71.26854891483433,feasibility,not_applicable,-0.0014402461512123838,0.0058115872414097845,0.7330479630652595,-0.005864933174213066,0.0007075449534835678,0.0,0.9993356851970449,0.4763371709953336,0.27941176470588236,0.0,0.0,0.0,0.0,0.0,0.0,0.0,0.0,1.9805116653442383,0.6052621006965637,0.29693537950515747,0.16584305465221405,0.0916169062256813,0.4394189715385437,0.24893975257873535,0.9048020839691162,0.0001,-0.2994299530982971,-0.3008233606815338,-0.20071662962436676,-0.20060274004936218,-0.20062731206417084,0.3001650869846344,-0.29982954263687134,-0.2986574172973633,-0.2003369778394699,-0.1997266411781311,-0.1997089982032776,0.01798621006309986,0.11951044201850891,0.01798621006309986,0.12050732225179672,1.0000454187393188,1.0000454187393188,1.0000454187393188
6,50,59,10,10,1801,1801,0,0.0,1801,0,0.0,0,10.241698099998757,7.665450700078509,1.322617400001036,2.589486000055331,14.660968300013337,72.32157276134596,feasibility,phase_transition,0.006858521992147997,0.006004039742100727,0.6839220965730732,0.0030213204324887745,0.00014943817439353583,0.0,0.9997849834376368,0.5407395718683456,0.39655172413793105,0.0,0.0,0.0,0.0,0.0,0.0,0.0,0.0,1.967860460281372,0.8601933717727661,0.20729981362819672,0.163727268576622,0.07961883395910263,0.6964660882949829,0.23536375164985657,0.8524857759475708,0.0001,-0.29957953095436096,-0.30146387219429016,-0.20111456513404846,-0.20105691254138947,-0.2010505348443985,0.3004165589809418,-0.30000901222229004,-0.2984941005706787,-0.20072519779205322,-0.19972604513168335,-0.19936570525169373,0.01798621006309986,0.11958125978708267,0.01798621006309986,0.12064416706562042,1.0005831718444824,1.0005831718444824,1.0005831718444824
7,60,69,10,10,1804,1804,0,0.0,1804,0,0.0,0,9.78612059999432,7.6606056999153225,1.3098663999844575,2.3830664005945437,14.994895399999223,72.79766091916773,quality,pending,0.014800541391917344,0.019624933399709648,0.5780230041207939,0.018832778285161174,7.403263121683142e-06,0.0,0.9998999011927637,0.40085636528915375,0.3620689655172414,0.0,0.0,0.0,0.0,2.0276629513707656,2.033860514903891,0.0,0.0,1.1671727895736694,1.0306217670440674,0.21078826487064362,0.10841955989599228,0.1620412915945053,0.9222022294998169,0.20113642513751984,0.4090394377708435,0.0001,-0.2996992766857147,-0.301782488822937,-0.20129497349262238,-0.2012835294008255,-0.20127049088478088,0.30057838559150696,-0.30014047026634216,-0.2983826696872711,-0.20068785548210144,-0.19979402422904968,-0.1995474398136139,0.01798621006309986,0.11969384551048279,0.01798621006309986,0.12086742371320724,1.0011149644851685,1.0011149644851685,1.0011149644851685
8,70,79,10,10,1877,1877,0,0.0,1877,0,0.0,0,9.906010100006824,7.978121099949931,1.2383869000041159,2.221092800202314,14.975723800002015,75.43686495253986,quality,pending,-0.003082985896617174,0.003273363665599997,0.4937999735275904,-0.006384303133624296,5.345977288584436e-06,0.0,1.0000011175870895,0.3114427308862408,0.18333333333333332,0.0,0.0,0.0,0.0,2.0688518047332765,2.0833937406539915,0.0,0.0,1.4827836751937866,1.0712214708328247,0.14265963435173035,0.11094793677330017,0.06489603221416473,0.9602735638618469,0.17503295838832855,0.7930649518966675,0.0001,-0.2995961904525757,-0.3022449016571045,-0.20165657997131348,-0.201621413230896,-0.20152100920677185,0.30087918043136597,-0.3003348410129547,-0.29899680614471436,-0.2008059173822403,-0.19992460310459137,-0.19984076917171478,0.01798621006309986,0.11960270255804062,0.01798621006309986,0.12103845924139023,1.0021940469741821,1.0021940469741821,1.0021940469741821
9,80,89,10,10,1884,1884,0,0.0,1884,0,0.0,0,10.342969199991785,8.055624800123041,1.3670466000185115,2.265497799628065,15.788705300001311,72.0964131097109,quality,pending,0.002552962303161621,0.002332841858151369,0.5316519275307655,-0.0015971359990847608,9.203509288605952e-06,0.0,0.9999925931294759,0.22888370112826426,0.1,0.0,0.0,0.0,0.0,2.1355517864227296,2.1670507351557413,0.0,0.0,1.091004490852356,1.1363698244094849,0.1463036835193634,0.09713981300592422,0.06926999986171722,1.0392299890518188,0.14927875995635986,0.7758287787437439,0.0001,-0.2992197871208191,-0.30283328890800476,-0.20206943154335022,-0.20203718543052673,-0.20188960433006287,0.3009905517101288,-0.2999127507209778,-0.2989838123321533,-0.2004515677690506,-0.19971054792404175,-0.19981877505779266,0.01798621006309986,0.11972348392009735,0.01798621006309986,0.12084656953811646,1.0032737255096436,1.0032737255096436,1.0032737255096436
10,90,99,10,10,1805,1805,0,0.0,1805,0,0.0,0,10.175282900003367,7.760565099975793,1.317994200042449,2.451156100083608,15.28490659999079,70.89499471323315,quality,pending,-0.0016610816699163668,0.013514763880360487,0.5825809630854376,-0.0007295097738247493,3.253780454511359e-06,0.0,0.9998932439705421,0.4264453984797001,0.3620689655172414,0.0,0.0,0.0,0.0,2.180791238258625,2.222533267119835,0.0,0.0,1.4767584800720215,1.1948938369750977,0.242624893784523,0.06348057091236115,0.13444049656391144,1.131413221359253,0.17523452639579773,0.6929638385772705,0.0001,-0.29872238636016846,-0.3029966652393341,-0.2021888941526413,-0.2021556943655014,-0.20202255249023438,0.30071505904197693,-0.29985952377319336,-0.2990185022354126,-0.20016154646873474,-0.19968442618846893,-0.19982179999351501,0.01798621006309986,0.11988763511180878,0.01798621006309986,0.12071748822927475,1.0032576322555542,1.0032576322555542,1.0032576322555542
11,100,109,10,10,2244,2244,0,0.0,2244,0,0.0,0,12.576990099987597,10.08597729995381,1.5552574999746867,2.448173499389668,20.201736200004234,68.45903588390983,quality,pending,-0.01417042422367053,0.001522730138175474,0.5386481850097576,-0.018795541701062273,2.2718100808560848e-05,0.0,1.000006414949894,0.1708172401930723,0.05555555555555555,0.0,0.0,0.0,0.0,2.15412876341078,2.1838464273346796,0.0,0.0,0.782450258731842,1.290216088294983,0.19132617115974426,0.06698832660913467,0.04831433296203613,1.2232277393341064,0.18419340252876282,0.9362319707870483,0.0001,-0.2983052730560303,-0.3035851716995239,-0.20270296931266785,-0.2025696039199829,-0.20257282257080078,0.300875186920166,-0.29978784918785095,-0.2989804148674011,-0.19994117319583893,-0.1996040642261505,-0.199739009141922,0.01798621006309986,0.12050597369670868,0.01798621006309986,0.12075057625770569,1.0035449266433716,1.0035449266433716,1.0035449266433716
12,110,119,10,10,2805,2805,0,0.0,2805,0,0.0,0,15.166690500002005,12.487021300126798,1.453057999999146,2.709911700352677,26.205889399992884,67.79852759436804,quality,pending,0.0003751579841429537,0.001073060491101139,0.42340641807426105,-0.003322375046660785,6.142879566472072e-06,0.0,0.9999999193982645,0.13760222113606604,0.011363636363636364,0.0,0.0,0.0,0.0,2.1321404576301575,2.1543730090964925,0.0,0.0,0.5345638990402222,1.28496253490448,0.179718017578125,0.048614997416734695,0.04569312185049057,1.2363474369049072,0.17581383883953094,0.9353574514389038,0.0001,-0.2982020974159241,-0.3037690222263336,-0.20294871926307678,-0.2026241272687912,-0.2026180475950241,0.3009660243988037,-0.29938095808029175,-0.2986530363559723,-0.1995544731616974,-0.19926781952381134,-0.19993598759174347,0.01798621006309986,0.12032400071620941,0.01798621006309986,0.12097901105880737,1.002656102180481,1.002656102180481,1.002656102180481
13,120,129,10,10,1915,1915,0,0.0,1915,0,0.0,0,10.259010800000397,8.208046600149828,1.0571589000028325,1.877598700200906,16.323722400004044,72.03924388029746,quality,pending,0.0004154273774474859,0.0012047269488296782,0.5130350028475126,-0.004112558912796279,2.7941956233235032e-06,0.0,0.9999958634376526,0.12927530240267515,0.016666666666666666,0.0,0.0,0.0,0.0,2.150125237305959,2.17522337436676,0.0,0.0,0.5905608534812927,1.3832794427871704,0.23917171359062195,0.04490064084529877,0.05715157836675644,1.33837890625,0.21716800332069397,0.9428998827934265,0.0001,-0.29806607961654663,-0.30356141924858093,-0.2029937505722046,-0.20246490836143494,-0.20246349275112152,0.3005816340446472,-0.2992752194404602,-0.29866379499435425,-0.19940072298049927,-0.19920769333839417,-0.2001136690378189,0.01798621006309986,0.1204584613442421,0.01798621006309986,0.12099184840917587,1.002886414527893,1.002886414527893,1.002886414527893
14,130,139,10,10,2076,2076,0,0.0,2076,0,0.0,0,11.064982099996996,8.95404439997219,1.1965266999904998,2.2380474998790305,17.758161799996742,72.02545312902008,quality,pending,0.000920528108536294,0.0008449882906544107,0.512933074073358,-0.0037863092941486025,1.2398286437267167e-05,0.0,1.0000175707267993,0.12860716633837332,0.0,0.0,0.0,0.0,0.0,2.130973230708729,2.143404570492831,0.0,0.0,0.4543590247631073,1.3823860883712769,0.21195149421691895,0.035636987537145615,0.041150014847517014,1.3467490673065186,0.1985318660736084,0.9623064398765564,0.0001,-0.2980981767177582,-0.3035796582698822,-0.20307926833629608,-0.20247933268547058,-0.20262546837329865,0.30054834485054016,-0.29967552423477173,-0.29905202984809875,-0.19958621263504028,-0.19941161572933197,-0.20054985582828522,0.01798621006309986,0.12061123549938202,0.01798621006309986,0.12073759734630585,1.004835844039917,1.004835844039917,1.004835844039917
15,140,149,10,10,1573,1573,0,0.0,1573,0,0.0,0,8.878335700006573,6.8716774999920744,1.0687781999877188,2.0728827997518238,12.483372499991674,73.63643325116337,quality,pending,-0.0018897711299359799,0.0013569232879672198,0.5578518795967102,-0.0067898281570523975,7.167721396399429e-06,0.0,1.0001460242271423,0.13278793174773454,0.0,0.0,0.0,0.0,0.0,2.0913136768341065,2.0945448207855226,0.0,0.0,0.26365926861763,1.4891775846481323,0.25248149037361145,0.018887897953391075,0.0515335351228714,1.470289707183838,0.22756102681159973,0.9583398699760437,0.0001,-0.2982664108276367,-0.3036389946937561,-0.20309525728225708,-0.2025124430656433,-0.20267680287361145,0.3008233606815338,-0.3000345230102539,-0.29936498403549194,-0.1998109519481659,-0.19965419173240662,-0.20037849247455597,0.01798621006309986,0.12047801911830902,0.01798621006309986,0.1207469031214714,1.0051504373550415,1.0051504373550415,1.0051504373550415
16,150,159,10,10,2783,2783,0,0.0,2783,0,0.0,0,15.447021499989205,12.477551400093944,1.5953501000185497,3.1303844999638386,26.079170700002578,67.01794343668598,quality,pending,0.0005766278429126197,0.0006194400861700574,0.5054452073844996,-0.004168104065518657,3.110827791694894e-05,0.0,0.9999472593719309,0.12577124397185716,0.0,0.0,0.0,0.0,0.0,2.1174762059341776,2.1249236356128347,0.0,0.0,0.39847978949546814,1.4711614847183228,0.21084846556186676,0.020398927852511406,0.0288234930485487,1.4507626295089722,0.201944962143898,0.9813124537467957,0.0001,-0.2984764873981476,-0.3036293685436249,-0.20313894748687744,-0.20248915255069733,-0.20264622569084167,0.3010154366493225,-0.2994791567325592,-0.2997535765171051,-0.19940300285816193,-0.19928374886512756,-0.20046502351760864,0.01798621006309986,0.12090359628200531,0.01798621006309986,0.12062862515449524,1.0058043003082275,1.0058043003082275,1.0058043003082275
17,160,169,10,10,2428,2428,0,0.0,2428,0,0.0,0,13.65286400000332,10.701963999847067,1.535817700001644,2.911711499633384,21.34454450001067,69.3765654105226,quality,pending,-0.00022146975817648987,0.008877071492239147,0.5167307990946268,-0.0009502419025490159,1.6414511357628438e-06,0.0,0.9999847310154062,0.27150148501325594,0.10526315789473684,0.0,0.0,0.0,0.0,2.162945295635023,2.183415240363071,0.0,0.0,0.9495105147361755,1.5279244184494019,0.27608534693717957,0.0023007297422736883,0.10884497314691544,1.5256235599517822,0.22209382057189941,0.8445717096328735,0.0001,-0.298715740442276,-0.3038155436515808,-0.20344483852386475,-0.20261123776435852,-0.20264586806297302,0.3015342354774475,-0.29934608936309814,-0.299675315618515,-0.19929273426532745,-0.19912905991077423,-0.2003946453332901,0.01798621006309986,0.12093295156955719,0.01798621006309986,0.12064609676599503,1.0050848722457886,1.0050848722457886,1.0050848722457886
18,170,179,10,10,2560,2560,0,0.0,2560,0,0.0,0,14.739582399997744,11.469243000174174,3.359323899989249,2.796282100636745,23.839533599995775,66.3571451455868,quality,pending,-0.00018119002343155443,0.009201286151073873,0.48189485147595407,-0.0003994953876826912,1.2290567974559963e-05,0.0,0.9998699985444546,0.2898270273581147,0.1375,0.0,0.0,0.0,0.0,2.164410415291786,2.184130382537842,0.0,0.0,0.7678375840187073,1.4079991579055786,0.2848060429096222,0.005511783063411713,0.1031637117266655,1.4024872779846191,0.25645753741264343,0.8687934279441833,0.0001,-0.29875925183296204,-0.3039267063140869,-0.20352430641651154,-0.20268958806991577,-0.20272119343280792,0.30141115188598633,-0.2993595600128174,-0.2997395396232605,-0.19923847913742065,-0.1991361826658249,-0.20044872164726257,0.01798621006309986,0.12084361165761948,0.01798621006309986,0.12067724019289017,1.00462806224823,1.00462806224823,1.00462806224823
19,180,189,10,10,2137,2137,0,0.0,2137,0,0.0,0,11.336932699996396,9.301677099865628,1.2146372999850428,2.139784200277063,18.30132020000019,72.10276554459949,quality,pending,-0.0002583413220503751,0.001218566667589852,0.4795760683277074,-0.004444818163071485,1.1766996856428759e-05,0.0,1.0000813366735684,0.10769833788713988,0.0,0.0,0.0,0.0,0.0,2.176004911170286,2.1980301036554226,0.0,0.0,0.26150667667388916,1.3646317720413208,0.25904765725135803,0.014720260165631771,0.049707844853401184,1.3499116897583008,0.2771972715854645,0.9631794095039368,0.0001,-0.2992246747016907,-0.3041698932647705,-0.2037559151649475,-0.20285160839557648,-0.20286546647548676,0.3017316460609436,-0.2993501126766205,-0.29958251118659973,-0.19945043325424194,-0.19913364946842194,-0.20038849115371704,0.01798621006309986,0.12078668177127838,0.01798621006309986,0.12058962881565094,1.0052729845046997,1.0052729845046997,1.0052729845046997
20,190,199,10,10,2615,2615,0,0.0,2615,0,0.0,0,13.82990169999539,11.406922300186125,1.4566037000186043,2.440958000224782,22.76173719999497,71.46441314495725,quality,pending,6.503332406282425e-05,0.0006614775345774322,0.4678889269508967,-0.004283117297923238,7.386980053902002e-06,0.0,1.0000648076941328,0.09682863010320722,0.0,0.0,0.0,0.0,0.0,2.186913690915922,2.22067370356583,0.0,0.0,0.26192930340766907,1.527032732963562,0.2546366751194,0.013497063890099525,0.03317304700613022,1.5135358572006226,0.24808403849601746,0.9830281734466553,0.0001,-0.2989967465400696,-0.304429292678833,-0.20404323935508728,-0.20302920043468475,-0.20298868417739868,0.30163779854774475,-0.29944151639938354,-0.30057838559150696,-0.19971279799938202,-0.19924722611904144,-0.2011134773492813,0.01798621006309986,0.120628722012043,0.01798621006309986,0.12061218172311783,1.005159616470337,1.005159616470337,1.005159616470337
21,200,209,10,10,3048,3048,0,0.0,3048,0,0.0,0,16.71658049999678,13.861818700112053,1.9820176999783143,3.2862644999986514,29.260626600007527,66.29371795834277,quality,pending,0.00024714610966232914,0.00041418983695014805,0.51132173029085,-0.004658975997396435,8.090838913214308e-06,0.0,1.0000999650607507,0.08790409287515406,0.0,0.0,0.0,0.0,0.0,2.1998156756162643,2.2391541426380477,0.0,0.0,0.18520107865333557,1.5503129959106445,0.21828199923038483,0.015176262706518173,0.022840876132249832,1.5351370573043823,0.216727152466774,0.9890506267547607,0.0001,-0.2983734607696533,-0.30387571454048157,-0.2036956548690796,-0.20264407992362976,-0.2026439756155014,0.3008098602294922,-0.2998078763484955,-0.3010788559913635,-0.19938233494758606,-0.19949746131896973,-0.2014082372188568,0.01798621006309986,0.12056352943181992,0.01798621006309986,0.12072373926639557,1.0047024488449097,1.0047024488449097,1.0047024488449097
22,210,219,10,10,1940,1940,0,0.0,1940,0,0.0,0,10.401821599996765,8.429431200027466,1.2578378999896813,2.3083207997551654,16.568928199994843,71.92977630902215,quality,pending,-0.00045295978235381266,0.014051169297853184,0.532772270421828,0.0012449032416747463,2.0558057786406755e-05,0.0,1.000039562102287,0.38711201333470885,0.27419354838709675,0.0,0.0,0.0,0.0,2.2324886206657655,2.287031977407394,0.0,0.0,1.234191656112671,1.433519721031189,0.3424403667449951,-0.007163411006331444,0.11884195357561111,1.4406832456588745,0.30491310358047485,0.8795602917671204,0.0001,-0.2984618842601776,-0.3035099506378174,-0.2034856379032135,-0.20238696038722992,-0.2023918777704239,0.30053266882896423,-0.30000433325767517,-0.3012606203556061,-0.19953499734401703,-0.19960294663906097,-0.2014136016368866,0.01798621006309986,0.12075380235910416,0.01798621006309986,0.1205962523818016,1.004116415977478,1.004116415977478,1.004116415977478
23,220,229,10,10,2221,2221,0,0.0,2221,0,0.0,0,14.551414600005955,9.81466580007691,1.3675168000045232,3.6095222998555982,20.190946399990935,63.927722125741504,quality,pending,-0.00019285614336175577,0.0009886882097427069,0.5481055877038411,-0.005179567428837929,2.381623628804976e-05,0.0,0.9999358543327876,0.14308365894747632,0.014285714285714285,0.0,0.0,0.0,0.0,2.288544273376465,2.381985936846052,0.0,0.0,0.5418820381164551,1.4688459634780884,0.27403974533081055,0.010902647860348225,0.03752528131008148,1.457943320274353,0.29381537437438965,0.9812491536140442,0.0001,-0.2984505593776703,-0.30369096994400024,-0.20336195826530457,-0.20251300930976868,-0.20255862176418304,0.30078136920928955,-0.300605446100235,-0.3014827370643616,-0.1995391994714737,-0.2000199407339096,-0.20146995782852173,0.01798621006309986,0.12085311114788055,0.01798621006309986,0.12054099887609482,1.0039647817611694,1.0039647817611694,1.0039647817611694
24,230,239,10,10,2987,2987,0,0.0,2987,0,0.0,0,16.895590300002368,13.37661200002185,6.203119900004822,3.013816700404277,28.701029700008803,65.50924169377616,quality,pending,-0.0014325233691550316,0.0003907012784459747,0.48342039832409395,-0.006071376497857273,3.27979181447711e-06,0.0,1.0000532402637157,0.061102667367680275,0.0,0.0,0.0,0.0,0.0,2.346909982092837,2.4756000320962133,0.0,0.0,0.14039455354213715,1.5859978199005127,0.20772355794906616,0.008975205942988396,0.022813282907009125,1.5770225524902344,0.21278229355812073,0.987938404083252,0.0001,-0.2981833517551422,-0.3037513196468353,-0.2033204585313797,-0.2025478631258011,-0.20261506736278534,0.30024877190589905,-0.3009262681007385,-0.3016420900821686,-0.19978661835193634,-0.199919655919075,-0.2013341784477234,0.0179862380027771,0.120912566781044,0.01798621006309986,0.12039752304553986,1.0039385557174683,1.0039385557174683,1.0039385557174683
25,240,249,10,10,2497,2497,0,0.0,2497,0,0.0,0,13.596439400003874,11.057051500014495,1.2729989999934332,2.2420546993089374,21.906846400001086,70.33151844215081,quality,pending,-0.05104737033834681,0.000513224724943484,0.44199546948075297,-0.05521071344264783,4.0435867049382065e-06,0.0,0.9999776177108288,0.09250295779202133,0.0125,0.0,0.0,0.0,0.0,2.372905948758125,2.5228431552648543,0.0,0.0,0.6783583760261536,1.4378297328948975,0.28169143199920654,0.007197565399110317,0.026275841519236565,1.4306321144104004,0.2913151979446411,0.9912990927696228,0.0001,-0.2981947958469391,-0.30369341373443604,-0.20319324731826782,-0.2025303989648819,-0.20252348482608795,0.3000238537788391,-0.30127495527267456,-0.30247920751571655,-0.2000468671321869,-0.20008161664009094,-0.20163096487522125,0.01798626407980919,0.12092677503824234,0.01798621006309986,0.12039705365896225,1.0040923357009888,1.0040923357009888,1.0040923357009888
26,250,259,10,10,2639,2639,0,0.0,2639,0,0.0,0,14.259471900004428,11.767382400052156,1.6159841000044253,2.709758300727117,24.434970799993607,68.20100809980484,quality,not_promoted,0.002832641714208183,0.0005823297534724199,0.5183954104071572,-0.002060147695287707,9.199990040474945e-06,0.0,1.0000409469718026,0.12426065487254943,0.0,0.0,0.0,0.0,0.0,2.4233502717245194,2.5847111088888988,0.0,0.0,0.46560707688331604,1.5029106140136719,0.282074898481369,0.006116010714322329,0.024364355951547623,1.496794581413269,0.2777746021747589,0.9925392866134644,0.0001,-0.29866859316825867,-0.304204523563385,-0.2032235562801361,-0.20287910103797913,-0.20266591012477875,0.30026975274086,-0.30132201313972473,-0.3023940920829773,-0.20015065371990204,-0.200201153755188,-0.20170193910598755,0.01798626407980919,0.12100155651569366,0.01798621006309986,0.12038751691579819,1.0050537586212158,1.0050537586212158,1.0050537586212158
27,260,269,10,10,3096,3096,0,0.0,3096,0,0.0,0,17.507124299998395,14.203546000106144,1.9576154999958817,3.2920535002922406,29.901397499997984,65.30471490043877,quality,pending,-0.0013417342525659775,0.000266708331022231,0.4977792939361261,-0.0061861729981111625,4.419553835425771e-06,0.0,1.0000340816925983,0.05951432209005769,0.0,0.0,0.0,0.0,0.0,2.463231157283394,2.625948961900205,0.0,0.0,0.20679977536201477,1.5693260431289673,0.2223997563123703,0.007510530762374401,0.018455473706126213,1.5618155002593994,0.22020961344242096,0.9931137561798096,5e-05,-0.2987828552722931,-0.30420204997062683,-0.2032022476196289,-0.20288152992725372,-0.20266276597976685,0.3002369999885559,-0.30158957839012146,-0.30252590775489807,-0.20014089345932007,-0.20045071840286255,-0.2019263207912445,0.01798626407980919,0.12110716849565506,0.01798621006309986,0.12035302817821503,1.0057857036590576,1.0057857036590576,1.0057857036590576
28,270,279,10,10,2409,2409,0,0.0,2409,0,0.0,0,13.229005200002575,10.490446500247344,2.4089296000020113,2.4855156002013246,20.65490460000001,71.09569156035873,quality,pending,-0.0019470677637544117,0.000508585909540814,0.39856238271060745,-0.005678398553036938,1.4119649353903552e-05,0.0,1.0000848825040616,0.07329546522937323,0.0,0.0,0.0,0.0,0.0,2.4267298140023885,2.5863849206974634,0.0,0.0,0.16195328533649445,1.5618700981140137,0.2691212296485901,0.0015231329016387463,0.02537190541625023,1.560347080230713,0.2651747465133667,0.9911118745803833,5e-05,-0.2989313006401062,-0.3043387234210968,-0.2033402919769287,-0.20295824110507965,-0.2027786672115326,0.30029529333114624,-0.30163344740867615,-0.3025255799293518,-0.20017606019973755,-0.20047283172607422,-0.201929971575737,0.01798626407980919,0.12141512334346771,0.01798621006309986,0.12032952159643173,1.0063145160675049,1.0063145160675049,1.0063145160675049
29,280,289,10,10,1678,1678,0,0.0,1678,0,0.0,0,8.996062100006384,6.956015500021749,1.5213426000264008,1.8377162997494452,12.715376099993591,77.28645078887506,quality,pending,0.006729172163263515,0.0007714676216386983,0.47836841146151227,0.002331221829754887,4.312893710578936e-06,0.0,0.9999847721170496,0.10215946221379218,0.0,0.0,0.0,0.0,0.0,2.4166301753785877,2.5927437323111073,0.0,0.0,0.2217710018157959,1.5543406009674072,0.3032887876033783,-0.011863861232995987,0.03261401504278183,1.56620454788208,0.2961214780807495,0.9884363412857056,5e-05,-0.29890915751457214,-0.30442723631858826,-0.20348292589187622,-0.20302516222000122,-0.20283769071102142,0.30034804344177246,-0.30181097984313965,-0.30253565311431885,-0.20026129484176636,-0.2005821019411087,-0.20199598371982574,0.01798626407980919,0.1214737817645073,0.01798621006309986,0.1203203797340393,1.0065231323242188,1.0065231323242188,1.0065231323242188
30,290,299,10,10,2324,2324,0,0.0,2324,0,0.0,0,13.588222499995027,10.972252799983835,1.9339010999974562,2.4088961998495506,19.964143100005458,69.26486280299612,quality,pending,-0.00692025080600099,0.0004441830495960784,0.4267869168842161,-0.010966028247305469,7.141033472942434e-06,0.0,1.0000831251208846,0.06652322799168728,0.0,0.0,0.0,0.0,0.0,2.454170314041344,2.6435919452357934,0.0,0.0,0.19689670205116272,1.5658007860183716,0.2892230153083801,-0.005044298712164164,0.023091256618499756,1.5708452463150024,0.28501150012016296,0.9936257600784302,5e-05,-0.29903924465179443,-0.3045818507671356,-0.20347493886947632,-0.2031303495168686,-0.20287957787513733,0.3005386292934418,-0.30193474888801575,-0.3026858866214752,-0.20029833912849426,-0.20068401098251343,-0.20220448076725006,0.01798626407980919,0.12165820598602295,0.01798621006309986,0.12031129747629166,1.007319688796997,1.007319688796997,1.007319688796997
31,300,309,10,10,2264,2264,0,0.0,2264,0,0.0,0,14.02141169999959,11.317977899991092,1.9065374999627238,2.3636558994912775,21.773830800011638,63.248628641062844,quality,pending,0.0005582781094643804,0.00042291306716732733,0.5329602128929563,-0.004559866728312854,1.722151352654164e-05,0.0,1.0000872570607398,0.08890856843855646,0.0,0.0,0.0,0.0,0.0,2.4905393719673157,2.6927691631846957,0.0,0.0,0.40846163034439087,1.5461112260818481,0.28595730662345886,0.002258148044347763,0.023855607956647873,1.5438529253005981,0.29050374031066895,0.9930405020713806,5e-05,-0.2989014983177185,-0.3046116232872009,-0.20342718064785004,-0.20314744114875793,-0.2028825432062149,0.30042412877082825,-0.30198487639427185,-0.30249255895614624,-0.20028941333293915,-0.20071882009506226,-0.20221276581287384,0.01798626407980919,0.12159568071365356,0.01798621006309986,0.1203283742070198,1.0075358152389526,1.0075358152389526,1.0075358152389526
32,310,319,10,10,2732,2732,0,0.0,2732,0,0.0,0,16.86952689998725,13.409880699866335,2.1629447999875993,3.112167099927319,24.68208160001086,65.74956057357261,quality,pending,-0.0007825057607057482,0.00035678301372722357,0.4393187383579653,-0.004997301673473314,2.6436085493007214e-05,0.0,1.0001020722611005,0.07614086923557659,0.0,0.0,0.0,0.0,0.0,2.4902278683906376,2.6846215974452883,0.0,0.0,0.16240668296813965,1.606594204902649,0.28879499435424805,-0.0001774233387550339,0.020136922597885132,1.60677170753479,0.28926312923431396,0.9951381087303162,5e-05,-0.2987669110298157,-0.30487337708473206,-0.20358535647392273,-0.20332442224025726,-0.20306114852428436,0.30044013261795044,-0.3021497428417206,-0.3025893270969391,-0.20026929676532745,-0.20082135498523712,-0.20220623910427094,0.01798626407980919,0.1214786171913147,0.01798621006309986,0.12032254785299301,1.0079513788223267,1.0079513788223267,1.0079513788223267
33,320,329,10,10,2461,2461,0,0.0,2461,0,0.0,0,15.041548699999112,11.873570000112522,1.6914074999949662,2.7142710998887196,22.091407200001413,66.27535945771463,quality,pending,-5.5380905858981306e-05,0.0003829740434855175,0.4614755324064157,-0.00447864934670715,1.1721489330832414e-05,0.0,1.0000901298645215,0.08054093195077701,0.0,0.0,0.0,0.0,0.0,2.478089140011714,2.682353728856796,0.0,0.0,0.21267524361610413,1.5216103792190552,0.26490068435668945,-7.547494897153229e-05,0.02244262769818306,1.5216857194900513,0.2702862024307251,0.9928223490715027,5e-05,-0.2986850142478943,-0.3048025667667389,-0.2036224603652954,-0.2032688409090042,-0.20301741361618042,0.3004344701766968,-0.30198580026626587,-0.3024999499320984,-0.20031960308551788,-0.20068378746509552,-0.2021578997373581,0.01798626407980919,0.12133077532052994,0.01798621006309986,0.12034782022237778,1.0078730583190918,1.0078730583190918,1.0078730583190918
34,330,339,10,10,2463,2463,0,0.0,2463,0,0.0,0,14.825430500000948,12.14994349986955,1.7660602999822004,2.3754684001323767,22.514887800003635,65.96087318301456,quality,pending,0.00010533517417617333,0.0003898442479951952,0.44612378837206423,-0.004160980246244715,2.6452545165366014e-06,0.0,0.9999563480034853,0.06006633325551565,0.0,0.0,0.0,0.0,0.0,2.4500960967479606,2.624411029693408,0.0,0.0,0.13267666101455688,1.597033143043518,0.28121843934059143,0.0024131035897880793,0.022345716133713722,1.5946201086044312,0.2770726978778839,0.9936860799789429,5e-05,-0.2986627519130707,-0.30477675795555115,-0.2035999894142151,-0.20325146615505219,-0.20300863683223724,0.3003793954849243,-0.3019717335700989,-0.3024587631225586,-0.20029591023921967,-0.2006659358739853,-0.20219643414020538,0.01798626407980919,0.12131135165691376,0.01798621006309986,0.12034901976585388,1.0081630945205688,1.0081630945205688,1.0081630945205688
35,340,349,10,10,2875,2875,0,0.0,2875,0,0.0,0,18.68171109999821,14.627945999905933,8.189372199994978,2.8574107005260885,28.290293400001246,61.20667045410066,quality,pending,-0.00013796055896414652,0.00031829602618624147,0.4843887292676502,-0.004822699741149942,7.946278022548843e-07,0.0,1.000004709429211,0.062310007587075236,0.0,0.0,0.0,0.0,0.0,2.4425202316708035,2.6138040277693007,0.0,0.0,0.13998036086559296,1.585920810699463,0.23921383917331696,0.0034978899639099836,0.018440425395965576,1.5824230909347534,0.23817171156406403,0.9940574765205383,5e-05,-0.2986993193626404,-0.30461934208869934,-0.20345452427864075,-0.20314650237560272,-0.202931746840477,0.30031734704971313,-0.30196613073349,-0.3023821711540222,-0.20039130747318268,-0.20059961080551147,-0.20214776694774628,0.01798626407980919,0.12128053605556488,0.01798621006309986,0.12035192549228668,1.0082954168319702,1.0082954168319702,1.0082954168319702
36,350,359,10,10,2250,2250,0,0.0,2250,0,0.0,0,12.355526200000895,9.947734100089292,1.3318065999774262,2.2858322000683984,20.590583000011975,68.29334493916875,quality,pending,0.0036581880542346174,0.00026290309102073987,0.5255038945211304,-0.0014653991675004363,1.2272975358958622e-06,0.0,0.9999892099036111,0.060497514722454876,0.0,0.0,0.0,0.0,0.0,2.437615921099981,2.633249325884713,0.0,0.0,0.1261548548936844,1.541887640953064,0.256441593170166,0.000508219818584621,0.0178315881639719,1.5413793325424194,0.2577177584171295,0.9951649308204651,5e-05,-0.29852160811424255,-0.3046158254146576,-0.20346276462078094,-0.20314595103263855,-0.20289674401283264,0.3002396821975708,-0.3019431531429291,-0.3023829460144043,-0.20038791000843048,-0.20059385895729065,-0.2022646814584732,0.01798626407980919,0.12125944346189499,0.01798621006309986,0.12035204470157623,1.0084195137023926,1.0084195137023926,1.0084195137023926
37,360,369,10,10,1967,1967,0,0.0,1967,0,0.0,0,10.95819720000145,8.512938899963046,1.2976355999999214,2.2371164999203756,16.957828300000983,70.46131978923104,quality,pending,0.0006690029235136124,0.0002896213305986396,0.4861349948952275,-0.004047535510072785,2.2656906335874563e-06,0.0,0.9999834731701882,0.07038145830794688,0.0,0.0,0.0,0.0,0.0,2.407358811747643,2.567779044951162,0.0,0.0,0.15310296416282654,1.414207935333252,0.27216410636901855,0.0020979461260139942,0.018261559307575226,1.4121099710464478,0.2743909955024719,0.9954978823661804,5e-05,-0.29856035113334656,-0.3044092059135437,-0.2033560425043106,-0.20300817489624023,-0.20274102687835693,0.3001457750797272,-0.30169677734375,-0.30217355489730835,-0.20035557448863983,-0.20042620599269867,-0.20236515998840332,0.01798626407980919,0.12124033272266388,0.01798621006309986,0.12032219022512436,1.008894920349121,1.008894920349121,1.008894920349121
38,370,379,10,10,2916,2916,0,0.0,2916,0,0.0,0,16.09822489999351,12.998932899805368,4.269175000008545,2.500147299913806,26.557618400009233,68.36109133961988,quality,pending,8.585102066559637e-05,0.00023469605208526406,0.40390102192759514,-0.00383581123542567,7.1062759502947e-07,0.0,0.9999877130207808,0.053960436266725476,0.0,0.0,0.0,0.0,0.0,2.4043630439302195,2.571569834066474,0.0,0.0,0.16598011553287506,1.555680513381958,0.2330615371465683,0.003243963699787855,0.01612621173262596,1.5524367094039917,0.22975748777389526,0.9952123165130615,5e-05,-0.29875051975250244,-0.3043789565563202,-0.20335562527179718,-0.20298141241073608,-0.20276279747486115,0.30017706751823425,-0.3016985058784485,-0.30247652530670166,-0.20033776760101318,-0.2004929631948471,-0.20246143639087677,0.01798626407980919,0.12128004431724548,0.01798621006309986,0.12032517045736313,1.0092616081237793,1.0092616081237793,1.0092616081237793
39,380,389,10,10,3120,3120,0,0.0,3120,0,0.0,0,17.785458099999232,14.108189200036577,1.806239599987748,3.086628200209816,29.21583539999847,66.38115182936727,quality,pending,0.0006561605259776115,0.00021353687882264222,0.38336333450005977,-0.0030707045985689883,1.1777924245326194e-06,0.0,1.000018183674131,0.05196970062596457,0.0,0.0,0.0,0.0,0.0,2.421917662328603,2.606275728770665,0.0,0.0,0.10563704371452332,1.5291037559509277,0.24277161061763763,0.0026295396964997053,0.01624712161719799,1.5264742374420166,0.23877662420272827,0.9955212473869324,5e-05,-0.2987169623374939,-0.30456483364105225,-0.2033843994140625,-0.20311708748340607,-0.20290736854076385,0.30021706223487854,-0.30190902948379517,-0.3025088608264923,-0.20021572709083557,-0.2006666660308838,-0.20262236893177032,0.01798626407980919,0.1212809830904007,0.01798621006309986,0.1203450858592987,1.0097472667694092,1.0097472667694092,1.0097472667694092
40,390,399,10,10,2502,2502,0,0.0,2502,0,0.0,0,13.712157800007844,11.324792700237595,1.5724522000236902,2.415788999860524,22.990010800000164,68.17035874004061,quality,pending,-0.0016619278816506267,0.0002443586191020586,0.47879165355116127,-0.006327665102435276,1.4801221065452452e-06,0.0,0.9999731250107289,0.05803867492359131,0.0,0.0,0.0,0.0,0.0,2.4509210258722307,2.632880511879921,0.0,0.0,0.14392594993114471,1.515424132347107,0.2750062644481659,0.0027730336878448725,0.018053609877824783,1.5126510858535767,0.28034281730651855,0.9956903457641602,5e-05,-0.29855766892433167,-0.3045105040073395,-0.20334987342357635,-0.20307788252830505,-0.20286771655082703,0.3000473380088806,-0.3018946349620819,-0.30269312858581543,-0.20033890008926392,-0.20070110261440277,-0.20274843275547028,0.01798626407980919,0.12122725695371628,0.01798621006309986,0.12041159719228745,1.010151743888855,1.010151743888855,1.010151743888855
41,400,409,10,10,2418,2418,0,0.0,2418,0,0.0,0,13.411734499997692,10.785792899900116,1.4570492999919225,2.601621100184275,22.463853299996117,67.39959254410927,quality,pending,9.51517569391351e-07,0.018051014819464303,0.509552956411713,0.003930930483252986,1.7042906497528365e-06,0.0,0.9999439010494634,0.39863925941876677,0.27631578947368424,0.0,0.0,0.0,0.0,2.4556412571354915,2.644084202615838,0.0,0.0,1.0689650774002075,1.476278305053711,0.34338194131851196,-0.02453344687819481,0.15031608939170837,1.5008119344711304,0.26841846108436584,0.8083732724189758,5e-05,-0.29860103130340576,-0.30439406633377075,-0.20330685377120972,-0.20299960672855377,-0.20279072225093842,0.300119549036026,-0.3018679916858673,-0.3027345836162567,-0.20033390820026398,-0.20069025456905365,-0.2027525007724762,0.01798626407980919,0.12118198722600937,0.01798621006309986,0.12041065841913223,1.010079264640808,1.010079264640808,1.010079264640808
42,410,419,10,10,1353,1353,0,0.0,1353,0,0.0,0,7.674504899987369,5.45846609993896,1.4283335000072839,2.061039199499646,9.810102300005383,77.38235034531178,quality,pending,-0.004304347136481242,0.0019349336838455531,0.5834607549689033,-0.009171484567394311,1.8839520926728814e-06,0.0,0.9999734542586587,0.14756605858829888,0.0,0.0,0.0,0.0,0.0,2.4613339630040256,2.669536780227314,0.0,0.0,0.4333275556564331,1.5022521018981934,0.35457560420036316,-0.018796641379594803,0.04901266470551491,1.5210485458374023,0.368972510099411,0.9808927178382874,2.5e-05,-0.2986641526222229,-0.30435308814048767,-0.2032812088727951,-0.20297271013259888,-0.20277217030525208,0.3001491129398346,-0.3018743097782135,-0.302727073431015,-0.20035116374492645,-0.2006993442773819,-0.20277255773544312,0.01798626407980919,0.1211332306265831,0.01798621006309986,0.12042537331581116,1.0100619792938232,1.0100619792938232,1.0100619792938232
43,420,429,10,10,2529,2529,0,0.0,2529,0,0.0,0,14.401855300005991,11.294932799908565,2.7760422000137623,2.8400393998308573,23.57855400000699,66.58696013576494,quality,pending,-0.0006973355542868376,0.008558757235005033,0.465795286744833,-0.0010759101540315896,3.155569366697364e-07,0.0,1.000000285357237,0.17496693212306128,0.0,0.0,0.0,0.0,0.0,2.4393488228321076,2.6303664267063143,0.0,0.0,0.45853671431541443,1.5229287147521973,0.32965216040611267,-0.013744836673140526,0.09773804247379303,1.536673665046692,0.3008747398853302,0.9120946526527405,2.5e-05,-0.2986600995063782,-0.3044607639312744,-0.20336738228797913,-0.2030452936887741,-0.20284944772720337,0.3002285659313202,-0.3019847273826599,-0.3027743995189667,-0.20030145347118378,-0.2007555067539215,-0.20278003811836243,0.01798626407980919,0.12114746123552322,0.01798621006309986,0.1204100251197815,1.009979486465454,1.009979486465454,1.009979486465454
44,430,439,10,10,2785,2785,0,0.0,2785,0,0.0,0,15.588941299996804,12.516272600070806,3.9985858000291046,2.723670499632135,25.76584809999622,67.34407405785193,quality,pending,0.0012984211101535368,0.00045976343889461447,0.4455352107232267,-0.0029270496981387787,1.6930283499381396e-07,0.0,0.9999884285710074,0.0527236712673171,0.0,0.0,0.0,0.0,0.0,2.4469991461797194,2.65362733873454,0.0,0.0,0.10597414523363113,1.6037827730178833,0.26297470927238464,-0.003661847673356533,0.02493204176425934,1.6074448823928833,0.2612186372280121,0.9910115003585815,2.5e-05,-0.29860183596611023,-0.30456432700157166,-0.20342883467674255,-0.2031187117099762,-0.20293061435222626,0.3002973198890686,-0.3021748960018158,-0.3028588593006134,-0.20042717456817627,-0.20088431239128113,-0.20283018052577972,0.01798626407980919,0.1211695671081543,0.01798621006309986,0.12039487063884735,1.0102298259735107,1.0102298259735107,1.0102298259735107
45,440,449,10,10,2623,2623,0,0.0,2623,0,0.0,0,14.06990329999826,11.614035200007493,1.3766322000010405,2.3663230009406107,24.46084780000092,68.07549619763462,quality,pending,-4.730545120631776e-05,0.0004481568021441401,0.456862211227417,-0.004391849847374166,2.435599403461643e-07,0.0,1.0000006309369716,0.05610955522463816,0.0,0.0,0.0,0.0,0.0,2.452546520930965,2.659373271756056,0.0,0.0,0.16788414120674133,1.5569806098937988,0.30367231369018555,-0.0027767049614340067,0.025967106223106384,1.5597573518753052,0.30646607279777527,0.992688000202179,2.5e-05,-0.29846128821372986,-0.30456143617630005,-0.20344553887844086,-0.20311705768108368,-0.2029217779636383,0.30016452074050903,-0.30210670828819275,-0.3027908205986023,-0.20048107206821442,-0.20085644721984863,-0.20282268524169922,0.01798626407980919,0.12119166553020477,0.01798621006309986,0.1203705221414566,1.0100736618041992,1.0100736618041992,1.0100736618041992
46,450,459,10,10,3028,3028,0,0.0,3028,0,0.0,0,16.538884800000233,13.495010200087563,3.3948479000100633,2.844888999912655,27.986609300001874,68.00598311608307,quality,not_promoted,0.0008554466961262127,0.00023327495334039364,0.42568208153049153,-0.00328473673046877,2.3816259873873e-06,0.0,0.9999991916120052,0.06677474776127686,0.0,0.0,0.0,0.0,0.0,2.4573728342851004,2.6775654728213945,0.0,0.0,0.1946849226951599,1.631219506263733,0.2739403545856476,-0.0026547927409410477,0.017325235530734062,1.6338741779327393,0.27069029211997986,0.9960001111030579,2.5e-05,-0.298471599817276,-0.30476292967796326,-0.2035575956106186,-0.20325972139835358,-0.2030426263809204,0.3002969026565552,-0.3020595610141754,-0.30269935727119446,-0.20046859979629517,-0.20081517100334167,-0.20283924043178558,0.01798626407980919,0.12126205116510391,0.01798621006309986,0.12038221210241318,1.0105564594268799,1.0105564594268799,1.0105564594268799
47,460,469,10,10,2854,2854,0,0.0,2854,0,0.0,0,16.416181799999322,12.531235700109391,3.582355300022755,2.795983099975274,23.98385550000239,70.64349913359806,quality,pending,-0.0026512544705635972,0.000512418301756649,0.3232771356900533,-0.005627815932449367,9.82646209261399e-07,0.0,1.000006119410197,0.06724524699772398,0.0,0.0,0.0,0.0,0.0,2.46227388381958,2.7130520502726236,0.0,0.0,0.19045008718967438,1.4838045835494995,0.28738969564437866,-0.0026931578759104013,0.028179483488202095,1.4864978790283203,0.29622119665145874,0.9903855919837952,2.5e-05,-0.2984656095504761,-0.3048768937587738,-0.20361845195293427,-0.20334044098854065,-0.2031354010105133,0.30030545592308044,-0.3018685579299927,-0.3025950789451599,-0.2004537135362625,-0.20069514214992523,-0.2027745097875595,0.01798626407980919,0.1212199255824089,0.01798621006309986,0.12041322886943817,1.0106223821640015,1.0106223821640015,1.0106223821640015
48,470,479,10,10,2606,2606,0,0.0,2606,0,0.0,0,13.774560799996834,11.36785649981175,2.110558400003356,2.47974540037103,22.991153299997677,70.88125618646393,quality,pending,0.0003053244067037978,0.0002507741018922477,0.47930096162528524,-0.004362297519791599,1.2790417473552669e-06,0.0,0.9999729729280239,0.062002764242451366,0.0,0.0,0.0,0.0,0.0,2.5133665160435004,2.766989876584309,0.0,0.0,0.1969119757413864,1.6280981302261353,0.26320159435272217,-0.0024254205636680126,0.018260285258293152,1.6305235624313354,0.26110121607780457,0.9951867461204529,2.5e-05,-0.29849037528038025,-0.3047948479652405,-0.20361529290676117,-0.20327778160572052,-0.20310436189174652,0.3003169894218445,-0.3017851412296295,-0.30260440707206726,-0.20051628351211548,-0.20064227283000946,-0.2028438150882721,0.01798626407980919,0.12121997028589249,0.01798621006309986,0.12042389065027237,1.0109148025512695,1.0109148025512695,1.0109148025512695
49,480,489,10,10,1695,1695,0,0.0,1695,0,0.0,0,8.961753499999759,7.091558099942631,1.1159161999967182,1.9564380002120743,13.508825199998682,75.43196918200053,quality,pending,0.001176682990734224,0.00036416050419642553,0.5499861378360678,-0.004141096948404555,2.1018911529798365e-07,0.0,0.9999867743915982,0.07558392557419008,0.0,0.0,0.0,0.0,0.0,2.5321175743032387,2.8156946588445595,0.0,0.0,0.18512123823165894,1.4495197534561157,0.26369303464889526,-0.0036707185208797455,0.0280902162194252,1.4531904458999634,0.28208935260772705,0.9886521697044373,2.5e-05,-0.2984984219074249,-0.3049057126045227,-0.20370836555957794,-0.20335541665554047,-0.2031821757555008,0.30037572979927063,-0.3016969859600067,-0.3026421070098877,-0.20048126578330994,-0.2005794197320938,-0.20282508432865143,0.01798626407980919,0.12123993039131165,0.01798621006309986,0.12041757255792618,1.0112941265106201,1.0112941265106201,1.0112941265106201
50,490,499,10,10,2360,2360,0,0.0,2360,0,0.0,0,12.893540300006862,10.48199730014312,1.513225299975602,2.3883603004651377,21.21214509999845,69.19667417091792,quality,not_promoted,-1.1122206578383575e-05,0.00022700471802366068,0.5458097776045671,-0.005355717796781981,3.733340487445804e-07,0.0,1.0000091428692277,0.056215880489027176,0.0,0.0,0.0,0.0,0.0,2.541234796111648,2.8155404329299927,0.0,0.0,0.15597258508205414,1.6008508205413818,0.2616959810256958,0.0001923274394357577,0.01865234039723873,1.6006585359573364,0.25544679164886475,0.9949198961257935,2.5e-05,-0.2985638976097107,-0.3048817217350006,-0.2037201076745987,-0.20334191620349884,-0.20316120982170105,0.30040907859802246,-0.30173569917678833,-0.30263227224349976,-0.2005072683095932,-0.20059140026569366,-0.20286262035369873,0.01798626407980919,0.1212223470211029,0.01798621006309986,0.12039947509765625,1.0112605094909668,1.0112605094909668,1.0112605094909668
