instance_id,seed,pressure_type,cost_profile,ood_factor,terminated,truncated,task_succeeded,task_failed,termination_reason,decisions,makespan,completed_orders,unfinished_orders,initial_progress,operation_progress,initial_preference_quality_score,single_stage_proxy_return,total_flow_time,flow_time_objective,reconfiguration_cost,worker_load_variance,preference,preference_key,preference_quality_score,preference_flow,preference_cost,preference_variance,forced_action_state_count,forced_production_count,forced_worker_count,forced_pair_count,forced_wait_count,forced_production_pair_count,forced_production_wait_count,forced_worker_pair_count,forced_worker_wait_count,forced_pair_wait_physically_unavailable_count,forced_wait_pair_physically_unavailable_count,forced_wait_dis_count,forced_wait_ins_count,forced_mixed_wait_stage_count,forced_phase_handoff_count,forced_recovery_wait_count,forced_future_event_wait_count,forced_direct_process_count,forced_commit_reconfig_count,forced_worker_assign_count,forced_action_chain_count,longest_forced_action_chain,mean_forced_action_chain_length,quality_score,heuristic_quality_score,reward_quality_score,heuristic_reward_quality_score,quality_metric_version,quality_metric_sha256,decode_mode,result_role,action_trace_sha256,sampling_seed,sampling_repeat,derived_sampling_seed,sampling_evaluation_key,sampling_rng_version,inference_time_seconds,solve_time_seconds,inference_time_per_decision_ms,heuristic_completed,heuristic_makespan,heuristic_flow_time,heuristic_reconfiguration_cost,heuristic_worker_load_variance,relative_heuristic_gap_percent,makespan_heuristic_gap_percent,reconfiguration_cost_heuristic_gap_percent,worker_load_variance_heuristic_gap_percent,maximum_worker_fatigue,mean_peak_worker_fatigue,safe_fatigue_limit,fatigue_masked_action_count,fatigue_masked_action_ratio,worker_competition_event_count,worker_matching_deficit_event_count,minimum_worker_alternatives,wait_total_ticks,wait_total_time,production_wait_ticks,production_wait_time,worker_wait_ticks,worker_wait_time,wait_min_estimated_deadline_slack_ticks,ranker_top_decision_count,ranker_top_selected_count,ranker_top_selection_rate,context_override_count,context_override_rate,production_pair_plus_wait_state_count,production_decision_state_count,production_pair_plus_wait_ratio,worker_pair_plus_wait_state_count,worker_decision_state_count,worker_pair_plus_wait_ratio,mean_commit_set_logit,reconfiguration_reuse_count,qualification_scarcity_regret,qualification_scarcity_decision_count,wait_reason_counts,wait_mask_reason_counts,direct_process_action_count,commit_reconfig_action_count,worker_assign_action_count,wait_action_count,production_wait_action_count,worker_wait_action_count,machine_waiting_for_worker_time,completed_reconfigurations,worker_switch_ratio,schedule_violation_count,total_effective_load,max_module_load,ready_configuration_gap_ratio,heuristic_reconfiguration_ratio,mean_wave_overlap_ratio
test_balanced_3000000,3000000,balanced,balanced_cost,,True,False,True,False,completed,134,187.4,14,0,0.0,1.0,0.0,0.6631666206134291,609.5,609.5,83.71496964302001,7.55888888888889,"{'flow': 1.0, 'cost': 0.0, 'variance': 0.0}",d17fb47064bdfcb2,0.3368333793865709,1.0,0.0,0.0,57,53,4,0,114,0,53,0,4,0,57,2,2,0,4,0,57,0,0,0,41,3,1.3902439024390243,0.21785602092006806,0.2525464155302223,0.3368333793865709,0.3238293796134558,canonical_bounded_quality_v1,cd7a75eec571f2801dad1b7bcac15263d02db4a27e1a43d5c6febd3e057f88de,greedy,greedy_diagnostic,4c307f956d790db0fd9e1d44a1a670b68105a104d0ce29277218280a5a2ef7ba,,0,,,,9.55354630349722,207.57112400000915,71.2951216678897,True,183.3,574.7,331.9508952146,4.3080555556,6.055333217330773,2.2367703218767017,-74.78091764479205,75.45941066296517,0.2145536637,0.15333617281666667,0.75,0,0.0,0,0,3,1874,187.4,1758,175.8,116,11.600000000000001,526,77,51,0.6623376623376623,7,0.09090909090909091,126,126,1.0,8,8,1.0,0,14,0,0,"{""external_event:DIS_COMPLETE"": 2, ""external_event:INS_COMPLETE"": 2, ""external_event:ORDER_RELEASE"": 14, ""external_event:PROCESS_COMPLETE"": 54, ""worker_phase_handoff"": 4}","{""external_event:DIS_COMPLETE"": 4, ""external_event:INS_COMPLETE"": 4, ""external_event:ORDER_RELEASE"": 45, ""external_event:PROCESS_COMPLETE"": 198, ""reconfiguration_duration_improved"": 8, ""worker_phase_handoff"": 8}",52,2,4,76,72,4,0.0,2,1.0,0,0.26671875,0.1500833333,0.1481481481,0.1481481481,0.2953631692
test_machine_bottleneck_3000001,3000001,machine_bottleneck,labor_dominant,,False,True,False,True,unrecoverable_deadlock,146,240.0,11,5,0.0,0.7,0.0,-0.30000000000000004,,3157.6,221.45092521022008,21.321388888888894,"{'flow': 1.0, 'cost': 0.0, 'variance': 0.0}",d17fb47064bdfcb2,1.0,1.0,0.0,0.0,36,26,10,0,72,0,26,0,10,0,36,4,4,0,8,0,36,0,0,0,27,3,1.3333333333333333,0.47648959459215856,0.37295740656908716,1.0,0.46834433565194267,canonical_bounded_quality_v1,cd7a75eec571f2801dad1b7bcac15263d02db4a27e1a43d5c6febd3e057f88de,greedy,greedy_diagnostic,57e492ca650cd1c15728fde3eba484f10d4132fa1e098a92bf27da60b87a31f6,,0,,,,10.482483186988777,222.88005669997074,71.79783004786833,True,179.7,1057.1,759.1407361555,2.4447222222,198.7040015135749,33.55592654424041,-70.82873903833574,772.1395296068372,0.29437079339999994,0.19904188825000002,0.75,0,0.0,0,0,2,2377,237.70000000000002,2129,212.9,248,24.8,-474,110,61,0.5545454545454546,3,0.02727272727272727,117,125,0.936,19,21,0.9047619047619048,0,31,0,0,"{""external_event:DIS_COMPLETE"": 5, ""external_event:INS_COMPLETE"": 5, ""external_event:ORDER_RELEASE"": 16, ""external_event:PROCESS_COMPLETE"": 48, ""worker_phase_handoff"": 11}","{""external_event:DIS_COMPLETE"": 16, ""external_event:INS_COMPLETE"": 14, ""external_event:ORDER_RELEASE"": 47, ""external_event:PROCESS_COMPLETE"": 164, ""no_state_progress"": 21, ""reconfiguration_duration_improved"": 8, ""worker_phase_handoff"": 22}",44,6,11,85,75,10,0.0,5,1.0,0,0.3905208333,0.3576666667,0.3676470588,0.2794117647,0.5983225536
test_reconfiguration_bottleneck_3000002,3000002,reconfiguration_bottleneck,fixed_cost_dominant,,False,True,False,True,unrecoverable_deadlock,168,240.0,13,3,0.0,0.884375,0.0,-0.11562499999999998,,2298.7,207.73842003380003,9.952500000000002,"{'flow': 1.0, 'cost': 0.0, 'variance': 0.0}",d17fb47064bdfcb2,1.0,1.0,0.0,0.0,23,15,8,0,46,0,15,0,8,0,23,4,4,0,8,0,23,0,0,0,16,3,1.4375,0.4133108568677081,0.46248938340024776,1.0,0.514680902693521,canonical_bounded_quality_v1,cd7a75eec571f2801dad1b7bcac15263d02db4a27e1a43d5c6febd3e057f88de,greedy,greedy_diagnostic,87dc4b35cf8e5927647ca098861e1c5cf55d53afd3d1997e083e15a6e78bf5fb,,0,,,,12.24673806958787,240.05444019997958,72.89725041421352,True,215.9,1272.6,1648.0583407638,5.0780555556,80.63020587773063,11.162575266327002,-87.39495957785556,95.99037251619947,0.32020000000000004,0.23281373323333335,0.75,0,0.0,0,0,2,2397,239.70000000000002,2288,228.8,109,10.9,-354,145,71,0.4896551724137931,2,0.013793103448275862,141,151,0.9337748344370861,16,17,0.9411764705882353,0,42,0,0,"{""external_event:DIS_COMPLETE"": 4, ""external_event:INS_COMPLETE"": 4, ""external_event:ORDER_RELEASE"": 16, ""external_event:PROCESS_COMPLETE"": 60, ""reconfiguration_duration_improved"": 2, ""worker_phase_handoff"": 9}","{""external_event:DIS_COMPLETE"": 10, ""external_event:INS_COMPLETE"": 20, ""external_event:ORDER_RELEASE"": 55, ""external_event:PROCESS_COMPLETE"": 200, ""no_state_progress"": 23, ""reconfiguration_duration_improved"": 10, ""worker_phase_handoff"": 18}",59,5,9,95,87,8,0.0,4,1.0,0,0.3818229167,0.2333333333,0.5428571429,0.3857142857,0.5873142004
test_worker_bottleneck_3000003,3000003,worker_bottleneck,balanced_cost,,False,True,False,True,unrecoverable_deadlock,186,240.0,12,4,0.0,0.84375,0.0,-0.15625,,3152.3000000000006,327.45007211269007,16.704722222222227,"{'flow': 1.0, 'cost': 0.0, 'variance': 0.0}",d17fb47064bdfcb2,1.0,1.0,0.0,0.0,43,28,15,0,86,0,28,0,15,0,43,7,9,0,15,0,43,0,0,0,28,4,1.5357142857142858,0.48623023175650487,0.44065419639873,1.0,0.5506291192330737,canonical_bounded_quality_v1,cd7a75eec571f2801dad1b7bcac15263d02db4a27e1a43d5c6febd3e057f88de,greedy,greedy_diagnostic,dceba05e517ef0cab88c3c71c39fc4a736cb8dffa5b7e7b5a1c43a821b39a106,,0,,,,13.791620342959204,249.2464599000523,74.1484964675226,True,153.7,1470.4,1160.4616621419,1.0722222222,114.38384113166488,56.1483409238777,-71.78277552846465,1457.9533679079373,0.40204792580000004,0.3113860900666667,0.75,0,0.0,1,1,0,2374,237.4,2174,217.4,200,20.0,-400,143,73,0.5104895104895105,7,0.04895104895104895,146,157,0.9299363057324841,27,29,0.9310344827586207,0,47,0,0,"{""external_event:DIS_COMPLETE"": 7, ""external_event:INS_COMPLETE"": 7, ""external_event:ORDER_RELEASE"": 16, ""external_event:PROCESS_COMPLETE"": 61, ""reconfiguration_duration_improved"": 1, ""worker_phase_handoff"": 15}","{""external_event:DIS_COMPLETE"": 26, ""external_event:INS_COMPLETE"": 20, ""external_event:ORDER_RELEASE"": 57, ""external_event:PROCESS_COMPLETE"": 202, ""no_state_progress"": 27, ""reconfiguration_duration_improved"": 10, ""worker_phase_handoff"": 30}",58,7,14,107,92,15,0.2,7,0.7142857142857143,0,0.3708854167,0.3096666667,0.6575342466,0.3287671233,0.8670817689
test_fatigue_bottleneck_3000004,3000004,fatigue_bottleneck,fixed_cost_dominant,,True,False,True,False,completed,212,139.3,17,0,0.0,1.0,0.0,0.45544253833308024,1434.8000000000002,1434.8000000000002,346.2950043755,19.233333333333334,"{'flow': 1.0, 'cost': 0.0, 'variance': 0.0}",d17fb47064bdfcb2,0.5445574616669198,1.0,0.0,0.0,91,76,15,0,182,0,76,0,15,0,91,7,9,1,14,0,91,0,0,0,70,5,1.3,0.4050058595653981,0.4450685590911253,0.5445574616669198,0.5651386120674036,canonical_bounded_quality_v1,cd7a75eec571f2801dad1b7bcac15263d02db4a27e1a43d5c6febd3e057f88de,greedy,greedy_diagnostic,db8e6075f576655aac2ccb02b82eea4f7ce3aae7369ea2707d8e720a9d4155cd,,0,,,,16.478814509586606,256.8706170000369,77.73025712069153,True,146.8,1559.5,1018.4692506043,2.9455555556,-7.996152613016981,-5.108991825613079,-65.99848211715486,552.9611467272282,0.5642462983000002,0.4186505581166667,0.75,0,0.0,1,1,0,1393,139.3,1207,120.7,186,18.6,1007,121,84,0.6942148760330579,8,0.06611570247933884,181,181,1.0,31,31,1.0,0,59,0,0,"{""external_event:DIS_COMPLETE"": 7, ""external_event:DIS_COMPLETE+INS_COMPLETE"": 1, ""external_event:INS_COMPLETE"": 7, ""external_event:ORDER_RELEASE"": 15, ""external_event:ORDER_RELEASE+PROCESS_COMPLETE"": 1, ""external_event:PROCESS_COMPLETE"": 73, ""reconfiguration_duration_improved"": 1, ""worker_phase_handoff"": 15}","{""external_event:DIS_COMPLETE"": 28, ""external_event:DIS_COMPLETE+INS_COMPLETE"": 2, ""external_event:INS_COMPLETE"": 20, ""external_event:ORDER_RELEASE"": 47, ""external_event:ORDER_RELEASE+PROCESS_COMPLETE"": 6, ""external_event:PROCESS_COMPLETE"": 272, ""reconfiguration_duration_improved"": 14, ""worker_phase_handoff"": 34}",68,8,16,120,105,15,1.8,8,0.75,0,0.4044791667,0.3521666667,0.5921052632,0.3026315789,0.783026547
test_high_arrival_pressure_3000005,3000005,high_arrival_pressure,balanced_cost,,False,True,False,True,unrecoverable_deadlock,177,240.0,13,5,0.0,0.8194444444444445,0.0,-0.18055555555555547,,3694.2999999999997,171.82426586731,12.835555555555558,"{'flow': 1.0, 'cost': 0.0, 'variance': 0.0}",d17fb47064bdfcb2,1.0,1.0,0.0,0.0,29,23,6,0,58,0,23,0,6,0,29,3,3,1,5,0,29,0,0,0,21,4,1.380952380952381,0.46225176520537004,0.4274761152429421,1.0,0.572999323915596,canonical_bounded_quality_v1,cd7a75eec571f2801dad1b7bcac15263d02db4a27e1a43d5c6febd3e057f88de,greedy,greedy_diagnostic,659fed6fc7b09d94de5846142091bc2ee710974c5378c4a36564b2453037a7f2,,0,,,,13.017767002936006,244.8772835000418,73.54670623127687,True,155.0,1610.3,803.4213559278,1.9013888889,129.41687884245172,54.83870967741935,-78.61343059908017,575.0620891121985,0.2746111189,0.17112163198333333,0.75,0,0.0,0,0,2,2389,238.9,2279,227.9,110,11.0,-391,148,63,0.42567567567567566,14,0.0945945945945946,154,163,0.9447852760736196,12,14,0.8571428571428571,0,9,0,0,"{""external_event:DIS_COMPLETE"": 4, ""external_event:INS_COMPLETE"": 3, ""external_event:ORDER_RELEASE"": 17, ""external_event:ORDER_RELEASE+PROCESS_COMPLETE"": 1, ""external_event:PROCESS_COMPLETE"": 66, ""reconfiguration_duration_improved"": 2, ""worker_phase_handoff"": 7}","{""external_event:DIS_COMPLETE"": 8, ""external_event:INS_COMPLETE"": 8, ""external_event:ORDER_RELEASE"": 65, ""external_event:ORDER_RELEASE+PROCESS_COMPLETE"": 4, ""external_event:PROCESS_COMPLETE"": 226, ""no_state_progress"": 23, ""reconfiguration_duration_improved"": 4, ""worker_phase_handoff"": 16}",65,4,8,100,94,6,0.0,3,1.0,0,0.4243229167,0.2488333333,0.5243902439,0.243902439,0.8607078921
test_easy_3000006,3000006,easy,labor_dominant,,True,False,True,False,completed,127,235.70000000000002,14,0,0.0,1.0,0.0,0.5511413218206036,977.3,977.3,37.27445590678,2.5013888888888887,"{'flow': 1.0, 'cost': 0.0, 'variance': 0.0}",d17fb47064bdfcb2,0.44885867817939645,1.0,0.0,0.0,22,20,2,0,44,0,20,0,2,0,22,1,1,0,2,0,22,0,0,0,19,2,1.1578947368421053,0.24473868705095486,0.23074126206994233,0.44885867817939645,0.3057162693820874,canonical_bounded_quality_v1,cd7a75eec571f2801dad1b7bcac15263d02db4a27e1a43d5c6febd3e057f88de,greedy,greedy_diagnostic,9b23c35fdb85308be463393105ed7665c3f811fc8679ae69dc7deaee71121f87,,0,,,,9.041467227676186,196.8049799000146,71.19265533603297,True,175.4,528.4,321.172458461,1.27,84.9545798637396,34.37856328392247,-88.39425519691432,96.95975503062115,0.12250000000000001,0.0931384769,0.75,0,0.0,0,0,3,2357,235.70000000000002,2319,231.9,38,3.8000000000000003,43,105,45,0.42857142857142855,11,0.10476190476190476,117,123,0.9512195121951219,4,4,1.0,0,18,0,0,"{""external_event:DIS_COMPLETE"": 1, ""external_event:INS_COMPLETE"": 1, ""external_event:ORDER_RELEASE"": 14, ""external_event:PROCESS_COMPLETE"": 53, ""worker_phase_handoff"": 2}","{""external_event:DIS_COMPLETE"": 4, ""external_event:INS_COMPLETE"": 4, ""external_event:ORDER_RELEASE"": 59, ""external_event:PROCESS_COMPLETE"": 170, ""no_state_progress"": 12, ""worker_phase_handoff"": 4}",53,1,2,71,69,2,0.0,1,1.0,0,0.2366145833,0.1323333333,0.1851851852,0.1851851852,0.0
test_balanced_3000007,3000007,balanced,downtime_dominant,,False,True,False,True,unrecoverable_deadlock,133,240.0,13,2,0.0,0.9333333333333333,0.0,-0.06666666666666665,,1377.3,0.0,0.0,"{'flow': 1.0, 'cost': 0.0, 'variance': 0.0}",d17fb47064bdfcb2,1.0,1.0,0.0,0.0,31,31,0,0,62,0,31,0,0,0,31,0,0,0,0,0,31,0,0,0,29,2,1.0689655172413792,0.26719823070655335,0.28816416406511275,1.0,0.36822154364536164,canonical_bounded_quality_v1,cd7a75eec571f2801dad1b7bcac15263d02db4a27e1a43d5c6febd3e057f88de,greedy,greedy_diagnostic,990a2e61d27913f94df060e10cda2c57834cdaeedc483380a5d6b1d5eb3eb8a0,,0,,,,9.479907103500969,205.95315179997124,71.27749701880428,True,206.9,699.4,398.6996402946,5.1080555556,96.92593651701459,15.99806669888835,-99.99999999999999,-100.0,0.1478304276,0.08239317661666666,0.75,0,0.0,0,0,6,2353,235.3,2353,235.3,0,0.0,-272,102,55,0.5392156862745098,6,0.058823529411764705,128,133,0.9624060150375939,0,0,0.0,0,0,0,0,"{""external_event:ORDER_RELEASE"": 15, ""external_event:PROCESS_COMPLETE"": 58}","{""external_event:ORDER_RELEASE"": 59, ""external_event:PROCESS_COMPLETE"": 196, ""no_state_progress"": 11}",60,0,0,73,73,0,0.0,0,,0,0.3130729167,0.16575,0.1290322581,0.1129032258,0.3443951295
test_machine_bottleneck_3000008,3000008,machine_bottleneck,fixed_cost_dominant,,False,True,False,True,unrecoverable_deadlock,154,240.0,8,10,0.0,0.5972222222222222,0.0,-0.4027777777777778,,5120.1,290.65509818371004,33.745833333333344,"{'flow': 1.0, 'cost': 0.0, 'variance': 0.0}",d17fb47064bdfcb2,1.0,1.0,0.0,0.0,34,20,14,0,68,0,20,0,14,0,34,4,4,0,8,0,34,0,0,0,26,3,1.3076923076923077,0.5532157675290469,0.404634614866786,1.0,0.5153081832135067,canonical_bounded_quality_v1,cd7a75eec571f2801dad1b7bcac15263d02db4a27e1a43d5c6febd3e057f88de,greedy,greedy_diagnostic,748c08baf3ddc43a58f57ebafe38466a90b9dc47256d2b152a3c36e074d8d63c,,0,,,,11.11914433032196,230.59527990000788,72.20223591118156,True,173.7,1275.8,933.6955494372,0.5366666667,301.3246590374667,38.169257340241806,-68.87046335832842,6188.04347787031,0.33333375039999996,0.21695003133333335,0.75,0,0.0,0,0,2,2396,239.60000000000002,2054,205.4,342,34.2,-535,120,62,0.5166666666666667,2,0.016666666666666666,116,125,0.928,23,29,0.7931034482758621,0,30,0,0,"{""external_event:DIS_COMPLETE"": 7, ""external_event:INS_COMPLETE"": 6, ""external_event:ORDER_RELEASE"": 18, ""external_event:PROCESS_COMPLETE"": 44, ""worker_phase_handoff"": 15}","{""external_event:DIS_COMPLETE"": 18, ""external_event:INS_COMPLETE"": 16, ""external_event:ORDER_RELEASE"": 71, ""external_event:PROCESS_COMPLETE"": 136, ""no_state_progress"": 31, ""reconfiguration_duration_improved"": 6, ""worker_phase_handoff"": 30}",41,8,15,90,76,14,0.0,7,1.0,0,0.4392708333,0.3710833333,0.4545454545,0.2987012987,0.6629053191
test_reconfiguration_bottleneck_3000009,3000009,reconfiguration_bottleneck,labor_dominant,,False,True,False,True,unrecoverable_deadlock,141,240.0,11,7,0.0,0.7,0.0,-0.30000000000000004,,3888.8999999999996,95.05417472137,15.66805555555556,"{'flow': 1.0, 'cost': 0.0, 'variance': 0.0}",d17fb47064bdfcb2,1.0,1.0,0.0,0.0,4,1,3,0,8,0,1,0,3,0,4,0,0,0,0,0,4,0,0,0,4,1,1.0,0.4558562354586747,0.47264555243941014,1.0,0.5294486706924947,canonical_bounded_quality_v1,cd7a75eec571f2801dad1b7bcac15263d02db4a27e1a43d5c6febd3e057f88de,greedy,greedy_diagnostic,613c6d72f50542e69143dcef2fe2b47a7af9fe77ecbcb8c41adac4a47ddb2a30,,0,,,,10.098089914273706,216.75533020007424,71.61765896648018,True,212.5,1350.2,1814.467847119,3.9122222222,188.0239964449711,12.941176470588236,-94.76131942088165,300.48991763930985,0.21700000000000003,0.11396136478333334,0.75,0,0.0,0,0,3,2385,238.5,2227,222.70000000000002,158,15.8,-525,137,58,0.4233576642335766,4,0.029197080291970802,130,134,0.9701492537313433,3,7,0.42857142857142855,0,6,0,0,"{""external_event:DIS_COMPLETE"": 2, ""external_event:INS_COMPLETE"": 1, ""external_event:ORDER_RELEASE"": 18, ""external_event:PROCESS_COMPLETE"": 54, ""reconfiguration_duration_improved"": 2, ""worker_phase_handoff"": 4}","{""external_event:DIS_COMPLETE"": 4, ""external_event:INS_COMPLETE"": 2, ""external_event:ORDER_RELEASE"": 53, ""external_event:PROCESS_COMPLETE"": 194, ""no_state_progress"": 17, ""reconfiguration_duration_improved"": 4, ""worker_phase_handoff"": 8}",54,2,4,81,78,3,0.0,1,1.0,0,0.398125,0.229,0.5974025974,0.3246753247,0.5941905496
test_worker_bottleneck_3000010,3000010,worker_bottleneck,balanced_cost,,False,True,False,True,unrecoverable_deadlock,187,240.0,14,1,0.0,0.9866666666666667,0.0,-0.013333333333333308,,2024.5000000000007,273.05928440554004,12.32333333333333,"{'flow': 1.0, 'cost': 0.0, 'variance': 0.0}",d17fb47064bdfcb2,1.0,1.0,0.0,0.0,49,37,12,0,98,0,37,0,12,0,49,5,5,0,10,0,49,0,0,0,36,3,1.3611111111111112,0.41781827894855095,0.4443308923981406,1.0,0.5245830196901865,canonical_bounded_quality_v1,cd7a75eec571f2801dad1b7bcac15263d02db4a27e1a43d5c6febd3e057f88de,greedy,greedy_diagnostic,3978504437012ade5da215188e602f69b0885c5943df6fde664ae447b2950969,,0,,,,13.885325242965036,249.64594189997297,74.25307616558842,True,160.0,1324.1,1329.6502472196,2.8580555556,52.89630692545886,50.0,-79.46382629743967,331.17892894654585,0.43824443879999997,0.26097821455000003,0.75,0,0.0,0,0,1,2326,232.60000000000002,2186,218.60000000000002,140,14.0,-1,138,74,0.5362318840579711,6,0.043478260869565216,157,163,0.9631901840490797,23,24,0.9583333333333334,0,39,0,0,"{""external_event:DIS_COMPLETE"": 5, ""external_event:DIS_COMPLETE+INS_COMPLETE"": 1, ""external_event:INS_COMPLETE"": 5, ""external_event:ORDER_RELEASE"": 15, ""external_event:PROCESS_COMPLETE"": 67, ""reconfiguration_duration_improved"": 2, ""worker_phase_handoff"": 12}","{""external_event:DIS_COMPLETE"": 20, ""external_event:DIS_COMPLETE+INS_COMPLETE"": 2, ""external_event:INS_COMPLETE"": 18, ""external_event:ORDER_RELEASE"": 53, ""external_event:PROCESS_COMPLETE"": 226, ""no_state_progress"": 15, ""reconfiguration_duration_improved"": 16, ""worker_phase_handoff"": 24}",62,6,12,107,95,12,0.0,6,0.6666666666666666,0,0.35859375,0.3049166667,0.6029411765,0.3970588235,0.8529598961
test_fatigue_bottleneck_3000011,3000011,fatigue_bottleneck,balanced_cost,,True,False,True,False,completed,195,232.4,16,0,0.0,1.0,0.0,0.4143503332067263,1696.0999999999997,1696.0999999999997,287.22564654148005,9.549166666666666,"{'flow': 1.0, 'cost': 0.0, 'variance': 0.0}",d17fb47064bdfcb2,0.5856496667932737,1.0,0.0,0.0,62,52,10,0,124,0,52,0,10,0,62,5,4,1,8,0,62,0,0,0,46,4,1.3478260869565217,0.3918369995472224,0.45114635017864435,0.5856496667932737,0.5336727159678234,canonical_bounded_quality_v1,cd7a75eec571f2801dad1b7bcac15263d02db4a27e1a43d5c6febd3e057f88de,greedy,greedy_diagnostic,3f52c91caa32ae86696ca2fbe7a8dea8d1d528491275b2fd5c0d99083ca132e3,,0,,,,14.673910509684296,252.78077000007033,75.25082312658613,True,158.4,1373.3,956.8397972415,11.5833333333,23.505424888953595,46.717171717171716,-69.98184572072245,-17.561151078899464,0.4339536058,0.31968258374999997,0.75,0,0.0,0,0,1,2324,232.4,2170,217.0,154,15.4,76,133,85,0.6390977443609023,1,0.007518796992481203,168,173,0.9710982658959537,21,22,0.9545454545454546,0,42,0,0,"{""external_event:DIS_COMPLETE"": 4, ""external_event:DIS_COMPLETE+ORDER_RELEASE"": 1, ""external_event:INS_COMPLETE"": 6, ""external_event:ORDER_RELEASE"": 14, ""external_event:ORDER_RELEASE+PROCESS_COMPLETE"": 1, ""external_event:PROCESS_COMPLETE"": 72, ""reconfiguration_duration_improved"": 1, ""worker_phase_handoff"": 10}","{""external_event:DIS_COMPLETE"": 12, ""external_event:DIS_COMPLETE+ORDER_RELEASE"": 2, ""external_event:INS_COMPLETE"": 20, ""external_event:ORDER_RELEASE"": 57, ""external_event:ORDER_RELEASE+PROCESS_COMPLETE"": 2, ""external_event:PROCESS_COMPLETE"": 252, ""no_state_progress"": 12, ""reconfiguration_duration_improved"": 10, ""worker_phase_handoff"": 22}",68,6,12,109,99,10,0.0,6,1.0,0,0.3811979167,0.3465,0.5540540541,0.2702702703,0.8487002165
test_high_arrival_pressure_3000012,3000012,high_arrival_pressure,balanced_cost,,False,True,False,True,unrecoverable_deadlock,157,240.0,14,2,0.0,0.9375,0.0,-0.0625,,2377.8,0.0,0.0,"{'flow': 1.0, 'cost': 0.0, 'variance': 0.0}",d17fb47064bdfcb2,1.0,1.0,0.0,0.0,19,19,0,0,38,0,19,0,0,0,19,0,0,0,0,0,19,0,0,0,17,2,1.1176470588235294,0.3322991782659735,0.36753352095432884,1.0,0.4883165614872932,canonical_bounded_quality_v1,cd7a75eec571f2801dad1b7bcac15263d02db4a27e1a43d5c6febd3e057f88de,greedy,greedy_diagnostic,5d7acefcddac84de35955624472a1d5c98a26a982b5482dc67acef390a0a2ee8,,0,,,,11.356916855319087,232.8596759000793,72.33705003387954,True,137.8,1145.2,633.1456350308,1.8322222222,107.63185469786937,74.16545718432509,-100.0,-100.0,0.146107978,0.09410976256666666,0.75,0,0.0,0,0,6,2373,237.3,2373,237.3,0,0.0,-254,138,64,0.463768115942029,9,0.06521739130434782,151,157,0.9617834394904459,0,0,0.0,0,0,0,0,"{""external_event:ORDER_RELEASE"": 14, ""external_event:ORDER_RELEASE+PROCESS_COMPLETE"": 1, ""external_event:PROCESS_COMPLETE"": 69, ""reconfiguration_duration_improved"": 1}","{""external_event:ORDER_RELEASE"": 51, ""external_event:ORDER_RELEASE+PROCESS_COMPLETE"": 2, ""external_event:PROCESS_COMPLETE"": 246, ""no_state_progress"": 13, ""reconfiguration_duration_improved"": 2}",72,0,0,85,85,0,0.0,0,,0,0.3730729167,0.2003333333,0.3466666667,0.2,0.8231934249
test_balanced_3000013,3000013,balanced,fixed_cost_dominant,,False,True,False,True,unrecoverable_deadlock,144,240.0,14,4,0.0,0.8629629629629629,0.0,-0.13703703703703707,,2030.1000000000004,102.21035092996004,5.784722222222221,"{'flow': 1.0, 'cost': 0.0, 'variance': 0.0}",d17fb47064bdfcb2,1.0,1.0,0.0,0.0,40,36,4,0,80,0,36,0,4,0,40,2,1,0,3,0,40,0,0,0,35,2,1.1428571428571428,0.36280633587149913,0.2886939465718873,1.0,0.3885661877101804,canonical_bounded_quality_v1,cd7a75eec571f2801dad1b7bcac15263d02db4a27e1a43d5c6febd3e057f88de,greedy,greedy_diagnostic,f7ceeba91598cdcb3bec83b251ec05e2821c1b8d0e4f3c4828b66c19ef36d712,,0,,,,10.317992314259293,220.28905070002656,71.65272440457842,True,214.6,762.6,424.5061390068,1.2847222222,166.20771046420145,11.835973904939424,-75.92252701713632,350.2702702780586,0.15750000000000003,0.10839968491666667,0.75,0,0.0,0,0,3,2379,237.9,2305,230.5,74,7.4,-329,104,62,0.5961538461538461,1,0.009615384615384616,128,135,0.9481481481481482,6,9,0.6666666666666666,0,4,0,0,"{""external_event:DIS_COMPLETE"": 2, ""external_event:INS_COMPLETE"": 2, ""external_event:ORDER_RELEASE"": 18, ""external_event:PROCESS_COMPLETE"": 54, ""worker_phase_handoff"": 5}","{""external_event:DIS_COMPLETE"": 8, ""external_event:INS_COMPLETE"": 6, ""external_event:ORDER_RELEASE"": 63, ""external_event:PROCESS_COMPLETE"": 178, ""no_state_progress"": 21, ""reconfiguration_duration_improved"": 2, ""worker_phase_handoff"": 10}",55,3,5,81,77,4,0.0,2,1.0,0,0.3365104167,0.19925,0.171875,0.15625,0.3224571227
test_machine_bottleneck_3000014,3000014,machine_bottleneck,balanced_cost,,False,True,False,True,unrecoverable_deadlock,213,240.0,13,5,0.0,0.9305555555555556,0.0,-0.06944444444444442,,3526.5000000000005,269.10454854628,19.30222222222222,"{'flow': 1.0, 'cost': 0.0, 'variance': 0.0}",d17fb47064bdfcb2,1.0,1.0,0.0,0.0,67,56,11,0,134,0,56,0,11,0,67,4,4,1,7,0,67,0,0,0,56,3,1.1964285714285714,0.4923735111629468,0.42476313490218337,1.0,0.5510494219761308,canonical_bounded_quality_v1,cd7a75eec571f2801dad1b7bcac15263d02db4a27e1a43d5c6febd3e057f88de,greedy,greedy_diagnostic,ea1ffc3e60f136be7dffc7aa450220ba8528d29b7dcaab4c0f39195c1cc463e7,,0,,,,16.60436280957068,257.0134256000165,77.95475497451024,True,200.7,1472.9,870.9912435087,2.5158333333,139.42562292076857,19.5814648729447,-69.10364477807842,667.2297670411909,0.3328550711,0.19814447135,0.75,0,0.0,0,0,2,2393,239.3,2144,214.4,249,24.900000000000002,-116,146,88,0.6027397260273972,7,0.04794520547945205,181,189,0.9576719576719577,20,24,0.8333333333333334,0,38,0,0,"{""external_event:DIS_COMPLETE"": 5, ""external_event:DIS_COMPLETE+PROCESS_COMPLETE"": 1, ""external_event:INS_COMPLETE"": 6, ""external_event:ORDER_RELEASE"": 17, ""external_event:ORDER_RELEASE+PROCESS_COMPLETE"": 1, ""external_event:PROCESS_COMPLETE"": 76, ""worker_phase_handoff"": 12}","{""external_event:DIS_COMPLETE"": 14, ""external_event:DIS_COMPLETE+PROCESS_COMPLETE"": 2, ""external_event:INS_COMPLETE"": 20, ""external_event:ORDER_RELEASE"": 65, ""external_event:ORDER_RELEASE+PROCESS_COMPLETE"": 4, ""external_event:PROCESS_COMPLETE"": 268, ""no_state_progress"": 25, ""reconfiguration_duration_improved"": 2, ""worker_phase_handoff"": 26}",75,7,13,118,107,11,0.0,6,1.0,0,0.4673958333,0.4215833333,0.380952381,0.2380952381,0.563751215
test_reconfiguration_bottleneck_3000015,3000015,reconfiguration_bottleneck,balanced_cost,,False,True,False,True,unrecoverable_deadlock,150,240.0,7,10,0.0,0.6088235294117648,0.0,-0.39117647058823524,,4684.700000000001,355.75176837611997,46.0188888888889,"{'flow': 1.0, 'cost': 0.0, 'variance': 0.0}",d17fb47064bdfcb2,1.0,1.0,0.0,0.0,26,15,11,0,52,0,15,0,11,0,26,4,3,1,6,0,26,0,0,0,22,3,1.1818181818181819,0.5726150609876596,0.4784825829164579,1.0,0.530295913574448,canonical_bounded_quality_v1,cd7a75eec571f2801dad1b7bcac15263d02db4a27e1a43d5c6febd3e057f88de,greedy,greedy_diagnostic,fc402be55b7c2633682648d94808b3b5833eab92b78bb9bf1326cec3ff078767,,0,,,,10.80157979699705,227.0222313000122,72.01053197998033,True,204.5,1354.8,1582.8788009685,8.6455555556,245.78535577206972,17.359413202933986,-77.52501529754207,432.28376815045755,0.4614437791,0.2581332187666667,0.75,0,0.0,0,0,3,2377,237.70000000000002,2005,200.5,372,37.2,-367,124,62,0.5,4,0.03225806451612903,116,126,0.9206349206349206,20,24,0.8333333333333334,0,23,0,0,"{""external_event:DIS_COMPLETE"": 6, ""external_event:INS_COMPLETE"": 6, ""external_event:ORDER_RELEASE"": 17, ""external_event:PROCESS_COMPLETE"": 46, ""reconfiguration_duration_improved"": 1, ""worker_phase_handoff"": 12}","{""external_event:DIS_COMPLETE"": 14, ""external_event:INS_COMPLETE"": 18, ""external_event:ORDER_RELEASE"": 53, ""external_event:PROCESS_COMPLETE"": 148, ""no_state_progress"": 29, ""reconfiguration_duration_improved"": 12, ""worker_phase_handoff"": 26}",42,7,13,88,77,11,0.0,6,1.0,0,0.3961458333,0.2135,0.5714285714,0.3116883117,0.6608854102
test_balanced_3000016,3000016,balanced,balanced_cost,,False,True,False,True,horizon,128,240.0,11,6,0.0,0.7892156862745099,0.0,-0.2107843137254901,,2909.6000000000004,17.85360775706,1.0888888888888892,"{'flow': 1.0, 'cost': 0.0, 'variance': 0.0}",d17fb47064bdfcb2,1.0,1.0,0.0,0.0,20,19,1,0,40,0,19,0,1,0,20,0,0,0,0,0,20,0,0,0,19,2,1.0526315789473684,0.3635252465016243,0.31212962045734716,1.0,0.38797368286836337,canonical_bounded_quality_v1,cd7a75eec571f2801dad1b7bcac15263d02db4a27e1a43d5c6febd3e057f88de,greedy,greedy_diagnostic,e1e5b019cbeb4e54b215c46d42ecc20ea837c616b660bd522c301bc27d312b49,,0,,,,9.111154138790315,198.39837730000727,71.18089170929933,True,204.3,760.7,508.1779562204,4.6622222222,282.4898120152492,17.47430249632892,-96.4867410050906,-76.64442326013652,0.1169263067,0.09592915861666668,0.75,0,0.0,0,0,3,2400,240.0,2372,237.20000000000002,28,2.8000000000000003,-315,108,53,0.49074074074074076,4,0.037037037037037035,125,126,0.9920634920634921,1,2,0.5,0,0,0,0,"{""external_event:DIS_COMPLETE"": 1, ""external_event:ORDER_RELEASE"": 16, ""external_event:PROCESS_COMPLETE"": 53, ""worker_phase_handoff"": 1}","{""external_event:DIS_COMPLETE"": 2, ""external_event:ORDER_RELEASE"": 59, ""external_event:PROCESS_COMPLETE"": 188, ""no_state_progress"": 4, ""worker_phase_handoff"": 2}",55,1,1,71,70,1,0.0,0,,0,0.335625,0.1955833333,0.1692307692,0.2,0.3542397848
test_balanced_3000017,3000017,balanced,balanced_cost,,False,True,False,True,unrecoverable_deadlock,122,240.0,13,2,0.0,0.9,0.0,-0.09999999999999998,,1356.6999999999998,48.260032518820005,2.6888888888888887,"{'flow': 1.0, 'cost': 0.0, 'variance': 0.0}",d17fb47064bdfcb2,1.0,1.0,0.0,0.0,35,33,2,0,70,0,33,0,2,0,35,2,1,0,3,0,35,0,0,0,28,3,1.25,0.2893406177392853,0.25964866482534765,1.0,0.33654005639409523,canonical_bounded_quality_v1,cd7a75eec571f2801dad1b7bcac15263d02db4a27e1a43d5c6febd3e057f88de,greedy,greedy_diagnostic,3685f547e0b3e375c52306cb6e3475f4f194ad1356179c09edb94f838b307ff8,,0,,,,8.689415175054457,189.00695409998298,71.2247145496267,True,185.5,608.7,369.2889263652,2.7622222222,122.88483653688182,29.380053908355794,-86.93163291035313,-2.6548672558540343,0.1397993035,0.10260782010000001,0.75,0,0.0,0,0,3,2392,239.20000000000002,2340,234.0,52,5.2,-326,87,49,0.5632183908045977,5,0.05747126436781609,108,117,0.9230769230769231,4,5,0.8,0,3,0,0,"{""external_event:DIS_COMPLETE"": 1, ""external_event:INS_COMPLETE"": 1, ""external_event:ORDER_RELEASE"": 14, ""external_event:ORDER_RELEASE+PROCESS_COMPLETE"": 1, ""external_event:PROCESS_COMPLETE"": 48, ""worker_phase_handoff"": 3}","{""external_event:DIS_COMPLETE"": 4, ""external_event:INS_COMPLETE"": 2, ""external_event:ORDER_RELEASE"": 41, ""external_event:ORDER_RELEASE+PROCESS_COMPLETE"": 2, ""external_event:PROCESS_COMPLETE"": 164, ""no_state_progress"": 21, ""reconfiguration_duration_improved"": 4, ""worker_phase_handoff"": 6}",49,2,3,68,66,2,0.0,1,1.0,0,0.2764583333,0.1685,0.1636363636,0.1636363636,0.252772409
test_balanced_3000018,3000018,balanced,balanced_cost,,False,True,False,True,unrecoverable_deadlock,139,240.0,10,8,0.0,0.637962962962963,0.0,-0.36203703703703705,,3946.0,139.46921112753,11.252222222222223,"{'flow': 1.0, 'cost': 0.0, 'variance': 0.0}",d17fb47064bdfcb2,1.0,1.0,0.0,0.0,20,14,6,0,40,0,14,0,6,0,20,2,2,0,4,0,20,0,0,0,16,2,1.25,0.45686472395347927,0.32794755729034164,1.0,0.4149765990639626,canonical_bounded_quality_v1,cd7a75eec571f2801dad1b7bcac15263d02db4a27e1a43d5c6febd3e057f88de,greedy,greedy_diagnostic,45ef6fea76e718b9c34f491eb3cb378fa7e98b2df1e7703ddf847695c039594b,,0,,,,9.943645683499573,214.58166210004129,71.53701930575232,True,204.5,851.2,628.0777704873,1.21,363.58082706766913,17.359413202933986,-77.79427681076477,829.9357208448117,0.17925153880000003,0.11924917623333332,0.75,0,0.0,0,0,3,2388,238.8,2223,222.3,165,16.5,-406,119,57,0.4789915966386555,4,0.03361344537815126,117,126,0.9285714285714286,10,13,0.7692307692307693,0,17,0,0,"{""external_event:DIS_COMPLETE"": 3, ""external_event:INS_COMPLETE"": 3, ""external_event:ORDER_RELEASE"": 17, ""external_event:ORDER_RELEASE+PROCESS_COMPLETE"": 1, ""external_event:PROCESS_COMPLETE"": 48, ""worker_phase_handoff"": 7}","{""external_event:DIS_COMPLETE"": 8, ""external_event:INS_COMPLETE"": 8, ""external_event:ORDER_RELEASE"": 51, ""external_event:ORDER_RELEASE+PROCESS_COMPLETE"": 2, ""external_event:PROCESS_COMPLETE"": 164, ""no_state_progress"": 25, ""reconfiguration_duration_improved"": 6, ""worker_phase_handoff"": 14}",49,4,7,79,73,6,0.0,3,1.0,0,0.371875,0.2068333333,0.2133333333,0.1866666667,0.3464692564
test_balanced_3000019,3000019,balanced,balanced_cost,,False,True,False,True,unrecoverable_deadlock,139,240.0,10,5,0.0,0.8622222222222221,0.0,-0.1377777777777779,,2975.0,66.61351198874,4.053333333333334,"{'flow': 1.0, 'cost': 0.0, 'variance': 0.0}",d17fb47064bdfcb2,1.0,1.0,0.0,0.0,8,5,3,0,16,0,5,0,3,0,8,1,0,0,1,0,8,0,0,0,8,1,1.0,0.3900209423580936,0.29380085799581857,1.0,0.3792033109156751,canonical_bounded_quality_v1,cd7a75eec571f2801dad1b7bcac15263d02db4a27e1a43d5c6febd3e057f88de,greedy,greedy_diagnostic,7fb839d2e810b503ac257059a9ecf0f067a617f398ea39e88733f7114fe5c833,,0,,,,9.943645683499573,214.59112530003767,71.53701930575232,True,213.0,733.0,490.9765337754,1.39,305.86630286493863,12.67605633802817,-86.43244485097678,191.6067146282974,0.14,0.11649410436666667,0.75,0,0.0,0,0,3,2392,239.20000000000002,2336,233.60000000000002,56,5.6000000000000005,-239,131,51,0.3893129770992366,11,0.08396946564885496,129,132,0.9772727272727273,5,7,0.7142857142857143,0,8,0,0,"{""external_event:DIS_COMPLETE"": 2, ""external_event:INS_COMPLETE"": 1, ""external_event:ORDER_RELEASE"": 15, ""external_event:PROCESS_COMPLETE"": 55, ""worker_phase_handoff"": 4}","{""external_event:DIS_COMPLETE"": 4, ""external_event:INS_COMPLETE"": 2, ""external_event:ORDER_RELEASE"": 57, ""external_event:PROCESS_COMPLETE"": 192, ""no_state_progress"": 11, ""reconfiguration_duration_improved"": 4, ""worker_phase_handoff"": 8}",56,2,4,77,74,3,0.0,1,1.0,0,0.3199479167,0.1694444444,0.2222222222,0.1904761905,0.2420470815
