update_id,episode_start,episode_end,episode_count,transition_count,environment_step_count,forced_action_count,forced_action_ratio,learning_rate,policy_loss,value_loss,entropy,loss,approx_kl,clip_fraction,ratio_mean,gradient_norm,gradient_clipped_fraction,gradient_norm_max,return_mean,return_std,advantage_mean,advantage_std,value_prediction_mean,value_prediction_std,pre_update_explained_variance,policy_head_weight_production_flow_processing_time_norm,policy_head_weight_production_flow_reconfiguration_time_norm,policy_head_weight_production_flow_predicted_finish_time_norm,policy_head_weight_production_flow_horizon_slack_norm,policy_head_weight_sum_production_flow,policy_head_weight_entropy_production_flow,policy_head_effective_feature_count_production_flow,policy_head_weight_production_cost_fixed_reconfiguration_cost_norm,policy_head_weight_production_cost_estimated_labor_cost_norm,policy_head_weight_production_cost_estimated_downtime_cost_norm,policy_head_weight_sum_production_cost,policy_head_weight_entropy_production_cost,policy_head_effective_feature_count_production_cost,policy_head_weight_production_variance_estimated_worker_load_variance_delta_norm,policy_head_weight_sum_production_variance,policy_head_weight_entropy_production_variance,policy_head_effective_feature_count_production_variance,policy_head_weight_worker_flow_stage_duration_norm,policy_head_weight_sum_worker_flow,policy_head_weight_entropy_worker_flow,policy_head_effective_feature_count_worker_flow,policy_head_weight_worker_cost_fixed_cost_norm,policy_head_weight_worker_cost_incremental_labor_cost_norm,policy_head_weight_worker_cost_incremental_downtime_cost_norm,policy_head_weight_sum_worker_cost,policy_head_weight_entropy_worker_cost,policy_head_effective_feature_count_worker_cost,policy_head_weight_worker_variance_incremental_load_variance_norm,policy_head_weight_sum_worker_variance,policy_head_weight_entropy_worker_variance,policy_head_effective_feature_count_worker_variance,policy_head_weight_production_wait_flow_estimated_flow_objective_delta_if_wait,policy_head_weight_sum_production_wait_flow,policy_head_weight_entropy_production_wait_flow,policy_head_effective_feature_count_production_wait_flow,policy_head_weight_production_wait_cost_estimated_cost_objective_delta_if_wait,policy_head_weight_sum_production_wait_cost,policy_head_weight_entropy_production_wait_cost,policy_head_effective_feature_count_production_wait_cost,policy_head_weight_production_wait_variance_estimated_load_variance_delta_if_wait,policy_head_weight_sum_production_wait_variance,policy_head_weight_entropy_production_wait_variance,policy_head_effective_feature_count_production_wait_variance,policy_head_weight_worker_wait_flow_estimated_flow_objective_delta_if_wait,policy_head_weight_sum_worker_wait_flow,policy_head_weight_entropy_worker_wait_flow,policy_head_effective_feature_count_worker_wait_flow,policy_head_weight_worker_wait_cost_estimated_cost_objective_delta_if_wait,policy_head_weight_sum_worker_wait_cost,policy_head_weight_entropy_worker_wait_cost,policy_head_effective_feature_count_worker_wait_cost,policy_head_weight_worker_wait_variance_estimated_load_variance_delta_if_wait,policy_head_weight_sum_worker_wait_variance,policy_head_weight_entropy_worker_wait_variance,policy_head_effective_feature_count_worker_wait_variance,policy_head_gate_production_residual,policy_head_gate_worker_residual
1,0,19,20,5410,5410,0,0.0,0.0001,-0.00031756596530185024,0.0028486990094225965,0.6866224329261219,-0.00575944059939288,0.00022762781113937414,0.0,0.9998673943912282,0.13831559106269303,0.011764705882352941,0.6161460876464844,-0.03344125673174858,0.07732337713241577,0.04099379479885101,0.06929479539394379,-0.0744350478053093,0.04969931021332741,0.1968814730644226,0.2496272623538971,0.2499416470527649,0.24985632300376892,0.2505747675895691,1.0,1.3862933748004527,3.999996054724194,0.3333333432674408,0.3333333432674408,0.3333333432674408,1.0000000298023224,1.0986122916069845,3.0000000088166243,1.0,1.0,-0.0,1.0,1.0,1.0,-0.0,1.0,0.3333333432674408,0.3333333432674408,0.3333333432674408,1.0000000298023224,1.0986122916069845,3.0000000088166243,1.0,1.0,-0.0,1.0,1.0,1.0,-0.0,1.0,1.0,1.0,-0.0,1.0,1.0,1.0,-0.0,1.0,1.0,1.0,-0.0,1.0,1.0,1.0,-0.0,1.0,1.0,1.0,-0.0,1.0,0.5016338229179382,0.5003008842468262
2,20,39,20,6114,6114,0,0.0,0.0001,-0.002598245002445765,0.0010761055314863672,0.6416301750577986,-0.008476494082666855,0.0016668538276765805,0.0229300704668276,0.9995207590982318,0.18431740397742638,0.010416666666666666,0.711345911026001,-0.000583851127885282,0.0724114328622818,0.03987669199705124,0.0395796000957489,-0.04046054184436798,0.05833154916763306,0.7012357711791992,0.24944941699504852,0.2502029240131378,0.24992641806602478,0.2504212558269501,1.0000000149011612,1.386293312269798,3.99999580460183,0.3333333432674408,0.3333333432674408,0.3333333432674408,1.0000000298023224,1.0986122916069845,3.0000000088166243,1.0,1.0,-0.0,1.0,1.0,1.0,-0.0,1.0,0.3333333432674408,0.3333333432674408,0.3333333432674408,1.0000000298023224,1.0986122916069845,3.0000000088166243,1.0,1.0,-0.0,1.0,1.0,1.0,-0.0,1.0,1.0,1.0,-0.0,1.0,1.0,1.0,-0.0,1.0,1.0,1.0,-0.0,1.0,1.0,1.0,-0.0,1.0,1.0,1.0,-0.0,1.0,0.5021318793296814,0.5006670951843262
3,40,59,20,5775,5775,0,0.0,0.0001,-0.003941328065203769,0.000998594138434203,0.6031810741175662,-0.009473841304757766,0.0033131156931151535,0.048958333352437385,1.0014985328192239,0.230649020625176,0.038461538461538464,1.1913533210754395,0.048414889723062515,0.09192449599504471,0.037990324199199677,0.04304242506623268,0.010424569249153137,0.07081038504838943,0.7807543277740479,0.24931831657886505,0.25035467743873596,0.2498810589313507,0.25044599175453186,1.0000000447034836,1.3862927708054822,3.9999936387474246,0.3333333432674408,0.3333333432674408,0.3333333432674408,1.0000000298023224,1.0986122916069845,3.0000000088166243,1.0,1.0,-0.0,1.0,1.0,1.0,-0.0,1.0,0.3333333432674408,0.3333333432674408,0.3333333432674408,1.0000000298023224,1.0986122916069845,3.0000000088166243,1.0,1.0,-0.0,1.0,1.0,1.0,-0.0,1.0,1.0,1.0,-0.0,1.0,1.0,1.0,-0.0,1.0,1.0,1.0,-0.0,1.0,1.0,1.0,-0.0,1.0,1.0,1.0,-0.0,1.0,0.5031560659408569,0.5006087422370911
4,60,79,20,5410,5410,0,0.0,0.0001,-0.005123356642091976,0.0004210837882162784,0.6036532771937987,-0.010949347466778229,0.0037159889347522573,0.06060769897611702,1.0010364280027502,0.24878698355134796,0.011764705882352941,0.5881138443946838,0.10113929957151413,0.08138164132833481,0.042607128620147705,0.026175962761044502,0.058532170951366425,0.07379040867090225,0.8965447545051575,0.2492108941078186,0.25043192505836487,0.24982647597789764,0.2505306899547577,0.9999999850988388,1.3862921126706045,3.9999910062129667,0.3333333432674408,0.3333333432674408,0.3333333432674408,1.0000000298023224,1.0986122916069845,3.0000000088166243,1.0,1.0,-0.0,1.0,1.0,1.0,-0.0,1.0,0.3333333432674408,0.3333333432674408,0.3333333432674408,1.0000000298023224,1.0986122916069845,3.0000000088166243,1.0,1.0,-0.0,1.0,1.0,1.0,-0.0,1.0,1.0,1.0,-0.0,1.0,1.0,1.0,-0.0,1.0,1.0,1.0,-0.0,1.0,1.0,1.0,-0.0,1.0,1.0,1.0,-0.0,1.0,0.5040358304977417,0.5007669925689697
5,80,99,20,4936,4936,0,0.0,0.0001,-0.004117759696852703,0.0003119312307554094,0.5812726771602263,-0.009774520823087256,0.002427931042173161,0.036758814102564104,0.9999831238618264,0.26165871885724556,0.05128205128205128,2.29940128326416,0.15442033112049103,0.09279637783765793,0.04253416508436203,0.028040999546647072,0.111886166036129,0.08058395981788635,0.9086886048316956,0.2491530030965805,0.25047606229782104,0.24995607137680054,0.2504149079322815,1.0000000447034836,1.3862921410082343,3.9999911195632323,0.3333333432674408,0.3333333432674408,0.3333333432674408,1.0000000298023224,1.0986122916069845,3.0000000088166243,1.0,1.0,-0.0,1.0,1.0,1.0,-0.0,1.0,0.3333333432674408,0.3333333432674408,0.3333333432674408,1.0000000298023224,1.0986122916069845,3.0000000088166243,1.0,1.0,-0.0,1.0,1.0,1.0,-0.0,1.0,1.0,1.0,-0.0,1.0,1.0,1.0,-0.0,1.0,1.0,1.0,-0.0,1.0,1.0,1.0,-0.0,1.0,1.0,1.0,-0.0,1.0,0.5046903491020203,0.5008158683776855
6,100,119,20,5251,5251,0,0.0,0.0001,-0.00744421788524971,0.00033798866105968616,0.5813601580728968,-0.013088824596334562,0.002771391337916272,0.03755647590361446,1.0004121571420186,0.2612716261162815,0.03614457831325301,0.7374890446662903,0.1713518351316452,0.11244361102581024,0.03811124712228775,0.030477868393063545,0.13324059545993805,0.10209744423627853,0.9265317916870117,0.24904780089855194,0.2504202127456665,0.24995076656341553,0.25058120489120483,0.9999999850988388,1.386291506807464,3.9999885827665875,0.3333333432674408,0.3333333432674408,0.3333333432674408,1.0000000298023224,1.0986122916069845,3.0000000088166243,1.0,1.0,-0.0,1.0,1.0,1.0,-0.0,1.0,0.3333333432674408,0.3333333432674408,0.3333333432674408,1.0000000298023224,1.0986122916069845,3.0000000088166243,1.0,1.0,-0.0,1.0,1.0,1.0,-0.0,1.0,1.0,1.0,-0.0,1.0,1.0,1.0,-0.0,1.0,1.0,1.0,-0.0,1.0,1.0,1.0,-0.0,1.0,1.0,1.0,-0.0,1.0,0.505397379398346,0.5006831288337708
7,120,139,20,5177,5177,0,0.0,0.0001,-0.0006906285560057487,0.000411547234021041,0.5486743326908277,-0.005971597743301112,0.0015875404451996733,0.019758839620116316,1.0000784404483842,0.25460637390705537,0.037037037037037035,0.8542875647544861,0.21881210803985596,0.11900001019239426,0.03231111168861389,0.03323189541697502,0.18650101125240326,0.10715407133102417,0.922014057636261,0.24884040653705597,0.25020843744277954,0.24988770484924316,0.2510634958744049,1.0000000447034836,1.386289313968351,3.999979811444789,0.3333333432674408,0.3333333432674408,0.3333333432674408,1.0000000298023224,1.0986122916069845,3.0000000088166243,1.0,1.0,-0.0,1.0,1.0,1.0,-0.0,1.0,0.3333333432674408,0.3333333432674408,0.3333333432674408,1.0000000298023224,1.0986122916069845,3.0000000088166243,1.0,1.0,-0.0,1.0,1.0,1.0,-0.0,1.0,1.0,1.0,-0.0,1.0,1.0,1.0,-0.0,1.0,1.0,1.0,-0.0,1.0,1.0,1.0,-0.0,1.0,1.0,1.0,-0.0,1.0,0.5060530304908752,0.5007315278053284
8,140,159,20,4992,4992,0,0.0,0.0001,-0.0004421514936555655,0.0002921847226389218,0.48950622097039836,-0.005191121072783016,0.0012017466689054018,0.013221153846153846,0.9992054120088235,0.2682937368368491,0.0641025641025641,0.7750704288482666,0.24485380947589874,0.13509348034858704,0.028158053755760193,0.029609281569719315,0.21669577062129974,0.12609794735908508,0.9519617557525635,0.24868102371692657,0.25015056133270264,0.24971593916416168,0.2514524459838867,0.9999999701976776,1.3862864462533153,3.9999683406589885,0.3333333432674408,0.3333333432674408,0.3333333432674408,1.0000000298023224,1.0986122916069845,3.0000000088166243,1.0,1.0,-0.0,1.0,1.0,1.0,-0.0,1.0,0.3333333432674408,0.3333333432674408,0.3333333432674408,1.0000000298023224,1.0986122916069845,3.0000000088166243,1.0,1.0,-0.0,1.0,1.0,1.0,-0.0,1.0,1.0,1.0,-0.0,1.0,1.0,1.0,-0.0,1.0,1.0,1.0,-0.0,1.0,1.0,1.0,-0.0,1.0,1.0,1.0,-0.0,1.0,0.5068303346633911,0.5006498098373413
9,160,179,20,5568,5568,0,0.0,0.0001,-0.0010215851381934922,0.0006927704280001465,0.45700037376634006,-0.005245203773180644,0.002259177835551144,0.024964080459770114,0.9993676371958063,0.24862159805736322,0.022988505747126436,1.2100467681884766,0.24864500761032104,0.1320447027683258,0.019739564508199692,0.037324853241443634,0.22890546917915344,0.11445531994104385,0.920098602771759,0.2485554963350296,0.2500498294830322,0.24980586767196655,0.25158876180648804,0.9999999552965164,1.3862850445808907,3.9999627340175956,0.3333333432674408,0.3333333432674408,0.3333333432674408,1.0000000298023224,1.0986122916069845,3.0000000088166243,1.0,1.0,-0.0,1.0,1.0,1.0,-0.0,1.0,0.3333333432674408,0.3333333432674408,0.3333333432674408,1.0000000298023224,1.0986122916069845,3.0000000088166243,1.0,1.0,-0.0,1.0,1.0,1.0,-0.0,1.0,1.0,1.0,-0.0,1.0,1.0,1.0,-0.0,1.0,1.0,1.0,-0.0,1.0,1.0,1.0,-0.0,1.0,1.0,1.0,-0.0,1.0,0.507622241973877,0.501004695892334
10,180,199,20,4428,4428,0,0.0,0.0001,-0.0021562560927122832,0.00026370685799130506,0.5081549942493438,-0.007105952343304775,0.001788367547227868,0.020870535714285713,0.9997294911316463,0.24898081892835242,0.04285714285714286,1.7644445896148682,0.3164181709289551,0.1572117805480957,0.017448749393224716,0.025316165760159492,0.29896944761276245,0.15028518438339233,0.9740686416625977,0.2484239786863327,0.24989068508148193,0.24991603195667267,0.2517693042755127,1.0,1.386283098798338,3.9999549509674686,0.3333333432674408,0.3333333432674408,0.3333333432674408,1.0000000298023224,1.0986122916069845,3.0000000088166243,1.0,1.0,-0.0,1.0,1.0,1.0,-0.0,1.0,0.3333333432674408,0.3333333432674408,0.3333333432674408,1.0000000298023224,1.0986122916069845,3.0000000088166243,1.0,1.0,-0.0,1.0,1.0,1.0,-0.0,1.0,1.0,1.0,-0.0,1.0,1.0,1.0,-0.0,1.0,1.0,1.0,-0.0,1.0,1.0,1.0,-0.0,1.0,1.0,1.0,-0.0,1.0,0.5080488324165344,0.5011312961578369
11,200,219,20,4538,4538,0,0.0,0.0001,0.000805032721550112,0.0009230378639931843,0.507701393794006,-0.003810462381192286,0.0012320947371592128,0.013458444618842972,0.9999676497889237,0.25836746630744195,0.09154929577464789,1.5032039880752563,0.32992663979530334,0.164931058883667,0.010563862510025501,0.036497630178928375,0.3193627893924713,0.1522572785615921,0.9510306119918823,0.2484312355518341,0.249917134642601,0.24993212521076202,0.25171950459480286,1.0,1.3862835059175858,3.9999565794264504,0.3333333432674408,0.3333333432674408,0.3333333432674408,1.0000000298023224,1.0986122916069845,3.0000000088166243,1.0,1.0,-0.0,1.0,1.0,1.0,-0.0,1.0,0.3333333432674408,0.3333333432674408,0.3333333432674408,1.0000000298023224,1.0986122916069845,3.0000000088166243,1.0,1.0,-0.0,1.0,1.0,1.0,-0.0,1.0,1.0,1.0,-0.0,1.0,1.0,1.0,-0.0,1.0,1.0,1.0,-0.0,1.0,1.0,1.0,-0.0,1.0,1.0,1.0,-0.0,1.0,0.5081060528755188,0.5011113286018372
12,220,239,20,5267,5267,0,0.0,0.0001,-0.001806771382689476,0.0006338262428033042,0.485894394926278,-0.006348802104973829,0.0010649176308862775,0.014069435646735042,0.9995260730565313,0.24516382523958224,0.060240963855421686,1.5346287488937378,0.2962956130504608,0.16149453818798065,0.010062472894787788,0.03430728614330292,0.286233127117157,0.14889976382255554,0.954870879650116,0.24834413826465607,0.2499450147151947,0.24987301230430603,0.25183790922164917,1.000000074505806,1.3862821163673387,3.9999510212896587,0.3333333432674408,0.3333333432674408,0.3333333432674408,1.0000000298023224,1.0986122916069845,3.0000000088166243,1.0,1.0,-0.0,1.0,1.0,1.0,-0.0,1.0,0.3333333432674408,0.3333333432674408,0.3333333432674408,1.0000000298023224,1.0986122916069845,3.0000000088166243,1.0,1.0,-0.0,1.0,1.0,1.0,-0.0,1.0,1.0,1.0,-0.0,1.0,1.0,1.0,-0.0,1.0,1.0,1.0,-0.0,1.0,1.0,1.0,-0.0,1.0,1.0,1.0,-0.0,1.0,0.5086137056350708,0.5012068152427673
13,240,259,20,4969,4969,0,0.0,0.0001,-0.0012342950257544334,0.001382884129550523,0.47141227938043767,-0.005256975978577079,0.0009739295484719034,0.01153064414094656,0.9996525003359868,0.18620463508443955,0.04487179487179487,1.488270878791809,0.3246394097805023,0.16861273348331451,0.008963107131421566,0.04668860137462616,0.3156762719154358,0.14882798492908478,0.9233272671699524,0.24830569326877594,0.24992674589157104,0.24994510412216187,0.25182241201400757,0.9999999552965164,1.3862819464358922,3.9999503415722537,0.3333333432674408,0.3333333432674408,0.3333333432674408,1.0000000298023224,1.0986122916069845,3.0000000088166243,1.0,1.0,-0.0,1.0,1.0,1.0,-0.0,1.0,0.3333333432674408,0.3333333432674408,0.3333333432674408,1.0000000298023224,1.0986122916069845,3.0000000088166243,1.0,1.0,-0.0,1.0,1.0,1.0,-0.0,1.0,1.0,1.0,-0.0,1.0,1.0,1.0,-0.0,1.0,1.0,1.0,-0.0,1.0,1.0,1.0,-0.0,1.0,1.0,1.0,-0.0,1.0,0.5090712308883667,0.5014294981956482
14,260,279,20,5077,5077,0,0.0,0.0001,8.51525750476867e-05,0.00035326959696249107,0.45988271962851285,-0.004337039597157854,0.0013494888871719013,0.013671875,1.00035403072834,0.22739430372603237,0.0375,0.6264292597770691,0.3300073742866516,0.17655999958515167,0.008329934440553188,0.028478579595685005,0.32167744636535645,0.17255404591560364,0.9739832878112793,0.24816904962062836,0.24973885715007782,0.25001978874206543,0.2520723044872284,1.0,1.386278937453222,3.9999383058091023,0.3333333432674408,0.3333333432674408,0.3333333432674408,1.0000000298023224,1.0986122916069845,3.0000000088166243,1.0,1.0,-0.0,1.0,1.0,1.0,-0.0,1.0,0.3333333432674408,0.3333333432674408,0.3333333432674408,1.0000000298023224,1.0986122916069845,3.0000000088166243,1.0,1.0,-0.0,1.0,1.0,1.0,-0.0,1.0,1.0,1.0,-0.0,1.0,1.0,1.0,-0.0,1.0,1.0,1.0,-0.0,1.0,1.0,1.0,-0.0,1.0,1.0,1.0,-0.0,1.0,0.5093777775764465,0.5015429854393005
15,280,299,20,5235,5235,0,0.0,0.0001,0.00022208385124075704,0.0001602512724408681,0.49750755109438083,-0.004672866280576805,0.0011676567045491894,0.012791053925799887,0.999281933394874,0.20872728569751106,0.024390243902439025,0.7467775344848633,0.3481094241142273,0.1549960821866989,0.00867991242557764,0.022664235904812813,0.3394295275211334,0.15111124515533447,0.9786183834075928,0.24801620841026306,0.2496771663427353,0.24997271597385406,0.25233393907546997,1.0000000298023224,1.386275410052896,3.9999241964503027,0.3333333432674408,0.3333333432674408,0.3333333432674408,1.0000000298023224,1.0986122916069845,3.0000000088166243,1.0,1.0,-0.0,1.0,1.0,1.0,-0.0,1.0,0.3333333432674408,0.3333333432674408,0.3333333432674408,1.0000000298023224,1.0986122916069845,3.0000000088166243,1.0,1.0,-0.0,1.0,1.0,1.0,-0.0,1.0,1.0,1.0,-0.0,1.0,1.0,1.0,-0.0,1.0,1.0,1.0,-0.0,1.0,1.0,1.0,-0.0,1.0,1.0,1.0,-0.0,1.0,0.5096406936645508,0.5017757415771484
16,300,319,20,5412,5412,0,0.0,0.0001,-0.0010821375550756998,0.0005687911135764273,0.48661000658484066,-0.005663841968292699,0.0013390075648203493,0.016156045752851404,1.0010275714537678,0.1782693891402553,0.041176470588235294,1.0185246467590332,0.3420209288597107,0.16357415914535522,0.003470941446721554,0.03072967194020748,0.33855000138282776,0.1560060679912567,0.9647071957588196,0.2479865998029709,0.24976666271686554,0.24986481666564941,0.2523818910121918,0.9999999701976776,1.3862747637670383,3.999921611356698,0.3333333432674408,0.3333333432674408,0.3333333432674408,1.0000000298023224,1.0986122916069845,3.0000000088166243,1.0,1.0,-0.0,1.0,1.0,1.0,-0.0,1.0,0.3333333432674408,0.3333333432674408,0.3333333432674408,1.0000000298023224,1.0986122916069845,3.0000000088166243,1.0,1.0,-0.0,1.0,1.0,1.0,-0.0,1.0,1.0,1.0,-0.0,1.0,1.0,1.0,-0.0,1.0,1.0,1.0,-0.0,1.0,1.0,1.0,-0.0,1.0,1.0,1.0,-0.0,1.0,0.5099315047264099,0.5016503930091858
17,320,339,20,5044,5044,0,0.0,0.0001,0.00038798915552376193,0.0003382541641097109,0.4881636547514155,-0.004324520556433008,0.0016508964748752505,0.013867758037640324,0.9994662294659433,0.17428645354848873,0.012658227848101266,0.6715077757835388,0.3464164137840271,0.18138180673122406,0.0012597710592672229,0.024177148938179016,0.34515663981437683,0.17936791479587555,0.9822326302528381,0.24788708984851837,0.24965018033981323,0.24985557794570923,0.2526071071624756,0.9999999552965164,1.3862715562204961,3.999908781442541,0.3333333432674408,0.3333333432674408,0.3333333432674408,1.0000000298023224,1.0986122916069845,3.0000000088166243,1.0,1.0,-0.0,1.0,1.0,1.0,-0.0,1.0,0.3333333432674408,0.3333333432674408,0.3333333432674408,1.0000000298023224,1.0986122916069845,3.0000000088166243,1.0,1.0,-0.0,1.0,1.0,1.0,-0.0,1.0,1.0,1.0,-0.0,1.0,1.0,1.0,-0.0,1.0,1.0,1.0,-0.0,1.0,1.0,1.0,-0.0,1.0,1.0,1.0,-0.0,1.0,0.51006680727005,0.5021389126777649
18,340,359,20,5442,5442,0,0.0,0.0001,-0.002750955424596404,0.00015654004384360145,0.4910493707934091,-0.00758317885730892,0.002220813317635898,0.023346656976744186,1.00045003135537,0.2138934385594587,0.029069767441860465,1.5062134265899658,0.3504153788089752,0.15945662558078766,0.0016000154428184032,0.01623998023569584,0.348815381526947,0.16413462162017822,0.9896274209022522,0.24794961512088776,0.24978148937225342,0.24989260733127594,0.25237634778022766,1.0000000596046448,1.3862745758740447,3.999920859799523,0.3333333432674408,0.3333333432674408,0.3333333432674408,1.0000000298023224,1.0986122916069845,3.0000000088166243,1.0,1.0,-0.0,1.0,1.0,1.0,-0.0,1.0,0.3333333432674408,0.3333333432674408,0.3333333432674408,1.0000000298023224,1.0986122916069845,3.0000000088166243,1.0,1.0,-0.0,1.0,1.0,1.0,-0.0,1.0,1.0,1.0,-0.0,1.0,1.0,1.0,-0.0,1.0,1.0,1.0,-0.0,1.0,1.0,1.0,-0.0,1.0,1.0,1.0,-0.0,1.0,0.5100868344306946,0.502758264541626
19,360,379,20,5848,5848,0,0.0,0.0001,-0.0015246798739890041,0.0005078868933433905,0.5158665036053761,-0.006429401201034046,0.002118932504621942,0.023663949282111033,1.0004632113420444,0.20409742135392583,0.07065217391304347,2.7272965908050537,0.3577733337879181,0.15701788663864136,-0.0011994013329967856,0.024588704109191895,0.3589727282524109,0.1545131653547287,0.9754770398139954,0.24805650115013123,0.24989445507526398,0.2499762326478958,0.252072811126709,1.0,1.386278194238822,3.999935332998459,0.3333333432674408,0.3333333432674408,0.3333333432674408,1.0000000298023224,1.0986122916069845,3.0000000088166243,1.0,1.0,-0.0,1.0,1.0,1.0,-0.0,1.0,0.3333333432674408,0.3333333432674408,0.3333333432674408,1.0000000298023224,1.0986122916069845,3.0000000088166243,1.0,1.0,-0.0,1.0,1.0,1.0,-0.0,1.0,1.0,1.0,-0.0,1.0,1.0,1.0,-0.0,1.0,1.0,1.0,-0.0,1.0,1.0,1.0,-0.0,1.0,1.0,1.0,-0.0,1.0,0.5100101232528687,0.5028424263000488
20,380,399,20,5124,5124,0,0.0,0.0001,0.00040402525552996884,0.00026218351444253196,0.5049320115351382,-0.004514202935460173,0.0024794451001295707,0.029513888888888888,0.9983428190519781,0.19609053950342867,0.037037037037037035,1.0483994483947754,0.3528549075126648,0.18241119384765625,-0.0045064957812428474,0.020273562520742416,0.357361376285553,0.18254783749580383,0.9876474142074585,0.24805179238319397,0.2498973309993744,0.2500014305114746,0.25204944610595703,1.0,1.3862783516122463,3.999935962482029,0.3333333432674408,0.3333333432674408,0.3333333432674408,1.0000000298023224,1.0986122916069845,3.0000000088166243,1.0,1.0,-0.0,1.0,1.0,1.0,-0.0,1.0,0.3333333432674408,0.3333333432674408,0.3333333432674408,1.0000000298023224,1.0986122916069845,3.0000000088166243,1.0,1.0,-0.0,1.0,1.0,1.0,-0.0,1.0,1.0,1.0,-0.0,1.0,1.0,1.0,-0.0,1.0,1.0,1.0,-0.0,1.0,1.0,1.0,-0.0,1.0,1.0,1.0,-0.0,1.0,0.5097036957740784,0.5026249289512634
21,400,419,20,5170,5170,0,0.0,0.0001,0.0002092654115439933,0.00010544235895249136,0.564842215658706,-0.005386435035846115,0.002073314373617141,0.024016203703703703,0.9993552595009039,0.24434951228308088,0.024691358024691357,0.6603211164474487,0.36118897795677185,0.16920998692512512,-0.001864400808699429,0.012054701335728168,0.3630533814430237,0.17272843420505524,0.9949247241020203,0.24805967509746552,0.25006309151649475,0.2498749941587448,0.2520022392272949,1.0,1.3862787760197204,3.999937660085107,0.3333333432674408,0.3333333432674408,0.3333333432674408,1.0000000298023224,1.0986122916069845,3.0000000088166243,1.0,1.0,-0.0,1.0,1.0,1.0,-0.0,1.0,0.3333333432674408,0.3333333432674408,0.3333333432674408,1.0000000298023224,1.0986122916069845,3.0000000088166243,1.0,1.0,-0.0,1.0,1.0,1.0,-0.0,1.0,1.0,1.0,-0.0,1.0,1.0,1.0,-0.0,1.0,1.0,1.0,-0.0,1.0,1.0,1.0,-0.0,1.0,1.0,1.0,-0.0,1.0,0.5094836354255676,0.5029498338699341
22,420,439,20,4904,4904,0,0.0,0.0001,0.00044519554630115433,9.352209476614975e-05,0.5391831850850737,-0.004899875061320407,0.0020720097417761753,0.02234172078405882,1.0000274444555308,0.24508070761894252,0.01948051948051948,0.5529695153236389,0.3773651123046875,0.16792666912078857,-0.0017760659102350473,0.010100342333316803,0.3791411817073822,0.16967184841632843,0.9963822960853577,0.24792127311229706,0.24993842840194702,0.24988305568695068,0.2522572875022888,1.0000000447034836,1.3862755170251888,3.999924624331388,0.3333333432674408,0.3333333432674408,0.3333333432674408,1.0000000298023224,1.0986122916069845,3.0000000088166243,1.0,1.0,-0.0,1.0,1.0,1.0,-0.0,1.0,0.3333333432674408,0.3333333432674408,0.3333333432674408,1.0000000298023224,1.0986122916069845,3.0000000088166243,1.0,1.0,-0.0,1.0,1.0,1.0,-0.0,1.0,1.0,1.0,-0.0,1.0,1.0,1.0,-0.0,1.0,1.0,1.0,-0.0,1.0,1.0,1.0,-0.0,1.0,1.0,1.0,-0.0,1.0,0.5099163055419922,0.5032569169998169
23,440,459,20,5310,5310,0,0.0,0.0001,-0.0011944257239081774,9.911758993494224e-05,0.5150043018252016,-0.006294910170429622,0.001671928511259247,0.019593494933053672,1.0011649480067104,0.23532659780368748,0.024096385542168676,0.5725700855255127,0.35995662212371826,0.15851594507694244,-0.0003740580868907273,0.011674851179122925,0.3603307008743286,0.16162489354610443,0.994575560092926,0.24784894287586212,0.24990832805633545,0.2501506209373474,0.2520921528339386,1.0000000447034836,1.386276305576653,3.9999277784790506,0.3333333432674408,0.3333333432674408,0.3333333432674408,1.0000000298023224,1.0986122916069845,3.0000000088166243,1.0,1.0,-0.0,1.0,1.0,1.0,-0.0,1.0,0.3333333432674408,0.3333333432674408,0.3333333432674408,1.0000000298023224,1.0986122916069845,3.0000000088166243,1.0,1.0,-0.0,1.0,1.0,1.0,-0.0,1.0,1.0,1.0,-0.0,1.0,1.0,1.0,-0.0,1.0,1.0,1.0,-0.0,1.0,1.0,1.0,-0.0,1.0,1.0,1.0,-0.0,1.0,0.5103597044944763,0.5031599402427673
24,460,479,20,5666,5666,0,0.0,0.0001,-0.0003893628979384313,0.0007996057352970689,0.51007304131315,-0.005090290115455563,0.0010006838979126278,0.010084476206828369,0.9996790507536256,0.1898061115127266,0.0898876404494382,1.6091560125350952,0.3459460437297821,0.16097155213356018,-0.0037223021499812603,0.03191428259015083,0.34966835379600525,0.1529589593410492,0.960692822933197,0.24776828289031982,0.24989406764507294,0.25019246339797974,0.2521451413631439,0.9999999552965164,1.3862750793910792,3.9999228738283197,0.3333333432674408,0.3333333432674408,0.3333333432674408,1.0000000298023224,1.0986122916069845,3.0000000088166243,1.0,1.0,-0.0,1.0,1.0,1.0,-0.0,1.0,0.3333333432674408,0.3333333432674408,0.3333333432674408,1.0000000298023224,1.0986122916069845,3.0000000088166243,1.0,1.0,-0.0,1.0,1.0,1.0,-0.0,1.0,1.0,1.0,-0.0,1.0,1.0,1.0,-0.0,1.0,1.0,1.0,-0.0,1.0,1.0,1.0,-0.0,1.0,1.0,1.0,-0.0,1.0,0.5107890963554382,0.5031813979148865
25,480,499,20,5465,5465,0,0.0,0.0001,-0.0011449245367805626,0.0005889535016247591,0.49020006698231366,-0.0057524483242115485,0.0012283215308047527,0.014949127901778665,1.0002232284046884,0.1805157592563435,0.05232558139534884,1.521625280380249,0.3449581265449524,0.16301359236240387,-0.0017020984087139368,0.02653050422668457,0.34666022658348083,0.15815262496471405,0.9735123515129089,0.24785956740379333,0.25007450580596924,0.25041624903678894,0.25164973735809326,1.0000000596046448,1.3862794062105472,3.999940180809923,0.3333333432674408,0.3333333432674408,0.3333333432674408,1.0000000298023224,1.0986122916069845,3.0000000088166243,1.0,1.0,-0.0,1.0,1.0,1.0,-0.0,1.0,0.3333333432674408,0.3333333432674408,0.3333333432674408,1.0000000298023224,1.0986122916069845,3.0000000088166243,1.0,1.0,-0.0,1.0,1.0,1.0,-0.0,1.0,1.0,1.0,-0.0,1.0,1.0,1.0,-0.0,1.0,1.0,1.0,-0.0,1.0,1.0,1.0,-0.0,1.0,1.0,1.0,-0.0,1.0,0.5111453533172607,0.5030698180198669
